{"songs": [{"title": "Temporary", "album": "Summer 19'", "year": "2019-10-09", "lyrics": "Sittin thinkin bout my position\nBout my condition\nBout my intentions\nBout my decisions oh\nI\u2019m bout the business\u2005but\u2005mind my business\nSo\u2005just because yo heart speak don\u2019t\u2005mean mine got to listen\nCount my commission\nAdd up the checks\nHope the pain go away when I add up the rest\nI can\u2019t love so your love I had to reject\nAnd that\u2019s something that you had to respect\n\nBaby I\u2019m just trynna keep yo heart in the clear\nAnd I don\u2019t wanna keep no parts unless I\u2019m there\nI know you wanna lowkey start somethin here\nBut only gettin love for what I got my biggest fear\n\nSo ima just\nKeep on makin my deposits\nHeart ain\u2019t on my sleeve it\u2019s hidin\nOnly call her when I'm trynna get inside it\nTold her only call me when she trynna ride it\n\n(1st Hook)\nWe could smoke, prolly chill\nGive you hope, make you feel\nBut this ain\u2019t love\nThis ain\u2019t me\n\nI been broken\nAin\u2019t been healed\nWe ain\u2019t spoken\nBut I\u2019ll still\nGive you love that\u2019s\nTemporary\n\n(Bridge)\nTemporary (temporary)\nTemporary (temporary)\nTemporary temporary\nTemporary (temporary)\nTemporary (temporary)\nTemporary\n\n(2nd Verse)\nAnd sometimes I get a colder shoulder\nAnd sometimes it get a lil colder\nKnow one time I told you \u201cgirl I like you\u201d\nThe next day I told you this was over\n\nI got her thinking how you switch so quick\nHow you dip so quick\nHow you gone flip yo script\nMan I get so sick of the same old same old excuses\nI know you got a brain my nigga why don\u2019t you use it\nI\u2019m giving you this love\nJust to watch you abuse it\nYou keep on fuckin up you gone fuck around and lose it\n\nAnd this ain\u2019t even fair\nYou act like you don\u2019t care\nYo body over here but yo mind been over there\n\nI was thinking bout the, new chapter in my life\nI was thinking bout the, bad bitches that I might\nKnow I lost somebody that prolly coulda been my wife\nIf she ever hit my phone again imma reply like, girl\n\n(2nd hook)\nCan we smoke\nCan we chill\nGive me hope\nMake me feel\nI\u2019ll give you love\nGive you me\n\nGirl, you been broken, ain\u2019t been healed\nWe ain\u2019t spoken, but I\u2019ll still\nGive you love yea\nGive you love yea", "image": "https://images.genius.com/62cbe9b1237b506e2a59afc052f8c835.500x500x1.jpg"}], "artist": "Aaron May"}