{"songs": [{"title": "Pumpy", "album": null, "year": "2018-10-14", "lyrics": "[Intro: Swarmz & Cadet]\nThis is the 9 side\nCADET\nBeatFreakz\n\n[Chorus: Swarmz]\nDon't make me grab the pumpy\nMake you jumpy\nTake it easy, gyal around me\nDem know ya\nDem know ya\nDon't make me grab the pumpy\nMake you jumpy\nTake it easy, gyal around me\nDem know ya\nDem know ya\nYou see my set-set, you done know\nMaking money now like we in the bando\nYou see my set-set, you done know\nMaking money now like we in the bando\nDon't make me grab the pumpy\nMake you jumpy\nTake it easy, gyal around me\nDem know ya\nDem know ya\n\n[Verse 1: Swarmz]\nSee I'm still up in the 9, Im fully active\nI tell her grab dis, I put her to matress\nMad ting sad ting\nI'm rolling with a bad ting\nAnd if you wanna roll put the action into practice\nShe said she want a man in designer\nI spent 20+ on my rider\nShe said she want a man in designer\nI told her call me up on my Lyca\n\n[Chorus: Swarmz]\nDon't make me grab the pumpy\nMake you jumpy\nTake it easy, gyal around me\nDem know ya\nDem know ya\nDon't make me grab the pumpy\nMake you jumpy\nTake it easy, gyal around me\nDem know ya\nDem know ya\nYou see my set-set, you done know\nMaking money now like we in the bando\nYou see my set-set, you done know\nMaking money now like we in the bando\nDon't make me grab the pumpy\nMake you jumpy\nTake it easy, gyal around me\nDem know ya\nDem know ya\n\n[Verse 2: Cadet]\nPulling out a pump, you'll get pumped up\nDumb fuck\nFist game strong, you'll get lumped up\nThumped up\nStickin' with the dargs, never unstuck\nBig back east African, bring the dump truck\nBebe\nWant your ball like she Pele\nNo new school guy\nWe been bad from where dey?\nHeavy\nBig chain sit on my belly\n7-sided with Konan and that's jefe\nUhh, big batty gyal let me touch that (Lemme touch that)\nI got asthma, let me pump dat\nDo you research, you see how it might be\nGet a big (bow-bow) tryna run up on me\n\n[Chorus: Swarmz]\nDon't make me grab the pumpy\nMake you jumpy\nTake it easy, gyal around me\nDem know ya\nDem know ya\nDon't make me grab the pumpy\nMake you jumpy\nTake it easy, gyal around me\nDem know ya\nDem know ya\n\n[Verse 3: AJ]\nYou don't want war, you don't want no smoke\nAll my niggas ride-ride when we wanna role\nAny violations, we can have it na?\nSo if you wanna talk shit, then we can have it all\nSlow down with a pumpy, jumpy\nAin't no easy being around me\nSlim fit, she cute, she a brownie\nAnd never will she down me\n\n[Verse 4: Deno]\nWhen I say-say you done know\nI can never joke\nMaking me go crazy\nSay-say you done know\nGot a pumpy, now they call me Bailey\nGetting money in my pockets daily\nGot the shh, can you rock it baby\nGot the sauce ah-na-na-na-na\nNow they all wanna call me wavey\n\n[Chorus: Swarmz]\nDon't make me grab the pumpy\nMake you jumpy\nTake it easy, gyal around me\nDem know ya\nDem know ya\nDon't make me grab the pumpy\nMake you jumpy\nTake it easy, gyal around me\nDem know ya\nDem know ya\nYou see my set-set, you done know\nMaking money now like we in the bando\nYou see my set-set, you done know\nMaking money now like we in the bando\nDon't make me grab the pumpy\nMake you jumpy\nTake it easy, gyal around me\nDem know ya\nDem know ya", "image": "https://images.genius.com/c977697a1594695b56a31f6a81de9aa6.599x592x1.png"}], "artist": "DABEATFREAKZ"}