{"songs": [{"title": "\u200bsriracha", "album": null, "year": "2019-04-19", "lyrics": "[Chorus]\nAnd them dollars made my spidey sense a-ring a-ring ring\nAnd that booty on that thottie\nMade me spring a-spring spring\nThen I took her to my pad\nMade her sing a-sing sing\nFirst she ask me for a fling\nNow she clingy cling cling\nAnd shes bossy\nBut she threw it\nBoy you hella saucy\nDid you stew it?\nWonder what it cost me, I threw some shoes in\nIce be on my body\nI'm never bruising\nAye\n\n[Verse 1]\nYeah, four flights, 1 month\nBitch, I\u2019m from the future\nCatch this baby going beast mode\nShe hit me with the nudie\nWhip an L class find me triple stepping on my scooter, you're stuck at half mast 'cause you know your mommie is my tutor\nI'm a top man why she tryna give me top, man?\nRubber band man\nCan he toss it, all the rain man\nRain dance, take another L with a goofy thot\nNo chance, love getting money\nCall it romance\n\n[Refrain]\nMan you sussy boys, are you hungry?\nI see you tryna bite my sound but it\u2019s sounding kinda funky\n\n[Chorus]\nAnd them dollars made my spidey sense a-ring a-ring ring\nAnd that booty on that thottie\nMade me spring a-spring spring\nThen I took her to my pad\nMade her sing a-sing sing\nFirst she ask me for a fling\nNow she clingy cling cling\nAnd shes bossy\nBut she threw it\nBoy you hella saucy\nDid you stew it?\nWonder what it cost me, I threw some shoes in\nIce be on my body\nI'm never bruising\nAye\n\n[Verse 2]\nAye, let me break it down\nI got a bad bitch tryna jump my bones\nAnd her booty round\nAye you see my whips on fleek\nYea pink flames, pink Fiat, baby is a treat\nYeah of course I'm eating all my salads cause they stuffed with greens\nYeah this baby's got the German coochie\nIt really made me scream\nSo I might just tour the world and grab the bag\nI'm really keen\nYeah I'm really on that goofy shit but ain't no Charlie Sheen\n\n[Refrain]\nMan you sussy boys, are you hungry?\nI see you tryna bite my sound but it\u2019s sounding kinda funky\n\n[Chorus]\nAnd them dollars made my spidey sense a-ring a-ring ring\nAnd that booty on that thottie\nMade me spring a-spring spring\nThen I took her to my pad\nMade her sing a-sing sing\nFirst she ask me for a fling\nNow she clingy cling cling\nAnd shes bossy\nBut she threw it\nBoy you hella saucy\nDid you stew it?\nWonder what it cost me, I threw some shoes in\nIce be on my body\nI'm never bruising\nAyy\n\n[Outro]\nBbno$", "image": "https://images.genius.com/70679710e3779d156137584b8cd7c459.1000x1000x1.jpg"}], "artist": "\u200bbbno$"}