{"songs": [{"title": "FSU (Fuck Shit Up)", "album": null, "year": "0001-07-19", "lyrics": "[Chorus]\n1 shot, 2 shot, 3 shot, 4\nFuck it up, I wanna see the bodies hit\u2005the\u2005floor\n5 shot, 6\u2005shot, 7 shot, 8\nWe don't give\u2005a fuck, we burning down the whole place\nFuck shit up, I wanna fuck shit up, I wanna fuck shit up\nI wanna what?\nI wanna fuck shit up, I wanna fuck shit up, I wanna fuck shit up\nI wanna what? What?\n\n[Verse 1]\nDie, die, fuck 12 all you niggas die\nSize, size, you niggas couldn't catch me if you tried\nOn the run, with a buck fifty\nI be tweakin, like i'm on the chrissy\nMy nigga, is you broke? Ha, you can miss me\nI only fuck with hoes if them bitches tricky\n\n[Hook]\nBeen through too much, I don't give a fuck\nSo what so what, so what\nBitch, i'm goin up\n\n[Chorus]\n1 shot, 2 shot, 3 shot, 4\nFuck it up, I wanna see the bodies hit the floor\n5 shot, 6 shot, 7 shot, 8\nWe don't give a fuck, we burning down the whole place\nFuck shit up, I wanna fuck shit up, I wanna fuck shit up\nI wanna what?\nI wanna fuck shit up, I wanna fuck shit up, I wanna fuck shit up\nI wanna what? What?\nWhat?\n\n[Verse 2?]\nYou don't give a fuck, I don't give a fuck\nYou don't give a fuck, I don't give a fuck\nIf you don't give a fuck, I don't give a fuck\nKeep the whistle up, keep the whistle tucked\nYou don't give a fuck, I don't give a fuck\nYou don't give a fuck, I don't give a fuck\nIf you don't give a fuck, I don't give a fuck\nKeep the whistle up, keep the whistle tucked\n\n[Hook]\nBeen through too much, I don't give a fuck\nSo what so what, so what\nBitch, i'm goin up\n\n[Chorus]\n1 shot, 2 shot, 3 shot, 4\nFuck it up, I wanna see the bodies hit the floor\n5 shot, 6 shot, 7 shot, 8\nWe don't give a fuck, we burning down the whole place\nFuck shit up, I wanna fuck shit up, I wanna fuck shit up\nI wanna what?\nI wanna fuck shit up, I wanna fuck shit up, I wanna fuck shit up\nI wanna what? What?\nBigKlit", "image": "https://images.genius.com/f7f04ee6576681067dc8ddd4a6785f60.500x500x1.png"}], "artist": "BigKlit"}