{"songs": [{"title": "F.I.Y.T.", "album": "Direction", "year": "2018-11-16", "lyrics": "[Verse 1:]\nI can't tell you how much I've cried\nOh yeah, fuck is you thinkin'?\nI can't tell you how much I've tried\nOh yeah, fuck is you thinkin'?\nBoy, it's crazy how much you lie\nLie, lie, l-l-lie, lie, lie\nFuck is you thinkin'?\nCause I can't believe you let me go\nAfter I've been here you\nHaven't I been here for you?\nFuck is you thinkin'?\nI got the realest shit on my mind\nI hate it when you staring all in my eyes\nCause when it comes to love\nI've never been the type\nTo fall for boys like you\n\n[Chorus 1:]\nGot your hands upon my heart (yeah)\nSo why you hurt me?\nWhy you treat me bad?\nI thought you said I was the best you had\nBest you had, best you had (yeah)\nFuck a bitch and tell me she a friend\nI can't fucking comprehend\nHelp me understand, help me understand (yeah)\nI'm so lit I'm punching on a wall\nI'm so lit I'm screaming fuck it all, fuck it all (yeah)\nSo much potion in my cup\nBoy you don't deserve my love\nI'm moving on\n\n[Verse 2:]\nOh yeah, fuck is you thinking?\nI can't tell you how much I've tried\nOh yeah, fuck is you thinking?\nBoy, it's crazy how much you lie\nLie, lie, l-l-lie, lie, lie\nFuck is you thinkin'?\nCause I can't believe you let me go\nAfter I've been here you\nHaven't I been here for you?\nFuck is you thinking?\nHaven't I been here?\nHaven't I been here?\nAll the bitches you been fucking with\nWhere have they been?\nWasn't I a friend?\nWasn't I confident?\nWhat about the life we built\nYou act like I wasn't there\nLike I never even cared (yeah)\n\n[Chorus 2:]\nAll those times I tried to make you love\nShould have never even got involved, not at all\nNot at all (yeah)\nFuck a bitch and tell me she a friend\nI can't fucking comprehend\nHelp me understand, help me understand (yeah)\nI'm so lit I'm punching on a wall\nI'm so lit I'm screaming fuck it all, fuck it all (yeah)\nSo much potion in my cup\nBoy you don't deserve my love\nI'm moving on", "image": "https://images.genius.com/244db103b326f683527b4f86bf7e4afc.1000x1000x1.jpg"}], "artist": "Ayanis"}