{"songs": [{"title": "Pride", "album": "Zingalamaduni", "year": null, "lyrics": "[Verse 1 - Speech]\nMy skin could never be no curse, no it can't\nI wear it like a prom tuxedo and I\nWear my hair as if it\u2019s the sun and...\nEach and every dread is a powerful light ray\nNever wanted things to be in reverse cause\nGod makes waves wise travelers so\nMy views of this world are ever growing\nThus ever growing is the way one must view me\nA soul of conviction unjustly convicted\nHappy TV commercials and bi-racial shows\nThe smell of reality still burns my nose\nNot content until it smells like a rose\nWhether it's in style to keep the fight\nI tread these waters and make my waves yes I do\nAnd I will fight until my dying day\nAnd even after that my ghost resides with pride\n\n[Chorus]\nI\u2019ll always reside with pride\nI continue to strive with pride\nI\u2019ll always have my pride\n\n[Verse 2 - Headliner]\nBrothers and Sisters\nMy name is Headliner from the family Arrested Development\nPower to the people ya\u2019ll\nThe struggle for liberation of African peoples still continues\nNever settle for our present oppressors\nFreedom is our right, we demand that\nPossessed\nWith the spirits of the Black Panthers\nThe MOVE Organization\nNat Turner\nAssata\nDavid Walker\n\n[Verse 3 - Speech]\nForward ever backwards never\nDay by day through trials I trod\nAlways triumphant never fail\nWe've come too far to turn back now\nI won't turn back I move\nMy blood is thicker than the waters of any flood\nYeah yeah\nHere I am facing the almighty herself\nIf she approves then I am saved\nClear of trouble is the path I pave\nFor generations of children to walk and run\nWhether it's in style to keep the fight\nI tread these waters and make waves God knows\nAnd I will fight until my dying day\nAnd even after that my ghost resides with pride\n\n[Chorus]\nI always will live with pride\nI always will live with pride\nAlways live with pride\n\n[Verse 4 - Headliner]\nI don\u2019t try to follow the past of acceptance\nI just try to follow the path of redemption and self-development\nThe meek shall inherit the earth\nWe must wake up and smell the birth of a nation\nNever settle for the present oppressors\nOr should I say down pressure\nBecause I exist I resist\nBecause I\u2019m alive, I strive with pride\nYeah, power to the people ya\u2019ll\nThe struggle for liberation of African peoples still continues\nYes never settle for our present oppressors\nFreedom is our right and we demand that\nPossessed with the spirits of the Black Panthers\nYeah the Black Panthers\nThe MOVE Organization\nNat Turner\nAssata\nDavid Walker\nPatrice Lumumba\nPower to the people\nThe struggle for dignity still lives on in our mind", "image": "https://images.genius.com/a878657113210ad882489295e816b098.640x640x1.jpg"}], "artist": "Arrested Development"}