{"songs": [{"title": "Little Boy Blue", "album": null, "year": "2019-04-22", "lyrics": "[Pre-Hook: Woody Pond]\nShe\u2019s inside my head I can\u2019t let go tonight\nLet go tonight, baby come alive\n\n[Verse 1: Coop]\nI don\u2019t wanna leave I\u2019ve been stressed out\nI guess depression is a trend now\nEverything we started coming to an end now\nYou\u2019re gone, guess I lost another friend now\nYour body gonna fuck up my life\nShes a killer [?]\nSad that we ain\u2019t lovers tonight\nStart fighting like its fourth of July\n\n[Hook: Woody Pond]\nLittle boy blue, 3 in the morning\nOld rain coat outside and its pouring\nWish that I could sing in the storm\nFirst I hit the bottle then I\u2019m hitting the floor\nYou\u2019re not you anymore\n\n[Hook: Woody Pond]\nLittle boy blue, 3 in the morning\nOld rain coat outside and its pouring\nWish that I could sing in the storm\nFirst I hit the bottle then I\u2019m hitting the floor\nYou\u2019re not you anymore\n\n[Verse 2]\nMidnight midtown get down (yeah)\nI guess whiskey is a trend now\nRules we used to break you rarely bend now\nYou go alive from a dead town\nLittle boy blue, after hours in the ball room\nNo reception and I\u2019m dying just to call you\n[?] always fall through\nOne more in the bottle and the chamber girl its all you\n\n[Bridge: Woody Pond]\nShe\u2019s inside my head I can\u2019t let go tonight\nI can\u2019t let go tonight\n\n[Pre-Hook: Woody Pond]\nShe\u2019s inside my head I can\u2019t let go tonight\nLet go tonight, baby come alive\n\n[Hook: Woody Pond]\nLittle boy blue, 3 in the morning\nOld rain coat outside and its pouring\nWish that I could sing in the storm\nFirst I hit the bottle then I\u2019m hitting the floor\nYou\u2019re not you anymore\n\n[Hook: Woody Pond]\nLittle boy blue, 3 in the morning\nOld rain coat outside and its pouring\nWish that I could sing in the storm\nFirst I hit the bottle then I\u2019m hitting the floor\nYou\u2019re not you anymore\n\n[Outro]\nShe\u2019s inside my head I can\u2019t let go tonight\nI can\u2019t let go tonight", "image": "https://images.genius.com/b3dfa1bde2900864d701dce112f56463.1000x1000x1.jpg"}], "artist": "Woody Pond"}