{"songs": [{"title": "Patience", "album": "Woman", "year": "2018-06-08", "lyrics": "[Verse 1]\nOh, you got a little fame now\nYour numbers going up on the 'gram, girl, you know I be the man\nBaby, why you wanna change now?\nFlick got a crib, girl, you think that you the shit and you got a lot in\n\n[Pre-Chorus]\nI know you know you can't run no game\nGive me rain when you screaming my name\nGirl, you bad when you ride in the day\n\n[Chorus]\nYeah, my patience's gone\nI think I'm running out on you\nBaby, my patience's gone\nI think I'm running out on you\nGirl, I used to take you out\nWe were always making out\nOoh, baby, girl, my patience's gone\nI think I'm running out on you\n\n[Verse 2]\nOh you, oh you, oh you tryna make a change now\nSee you post pics on your 'gram like you went and got a man\nSaw you flying in the Range, wow\nClique got a freak so you think you're the shit, you got a lot of lip\n\n[Pre-Chorus]\nI know you know you can't run no game\nI'm making it rain when you screaming my name\nGirl, you bad when you ride in the day\n\n[Chorus]\nYeah, my patience's gone\nI think I'm running out on you\nBaby, my patience's gone\nI think I'm running out on you\nGirl, I used to take you out\nWe were always making out\nYeah, girl, my patience's gone\nI think I'm running out on you\n\n[Bridge]\nI thought you'd be everything\nI can't believe I'm leaving, oh, yeah, oh, yeah, oh\nIn the night I see, I'm dreaming\n'Cause now I see the reason we ran out of time, girl, my\n\n[Chorus]\nGirl, my patience's gone\nI think I'm running out on you\nBaby, my patience's gone, oh yeah yeah yeah\nI think I'm running out on you\nGirl, I used to take you out\nRememeber us making out\nYeah, girl, my patience's gone\nI think I'm running out on you\nGirl, my patience's gone\nI think I'm running out on you\nBaby, my patience's gone\nI think I'm running out on you\n\n[Outro]\nWe should be love making\nNot just sat here in this big ol' house\nCame a long way to see you naked\nDon't just sit there on the fucking couch\nTake it off, drive me wild\nKissing games all on the\nWhen you cum, that's when we\nLay there on the fucking couch\nLay there on the fucking couch\nOh, woah, oh, woah\nOh, woah, oh, woah\nOh, woah, oh, woah", "image": "https://images.genius.com/7db7c12177ff90961c1aa5e69f5ad185.1000x1000x1.jpg"}], "artist": "Angel"}