{"songs": [{"title": "No Complaints", "album": "Endless Summer", "year": "2019-08-23", "lyrics": "[Verse 1: \u200bbLAck pARty]\nFindin' sadness knowin' that there's no tomorrow\nLive every day like my last, I ain't felt\u2005this\u2005free since I\u2005left Colorado\nJust skatin' down the block\u2005with my headphones on tryna watch out for the powers\nWhat a metaphor for life nowdays, I'm gettin' high just to soothe all my sorrows\nLookin' for a fifth for release from a genie in a bottle\n\n[Pre-Chorus: \u200bbLAck pARty]\nI've been searchin' for peace\nChillin' in the sun, just enjoyin' the breeze\nAnd if you wanna roll, then baby, come with me\n\n[Chorus: \u200bbLAck pARty]\nUp, up and away\nTake me somewhere where I can get high with no complaints\nI can get high with no complaints\nUp, up and away (Up, up and away)\nTake me somewhere where I can get high with no complaints\nI can get high with no complaints\n\n[Verse 2: DMP Jefe]\nTell a lie with my right on the bible (On God)\nLeft hand steerin', my right on a rifle (Yeah)\nFlex in New York then next stop, the Eiffel\nUsed to be walkin', my doors suicidal\nI was broke, but now money my bridal (Uh-huh)\nNowadays I be next to my idols\nCan't complain 'cause we coulda been lifers (Okay)\nWasn't lovers back then, we was fighters\nAin't no cap but these niggas be liars\nAll these racks got me lit like a fire\nNow I'm immortal like Michael Myers\nChasin' that money, won't never get tired\nMoved out the way for peace and some quiet (Yeah)\nThank to God 'cause I came from the violence (Ooh)\nIf they did come to play with nobody\nHappy I cannot complain 'cause I'm solid\n\n[Pre-Chorus: \u200bbLAck pARty]\nI've been searchin' for peace\nChillin' in the sun, just enjoyin' the breeze\nAnd if you wanna roll, then baby, come with me\n\n[Refrain: \u200bbLAck pARty]\nUp, up and away, up, up and away\nOoh, ooh\n\n[Chorus: \u200bbLAck pARty]\nUp, up and away (Up, up and away)\nTake me somewhere where I can get high with no complaints\nI can get high with no complaints (No complaints)\nUp, up and away (Up, up and away)\nTake me somewhere where I can get high with no complaints\nI can get high with no complaints", "image": "https://images.genius.com/54803bb3a0ee9cee076b792725046f45.1000x1000x1.png"}], "artist": "\u200bbLAck pARty"}