{"songs": [{"title": "Every Season", "album": "It\u2019s Nice Outside", "year": "2017-08-21", "lyrics": "[Chorus: Anti-Lilly & Awon]\nHere's to getting money every season\nTo all my sharks swimming on the deep end\nI'm always on my grind, never sleeping\nKeep 'em high, to the sky, we always reaching\nHere's to getting money every season\nTo all my sharks swimming on the deep end\nI'm always on my grind, never sleeping\nKeep 'em high, to the sky, we always reaching\n\n[Verse: Anti-Lilly]\nAy, I roll one up for all the family we lost on the way\nTryna come up out of our situation\nBeen through rain and other precipitation\nSome anticipated my fall\nTook some losses, been some times when I ain't know who to call\nTried to talk to God but I guess I was moving too fast\nAin't listen at all\nI'm in my comfort zone, when pressure put my back to the wall\nSwear I done been through there so much done put some cracks in the wall\nI love the hustle like I love my mama, I love my mama like no other\nIn other words, I don't do this shit for nothing\nMan, I'm stuck inside my dreams so I chase it by any means\nI'm in between these streets and nine-to-five every day tryin' climb\nI'd give my piece of mind if I could reach my brothers and my sisters\nShow them it's more than they given growing up in the system\nPut my energy towards showing the city something different\nDon't sleep up on that nigga Young Lilly, foreal\n\n[Chorus: Awon & Anti-Lilly]\nHere's to getting money every season\nTo all my sharks swimming on the deep end\nI'm always on my grind, never sleeping\nKeep 'em high, to the sky, we always reaching\nHere's to getting money every season\nTo all my sharks swimming on the deep end\nI'm always on my grind, never sleeping\nKeep 'em high, to the sky, we always reaching\n\n[Verse 2: Awon]\nMoney, power, respect, now it's time to collect\nLowkey, moving like you connect\nBut catch rec when it's Phoniks on deck\nWhat you expect?\nI'm here to make an impact and flood the world with rep\nI raised Cain with my lyrical slang, and maintain\nThe fire and flame, empire the game, I designed the lane\nInside the name is the initials, the most official\nTaking issue with the party poopers who pull out the pistols\nDollars I won a fistful, champagne, the crystal flutes\nI'm flipping flows and Yeezy Boost damn right, I'm seeing loot\nWithout the violence cause it's ignorance to squeeze and shoot\nMoment of silence for the slain, I shall proceed with truth\nAnd rock the mics, sell out of merch and then you see the proof\nDon't sleep, it's the tree of life to feed the youth\nI'm only great because of faith and now I cleaned the suit\nTake them to church, the money-getting season never through\n\n[Chorus: Anti-Lilly & Awon]\nHere's to getting money every season\nTo all my sharks swimming on the deep end\nI'm always on my grind, never sleeping\nKeep 'em high, to the sky, we always reaching\nHere's to getting money every season\nTo all my sharks swimming on the deep end\nI'm always on my grind, never sleeping\nKeep 'em high, to the sky, we always reaching", "image": "https://images.genius.com/60bb7c36d7342572a738c702fea9532c.1000x1000x1.jpg"}], "artist": "Anti-Lilly & Phoniks"}