{"songs": [{"title": "INVENTED IT", "album": "DIE FOR MY BITCH", "year": "2019-06-11", "lyrics": "[Chorus]\nBig protein, I'm smokin' lonely for the culture\nNo TED Talkin', steppin' on a little roach (Yeah)\nWhat that mean? Baby Keem, I invented it\nTen toes down, painkillers 'til I'm feelin' it\nBig protein, I'm smokin' lonely for the culture\nNo TED Talkin', steppin' on a little roach\nWhat that mean? Baby Keem, I invented it\nTen toes down, painkillers 'til I'm feelin' it\n\n[Verse]\nBefore I leave the house, I tell my bitch that I love her\nBut that's not 'til I pop a pill, now it's fuck her\nThat's some shit I can't risk, she's an actress\nShe just wanna love me, I swear it's a habit\nFlip a couple million\nHave a couple children then give them my millions, I know\nHang with the demons, they dancin'\nDon't dyke with my Dyson, don't cap on the fashion, I know\nMy bitch with the extras\nTwo ho down, now I'm fuckin' on her best friends\nYes, I made a sex tape, but that ain't no secret (Yeah, yeah)\nIf I tap then I wanna put it on the deep end (Yeah, yeah)\nI put the pussy on ice\nCan you be my co-sign? She don't think I'm nice\nYou don't need a thirst trap to show me that I'm right\nI might hit the pussy all night, go flight, ayy, pay, ayy, bullshit\n\n[Chorus]\nBig protein, I'm smokin' lonely for the culture\nNo TED Talkin', steppin' on a little roach (Yeah)\nWhat that mean? Baby Keem, I invented it\nTen toes down, painkillers 'til I'm feelin' it\nBig protein, I'm smokin' lonely for the culture\nNo TED Talkin', steppin' on a little roach\nWhat that mean? Baby Keem, I invented it\nTen toes down, painkillers 'til I'm feelin' it", "image": "https://images.genius.com/be2944c5e1add0262da13a9cf32da357.1000x1000x1.jpg"}], "artist": "Baby Keem"}