{"songs": [{"title": "Trust Me", "album": "High Art EP", "year": "2019-05-03", "lyrics": "[Verse 1: B00TY]\nThey don't stop talkin', do they?\nJust jappin' their jaws\nYou know you love the booty\nNow gimme your heart\nNow, what you doin' Tuesday?\nYou wanna get lost?\nWhen you start lookin' through me\nIt tears me apart\n\n[Pre-Chorus: B00TY]\nWho are you?\nI know\nYou're down\n\n[Chorus: B00TY]\nCan you trust me just this once?\nCan you trust me at all?\nDon't you wanna make a mess?\nDon't you wanna take off that dress?\nCan you trust me just this once?\nAll the things that fall into dust\n\n[Interlude: B00TY]\n(Break apart like waterfalls\nSo come along)\n\n[Refrain: B00TY]\nYou wouldn't listen anyway\nJust couldn't let your heart escape\nAnd you don't know the hardest thing\nI coulda loved you every day\nYou wouldn't listen anyway\nJust couldn't let your heart escape\nAnd you don't know the hardest thing\nI'm gonna love you every day\n\n[Chorus: B00TY]\nCan you trust me just this once?\nCan you trust me at all?\n\n[Verse 2: Kill Nigel]\nAll this energy\nI just wanna see you in front of me\nHold me tight, don't lose sight of me\nYour love is life to me\nIt's a crazy, cold thing called love\nYeah, it's a crazy, cold thing called love\nYeah, I'm gonna love you 'til you're dead\nYou hold the thoughts that are stuck in my head\nLovin' the love but not love too much\nTrust in the feelings but never feeling out of touch\nMy feelings on my sleeves and the walls too\nYou're the one my heart calls to\nHoldin' on the times when I held you\nHow many times I gotta tell you?\n\n[Bridge: B00TY]\nDon't let me terrify you, don't let me tear you down\nDon't let me terrify you, don't let me tear you down\nDon't let me terrify you, don't let me tear you down\nDon't let me terrify you, don't let me tear you down\nDon't let me terrify you, don't let me tear you down\nDon't let me terrify you, don't let me tear you down\nDon't let me terrify you, don't let me tear you down\nDon't let me terrify you, don't let me tear you down\n\n[Refrain: B00TY]\nYou wouldn't listen anyway\nJust couldn't let your heart escape\nAnd you don't know the hardest thing\nI coulda loved you every day\nYou wouldn't listen anyway\nJust couldn't let your heart escape\nAnd you don't know the hardest thing\nI'm gonna love you every day", "image": "https://images.genius.com/d59792cf5f60c33f50b8fb71cf4b949c.1000x1000x1.jpg"}], "artist": "B00TY"}