{"songs": [{"title": "NYC Window", "album": null, "year": null, "lyrics": "[Intro]\nThis is a Brooklyn-bound 2 express train\nThe next stop is Fulton Street\nStand clear of the closing doors please\n\n[Verse 1]\n[?]\nWell I, wrote this in cold sweats, nah\nWrote this in old sweats, nah\nWrote this in gold text, in a book of shit you'll forget so\nI hope the page rip\nSo that way you never erase it, saving it up in a pile\nTo cover and color my smile but let the paint drip\n'Cause either way you'll brush it off\nEven days we up in odds\nEven nights we dusting spawns, from dusk to dawn to up in arms\nWhen I dust the crust you rusted charm\nScared to leave and squeezing tight\nAll we want is peace and fright, all we won is sleepless nights\nYou paint that picture perfect then\nCurve with curse and revert the design\nI broke this verse in person\nYou took the perks and inverted the kind\nDon't wanna lose my mark but food for thought, deserted my mind\nI hate that I cut all my personal time to\nBe just a person in line I'm thinkin'\nMaybe I'm calling too much, maybe you don't answer enough\nMaybe the cure is me and you and the cancer\u2019s us, maybe I\nMaybe I baby you and I pamper too much\nSo I took out the lighting and put it in writing\nAs if that stamp could do much\n\n[Chorus]\nStaring out my New York City window\nStaring out my New York City window\nStaring out my New York City window\nStaring out my New York City window\nStaring out my New York City window\nStaring out my New York City window\nStaring out my New York City window\nStaring out my New York City window\n\n[Verse 2]\nWell you, read this in my words, no\nRead this in my shirt and\nFirst thought was cry first, Bible\nHold tight then sky search\nRead on\nDrink and chaser\nLook how you wrinkled the paper\nLeft the best condolence\nTime escapes arrest the moment\nOn and off like pre-teen, no\nI get too old for this\nA different breed of a saint\nOne layer paint still makes the picture deep\nI hope that's what you get from me, grip on us or slip from me\nYou learned from the best, I learned that ya ex\nIt still takes a locksmith to get the key to my\n\n[Chorus]\nNew York City window\nStaring out my New York City window\nStaring out my New York City window\nStaring out my New York City window\nStaring out my New York City window\nStaring out my New York City window\nStaring out my New York City window\nStaring out my New York City window baby", "image": "https://images.genius.com/51eb8e406249044bb91810b9c619017a.1000x1000x1.jpg"}], "artist": "Armani White"}