{"songs": [{"title": "Bounce Back", "album": "I Decided.", "year": "2016-10-31", "lyrics": "[Intro: Future]\nHitmaka\nIf Young Metro don't trust you, I'm gon' shoot you\n\n[Chorus: Big Sean]\nLast night took a L, but tonight I bounce back\nWake up every morning, by the night, I count stacks\nKnew that ass was real when I hit, it bounce back\n(You ain\u2019t getting checks)\nLast night took a L, but tonight I bounce back\nBoy, I been broke as hell, cashed a check and bounced back\nD town LAX, every week I bounce back\nIf you a real one, then you know how to bounce back\n\n[Verse 1: Big Sean]\nDon\u2019t owe nobody, owe nobody\nAlways on the fuckin' job, I got no hobbies\nGot the city fuckin' with me 'cause I'm homegrown\nVibin' out more than my phone though\nLeave me \u2018lone, me on my own though\nLook, I cut that bitch off like a edit\nMy daddy a G, it's genetics (Straight up)\nI heard ya new shit, it's pathetic\nYa contract should be shredded\nTook my dogs on a private jet from the public housing\nI kept it G, yeah, one thousand\nClique star-studded like the Paramount mountain\nEverything I do is righteous\nBetting on me is the right risk\nEven in a fucking crisis\nI\u2019m never on some switching sides shit\nI switch gears to the night shift\nBlacking out 'cause I\u2019m enlightened\nGod talk to me in silence\nBut I hear him every time, mane\n(Thank you, God, God bless you, thank you so much)\n\n[Chorus: Big Sean]\nLast night took a L, but tonight I bounce back\nWake up every morning, by the night, I count stacks\nKnew that ass was real when I hit, it bounce back\n(You ain\u2019t getting checks)\nLast night took a L, but tonight I bounce back\nBoy, I been broke as hell, cashed a check and bounced back\nD town LAX, every week I bounce back\nIf you a real one, then you know how to bounce back\n\n[Verse 2: Big Sean]\nLook, I woke up in beast mode\nWith my girl, that's beauty and the beast though\nBeen top 5, these niggas sleep though\nOnly thing that sold out is the seats though\n(Never sold my soul, never will never have)\nNigga how dare you stand before me and not respect my authority\nIf you fuck with my glory, I'ma drop the L and get gory\nI done did everything except worry\nHella drama, my life story\nFaith of a mustard seed, I kept growing\nI knew that this life was meant for me\nNiggas change up more than wishin' wells\nKarma come around I'll wish 'em well\nLivin' like I\u2019m on a limitless pill\nI kill the scene like I\u2019m Denzel\nCrazy like my jacket strapped up\nNigga, I don\u2019t act but I'll act up\nBrown paper bag like the lunch packed up\nBack, back, back, back up\nNigga, I'ma need like 10 feet\nOr get stomped out with ten feet\nI'ma always lose my temper\nYou cannot \u201ccount to ten\u201d me\nIf I lose 1, I bounce back like 2, 3 did with 4, 5\nSeen courtrooms and court sides, ain\u2019t too many seen both sides\nNigga, fuck what you know\nNigga, I\u2019m takin' back control\nThe underdog just turned into the wolf and the hunger steady grows\nYeah, I call shots while you call off\nNever takin' summer or fall off\nWhen you stay that committed to it, you just fall down and never fall off, so\n\n[Chorus: Big Sean]\nLast night took a L, but tonight I bounce back\nWake up every morning, by the night, I count stacks\nKnew that ass was real when I hit, it bounce back\n(You ain\u2019t getting checks)\nLast night took a L, but tonight I bounce back\nBoy, I been broke as hell, cashed a check and bounced back\nD town LAX, every week I bounce back\nIf you a real one, then you know how to bounce back\n\n[Outro: Kanye West & Big Sean]\nBounce back, bounce, bounce\nBounce back, bounce, bounce\nBounce, bounce, bitch, bounce (Yeah)\nIs you a real one?\nIs you a real one?\nReal one\nReal one\nIs you a real one?\nReal one\nReal one\nDon", "image": "https://images.genius.com/6dbe3c351a64ae50d44858c7502c4365.1000x1000x1.jpg"}], "artist": "Big Sean"}