{"songs": [{"title": "The Essence", "album": "Aziatic", "year": "2002-06-11", "lyrics": "[Produced by Baby Paul]\n\n[Intro: AZ & Nas]\nAyo God, yo meet me at the Deniece Williams concert tonight, man\nE'rybody there, Stacy Lattisaw, Teena Marie, e'rybody, man\nYeah yeah no doubt\nI'ma bring one of my baddest stallions, man\nHahahaha\nYou do the same aight?\nYou know how we play baby, listen\nI'm at a car wash right now\nBut I'ma hit you as soon as I'm right over there\nRight in front right? Yeah, okay, aight got you\n\n[Verse 1: AZ & Nas]\nSon, who laced you with the ill haircut?\nLenny, he blessed me with the sharp blade, that nigga's paid\nHe make a pretty penny\nYo, you hurt 'em with the new Prada's\nTrue, check mines they royal blue\nMy shits is baby blue\nThey powder blue, yo' shits is hotter\nYou hotter with them frames on\nNigga you James Bond, and you stay low\nY'know my style bab' bro\nYeah, make dough, manicure, facial, face glow\nFuck it if you say so; I keep it P.I.!\nThat's how we break hoes\nWe throwin' ivory dice across the concrete\nAnd of course that don't make him your man because y'all palms meet\nWe had boxes bumpin' La-Di-Da-Di\nShotties was blastin', pellets jumpin' into everybody\nThey never got me\nWas cool with all the park shooters, sparkin' bazookas\nSharpen your tutors, 'cause we don't pardon the snoozers\nYo son I wouldn't change my life for nothin'\nAnd that ain't like you for frontin'\nWho's the nicest? Nuff talkin', light somethin'\n\n[Refrain: AZ and Nas]\nYo we hard hit, just like Camacho and Vargas\nWho's the target\nNow watch how we close the market\nWe both hard hit, just like Hagler and Hearns\nAdd the math, be concerned, if it's beef you burn\nYo it's sorta like, Poitier and Bill Cosby\n'Let's Do It Again,' a beautiful blend, let's do it to win\nMy nigga - my nigga - my niggas - my niggas\nMy niggas - my niggas - uhh..\n\n[Verse 2: AZ & Nas]\nWhat's today's mathematics?\nWe had it, we let 'em hold it, we should've sold it\nWe back at it, we could've grabbed it\nBut fuck it, just let 'em have it\nAl 'Humdulillah\nAllahu Akbar, God is the greatest\nPlanet Mars, we carved in the faces\nYou couldn't catch us in a car without the bangers\nBelieve, I touched a couple of movie stars and entertainers\nIndeed, one in particular, almost started to name her, ha ha\nI was there when you first pushed up and started to game her\nBeen a long journey, certain shit just don't concern me\nThey ain't hurtin' shit; we flip, they hire attorneys\nYo I'ma stay custom, 'til I'm old grey and rustin'\nReminiscin the number of chickens that claim we fucked 'em\nBet some badder hoes than them other funky rappers chose\nI'm tryin' to wife a chick, light a spliff\nOkay, this might be like another part to \"Life's a Bitch\"\nBite your lips, who's nice as this? We righteousness\nNo mic assists, it's murderous - granted the right to flip\n\n[Refrain: AZ and Nas]\nYo we hard hit, just like Camacho and Vargas\nWho's the target\nNow watch how we close the market\nWe both hard hit, just like Hagler and Hearns\nAdd the math, be concerned, if it's beef you burn\nYo it's sorta like, Poitier and Bill Cosby\n'Let's Do It Again,' a beautiful blend, let's do it to win\nMy nigga - my nigga - my niggas - my niggas\nMy niggas - my niggas - uhh..\n\nYo we hard hit, just like Camacho and Vargas\nWho's the target\nNow watch how we close the market\nWe both hard hit, just like Hagler and Hearns\nAdd the math, be concerned, if it's beef you burn\nYo it's sorta like, Poitier and Bill Cosby\n'Let's Do It Again,' a beautiful blend, let's do it to win\nMy nigga - my nigga - my niggas - my niggas\nMy niggas - my niggas - uhh..\n\n[Outro: Nas]\nLike, Spinks and Hearns..\nSorta.. Poitier and Bill Cosby\n'Let's Do it Again,' nigga", "image": "https://images.genius.com/7f3c7c305786e91b75f83cf5aca60a06.300x300x1.jpg"}], "artist": "AZ"}