{"songs": [{"title": "SUPREME", "album": null, "year": "2018-01-26", "lyrics": "[Intro]\nAyo Beatz\n\n[Chorus]\nFuck hustlin' for pay cuts, yeah\nMore glory, more paper, yeah\nGot somethin' for you pagans, yeah\n39 for the Draco, yeah\nReal Don Dada, we say Nada\nBlack bandana, Supreme gunner\nMan a real Don Dada, we say Nada\nRed bandana, Supreme gunner\n\n[Post-Chorus]\nMore paper, yeah (yeah)\nMore glory, more paper, yeah (yeah)\nMore glory, more paper, yeah (yeah)\nMore glory, more paper, yeah (yeah)\n\n[Verse]\nYeah, more life, more dreams\nThe more I piss-take, the more I stream\nThe more I dick-tate, the more she screams\nThe more I milk out, the more I cream\nSee me, see me, see me switch up the flow\nSwitch up the hoe, switch up the ride\n\u03a4\u03b7\u03c2 \u03c0\u03bf\u03c5\u03c4\u03ac\u03bd\u03b1\u03c2 \u03b8\u03b1 \u03b3\u03af\u03bd\u03b5\u03b9, if I switch on tonight\nFuck who you know, I'm a switch off your light, boy\nHah, rararararara\nWhen the funds come through, rararararara\nSee my Dons come through, rararararara\nYou don't want it like that, you ain't patterned like that, I'm hot boy\n\n[Pre-Chorus]\nReal Don Dada, we say Nada\nBlack bandana, Supreme gunner\nMan a real Don Dada, we say Nada\nRed bandana, Supreme gunner\nMore paper, yeah\n\n[Chorus]\nFuck hustlin' for pay cuts, yeah\nMore glory, more paper, yeah\nGot somethin' for you pagans, yeah\n39 for the Draco, yeah\nReal Don Dada, we say Nada\nBlack bandana, Supreme gunner\nMan a real Don Dada, we say Nada\nRed bandana, Supreme gunner\n\n[Post-Chorus]\nMore paper, yeah (yeah)\nMore glory, more paper, yeah (yeah)\nMore glory, more paper, yeah (yeah)\nMore glory, more paper, yeah (yeah)\n\n[Outro]\nFuck hustlin' for pay cuts, yeah (more glory, more paper, yeah)\nMore glory, more paper, yeah (more glory, more paper, yeah)\nGot somethin' for you pagans, yeah (more glory, more paper, yeah)\n39 for the Draco, yeah (more glory, more paper, yeah)\nFuck hustlin' for pay cuts, yeah (more glory, more paper, yeah)\nMore glory, more paper, yeah (more glory, more paper, yeah)\nGot somethin' for you pagans, yeah (more glory, more paper, yeah)\n39 for the Draco, yeah (more glory, more paper, yeah)\nFuck hustlin' for pay cuts, yeah (more glory, more paper, yeah)\nMore glory, more paper, yeah (more glory, more paper, yeah)\nGot somethin' for you pagans, yeah (more glory, more paper, yeah)\n39 for the Draco, yeah (more glory, more paper, yeah)", "image": "https://images.genius.com/1f84cc947f13662ccc35cfdd3d9149d2.1000x1000x1.jpg"}], "artist": "A.M. SNiPER"}