{"songs": [{"title": "I Wanna C U", "album": "Angel\u2019s Pulse", "year": "2019-07-12", "lyrics": "I see you runnin' out the window\nBrain is runnin\u2019 like it's hidin' from the night\nI think of something, I overthink it\nBrain is runnin\u2019 like it's runnin' from the night\n\nI wanna see you\nAnd keep it in your home\nI wanna see you (I wanna see you)\nAnd keep it in your home\nI wanna see you (I wanna see you)\nAnd keep it in your home\nI wanna see you\nAnd keep it in your home\nAnd keep it in your home", "image": "https://images.genius.com/2113d47fc0e4fd6ad654610363c4c5fc.1000x1000x1.png"}], "artist": "Blood Orange"}