{"songs": [{"title": "No 32", "album": null, "year": "2019-11-10", "lyrics": "[Nadine]:\nNo 32\nNo 32\nYeah Yeah Yeah\n\nIce glisten, shine bright like Suicune\nAnd the comp stay pressed like\u2005Lisod\nSweet\u2005(uhh)\nBut it came\u2005with that heat ooh\nYeah you know\u2005I'm the one\nNo three two\n\nNo three two\n(yeah yeah)\nSpend it all up then I recoup\nThat's just how it be ooh\nUpgrade then I reboot\nYeah you know I'm the one\nNo three two\nNo three two\n\nSpend it all up then I recoup\nThat's just how it be ooh\nUpgrade then I reboot\nYeah you know I'm the one no three two\n\nI just wanna vibe with you\nCan I spend some time with you\nDive into the tide with you\nLove your heart so wild too\nUh\n\n[Ruby]:\nNo 3-2 like magic\nNo re-dos no practice\nNo take twos\nI paid dues\nThese fake moves\nI'm past it (uh uh)\nI been had the juice\nDon't need proof\nVibe with you\nI'm feelin' alive when I ride with you\nPut 2 and 2 I'm on a high with you\nAin't no 3-2\nFlip it around like Jordan and it's game 2\n'Cuz 'round this way they know the name\nI take my throne and make a lane\n\nLet me vibe with you\nAnd I'mma take you to the top today\n3,5 in ya DNA, but 5 for 5 I elevate\nI'm on another \"Wave\", flow for days and they \"Marvel\"\n\nAin't a featherweight 'cuz I be damned if I ain't the great\nLevel up one, settle when done\nGive me my crown and I'm makin' 'em run\nAt the top of the game and I already won, and I'm top of the class\nSo they know I'm the one\nEh\n\n[Nadine]:\nNo three two\nYeah yeah\nSpend it all up then I recoup\nThat's just how it be ooh\nUpgrade then I reboot\nYeah you know I'm the one\nNo three two\n\nI just wanna vibe with you\nCan I spend some time with you?\nDive into the tide with you\nLove your heart so wild too", "image": "https://images.genius.com/e07b6b6c08901f40eabba1bd46b59359.861x874x1.jpg"}], "artist": "Nadine Lustre"}