{"songs": [{"title": "Rugged Ruff", "album": "Kollage", "year": "1996-04-02", "lyrics": "[Hook] (x2)\nIt's like that, you know it's like that\nI got it hemmed, now you never get the mic back\n\n[Verse 1]\nI got it hemmed - mad methods to microphone mechanism from inner city\nCurriculum to cuttin' edge for heads like circumcisions in your mental\nZone I'm sly-er than Stallone basic instincts like Sharon Stone\nPockets Puffy-er than Combs caliber narrated rate supreme elevation\nFly-er than aviation plus freaky as dominatrix, dramatics are\nManifested, thought spreadin' like infection at pinnacle of perfection\nBrain runs on fuel injection, cyphers are intercepted like plays by\nQuarterbacks bare witness to the fitness I be layin' on the wax\n\n[Verse 2]\nCompositions be causin' calamities rapidly, what MC would dare take a\nStab at thee vocabulary mastery, presented retention extended through\nIller style invented brain cells excel like V6 engines when I be\nEnterin' - grammatical vortexes twistin' like rolodexes context is\nRandomly selected ran like red lights by eager paramedics majestic\nVerbal fragments tagged the graphics that wreck more havoc on niggas\nCabbages than semi automatic, plus automated but never faded datum kick\nIn verbatim related to hip-hop\n\n[Hook] (x2)\nIt's like that, you know it's like that\nI got it hemmed, now you never get the mic back\n\n[Verse 3]\nIn stereo phonic or mono my lingo tingle topics revolves around\nScience of optics and poses as nuances scripture glitters like\nDiamonds or sparkle like magnesium -premium equates the medium that\nBlows me up like helium histionics provided pumped up more Jam than\nTechnotronix prime and mo' toxic than hydrocarbon in dioxin rupture\nRhythms with quartz deletin' jumble diction I rips it in repetition\nLike salots in Hinduism\n\n[Hook] (x5)\nIt's like that, you know it's like that\nI got it hemmed, now you never get the mic back", "image": "https://images.genius.com/c3f333fe50df0474b5bc5c334f14f219.1000x1000x1.jpg"}], "artist": "Bahamadia"}