{"songs": [{"title": "Buss Down", "album": "AitcH2O", "year": "2019-09-02", "lyrics": "[Chorus: ZieZie]\nBuss down, yeah she get the buss down (Buss down)\n10/10, man I hit a touch down (Touch down)\nNo one could take a shot now (Shot now)\nWe busy makin' love and smokin' kush now\nBuss down, yeah she get the buss down (Buss down)\n10/10, man I hit a touch down (Touch down)\nNo one could take a shot now (Shot now)\nWe busy makin' love and smokin' kush now\n\n[Verse 1: Aitch]\nIt's like I come round, touch down\nGyal get the rub down\nBig dough, big girls, nuff pounds\nMe, I take the love in and I spread the love out\nYou seen how I buss in, next I'll get the buss down\nPull up to the show with couple bros, you know it shuts down\nCouple bruddas smokin' by the O, they blowin' nuff clouds\nSippin' by the bottle, gotta go because I'm slumped out\nTakin' home a baddie and the pussy gettin' buss down (Uh-uh)\nI make her blush when I call her sexy\nHold a brudda down, she does it all correctly\nAnd she's ten ten, with too many peng friends\nAll of them are on me sayin' \"Always text me\" (Yeah)\nGot the 'ussy drippin', goin' swimming then I'm dippin'\nAitch, I tell the truth, I'm just in love with different women\nNever go on dates, I'm sorry, I'm not really in it\nI'm just livin' (Huh)\n\n[Chorus: ZieZie]\nBuss down, yeah she get the buss down (Buss down)\n10/10, man I hit a touch down (Touch down)\nNo one could take a shot now (Shot now)\nWe busy makin' love and smokin' kush now\nBuss down, yeah she get the buss down (Buss down)\n10/10, man I hit a touch down (Touch down)\nNo one could take a shot now (Shot now)\nWe busy makin' love and smokin' kush now\n(Woo)\n\n[Verse 2: Aitch]\nYo, talk to me darlin', the flirtin' has started\nI know exactly who I'm tryna go back to my yard with\nHella man are reaching, everybody wanna get a piece\nBut she don't ever ever put her pussy on the market (No way)\nHuh, slow down\nShort skirt, had to tell her \"Turn round\"\nShe buss down, got me sayin' \"Oh wow\"\nAre you coming with me? 'Cause I wanna know now (Ah-aah)\nStill she got me waitin', I ain't really got the patience\nBut there's somethin' telling me that it's all worth it so I'm stayin'\nYeah, I know she feelin' me and tryna hide it, girl, you're playin'\nStop beatin' round the bush and just tell me what you're sayin'\nMe and you, we can keep it on the low\nDon't even tell your friends b, nobody needs to know\nAnd I don't really like to speak on the phone\nLet me know when I should leave and tell me where you need to go\n\n[Chorus: ZieZie]\nBuss down, yeah she get the buss down (Buss down)\n10/10, man I hit a touch down (Touch down)\nNo one could take a shot now (Shot now)\nWe busy makin' love and smokin' kush now\nBuss down, yeah she get the buss down (Buss down)\n10/10, man I hit a touch down (Touch down)\nNo one could take a shot now (Shot now)\nWe busy makin' love and smokin' kush now\n\n[Verse 3: ZieZie]\nLet me tell you a lil' somethin' man I'm fly\nAlways smokin' loud [?] man I'm high\nTalk a lil', make a lil' cash from my show now\nComin' from the gutters, I show you tryna blow now\nCome collect your lady or my nigga finna fuck\nI ain't really on her, got a [?] she got the part\nHold her down, she love the way I give a fuck\nPin her down, yeah she like it when a nigga rough\n\n[Bridge: ZieZie]\n(Yeah, yeah, yeah)\n\n[Chorus: ZieZie]\nBuss down, yeah she get the buss down (Buss down)\n10/10, man I hit a touch down (Touch down)\nNo one could take a shot now (Shot now)\nWe busy makin' love and smokin' kush now\nBuss down, yeah she get the buss down (Buss down)\n10/10, man I hit a touch down (Touch down)\nNo one could take a shot now (Shot now)\nWe busy makin' love and smokin' kush now\n\n[Outro: ZieZie]\n(Yeah, yeah, yeah, yeah, yeah, yeah, yeah, yeah)", "image": "https://images.genius.com/e8bb3fe11963967cd6a531a12c8209eb.1000x1000x1.jpg"}], "artist": "Aitch"}