{"songs": [{"title": "Look Alive", "album": "SIMI", "year": "2018-02-08", "lyrics": "[Intro: Drake, BlocBoy JB & Lil Juice]\nTay Keith, fuck these niggas up!\nYeah, yeah (ooh)\nYeah (ooh)\n6 God, BlocBoy, 6 God, BlocBoy (ooh) (word)\n6 God, BlocBoy, 6 God, BlocBoy (ooh) (BlocBoy, 6 God)\nYeah (hey)\n\n[Chorus: Drake & BlocBoy JB]\n901 Shelby Drive, look alive, look alive ('live)\nNiggas came up on this side, now they on the other side (word, word, word)\nOh well, fuck 'em, dawg, we gon' see how hard they ride (huh, fuck 'em)\nI get racks to go outside and I split it with the guys (outside)\nWe up on the other side, niggas actin' like we tied\nI've been gone since, like, July, niggas actin' like I died\nThey won't be expectin' shit when Capo go to slide (hah)\n'Cause I told them that we put that shit behind us but I lied (hah)\n\n[Verse 1: Drake]\nAyy, ayy, look who I'm around, man\nIf I fucked up, I'ma be downtown, man\nFourth floor bound, man, that's if I get caught, man\nPushed me to the edge, so it really ain't my mothafuckin' fault\nMan, I'm not to blame, man, this fuckin' industry is cutthroat\nI'm not the same, man, and I could let you check the tag now\nI'm rockin' name brand, I'm only chasin' after bags now\nI got a game plan and I'm out here with the woo!\n\n[Chorus: Drake & BlocBoy JB]\n700, three high fives, look alive, look alive ('live)\nNiggas came up on this side, now they on the other side (word, word, word)\nOh well, fuck 'em, dawg, we gon' see how hard they ride (huh, fuck 'em)\nI get racks to go outside and I split it with the guys (outside)\nWe up on the other side, niggas actin' like we tied\nI've been gone since, like, July, niggas actin' like I died\nThey won't be expectin' shit when Capo go to slide (hah)\n'Cause I told them that we put that shit behind us but I\u2014 (hah)\n\n[Verse 2: BlocBoy JB]\nBitch, come through (through)\nYou and you (you)\nI'ma get the money (word)\nDr\u2014Dr\u2014Drizzy get the loot (the loot)\nPu\u2014pu\u2014pull up with that Draco (huh?)\nPlay with Drake and I'ma shoot (that's on my mama)\nMy\u2014my\u2014my weapon be a instrument\nI'll blow you like a flute (rrah)\nNi\u2014ni\u2014nigga play so he feelin' it (feelin' it)\nPu\u2014pull up broad day with a K, now he shiverin' (he shiverin')\nDrop a nigga like he litterin' (huh?)\nW\u2014w\u2014we at your door like we the delivery (yeah, yeah, yeah)\nHe not a plug, he middle man (middle man)\nThat\u2014that nigga brown like cinnamon (cinnamon)\nI got the rounds like Sugar Ray Robinson (uh)\nShot to the chest have you gaspin' for oxygen (shots)\nI'ma spray 'em, just like Febreze (huh, like Febreze)\nCame a long way from sittin' in the nosebleeds (in the nosebleeds)\nNow a nigga on the floor talkin' to the athletes (to the athletes)\nNow I'm so close to the game that I could steal the stat sheet (stat sheet)\nIt's Bloc\n\n[Chorus: Drake & BlocBoy JB]\n901 Shelby Drive, look alive, look alive ('live)\nNiggas came up on this side, now they on the other side (word, word, word)\nOh well, fuck 'em, dawg, we gon' see how hard they ride (huh, fuck 'em)\nI get racks to go outside and I split it with the guys (outside)\nWe up on the other side, niggas actin' like we tied\nI've been gone since, like, July, niggas actin' like I died\nThey won't be expectin' shit when Capo go to slide (hah)\n'Cause I told them to put that shit behind us but I lied (hah)\n\n[Outro: Drake & BlocBoy JB]\nBehind me but I lied (that's on my mama)", "image": "https://images.genius.com/e7e7b150d3e07aee934b56fc1e510aa5.1000x1000x1.jpg"}], "artist": "BlocBoy JB"}