{"songs": [{"title": "August 5th", "album": null, "year": "2019-11-13", "lyrics": "[Verse 1]\nSeventeen, I\u2019m drinking out the bottle\nFifteen, not thinking about tomorrow\nThirteen, I\u2019m chasing dreams\nTwenty-four now, out\u2005on\u2005tour\n\n[Verse 2]\nTwenty-one, I\u2019m drowning\u2005out from sorrow\nFailing college and I\u2019m\u2005stuck here at a crossroad\nEighteen, I need release\nBattling insecurities\n\n[Chorus]\nOooh\nI\u2019m always at the end of the road\nAlways trying to see how it goes\nI don\u2019t know\nOooh\nI\u2019m always trying to get out my way\nAlways thinking it stays the same\nThe only thing that it does is change\n\n[Verse 2]\nTwenty-two, living in a small apartment\nMomma sick, work late so I can pay rent\nNine I was, bright-eyed\nWriting songs that could get me by\n\n[Verse 3]\nBottom line, there will always be a reason\nTo be scared or to be what I believe in\nRest assured, as long as I\u2019m breathing\nI\u2019m not running, I\u2019m not leaving\n\n[Chorus]\nOooh\nI\u2019m always at the end of the road\nAlways trying to see how it goes\nI don\u2019t know\nOooh\nI\u2019m always trying to get out my way\nAlways thinking it stays the same\nOnly thing that it does is change\n\n[Instrumental Break]\n\n[Chorus]\nOooh\nI\u2019m always at the end of the road\nAlways trying to see how it goes\nI don\u2019t know\nOooh\nI\u2019m always trying to get out my way\nAlways thinking it stays the same\nOnly thing that it does is change", "image": "https://images.genius.com/fcd3714119d16cbb9a080eb1cfa6ad44.1000x1000x1.jpg"}], "artist": "Baby Rose"}