{"songs": [{"title": "Don\u2019t Say It", "album": "High Art EP", "year": "2019-05-03", "lyrics": "[Chorus: B00TY]\nDon't say it, I can't hear you say it\nThe way you look at me, melt like you can't see a thing\nDon't say it, I can't hear you say it\nThey way you look at me, melt like you can't see a thing\n\n[Refrain: B00TY]\nI'm a little self-conscious, I'll be honest\nMy dreams are haunted by memories\nEverything I wanted, you were there to offer\nCouldn't wrap my head around it\nI'm a little self-conscious, I'll be honest\nMy dreams are haunted by memories\nEverything I wanted, you were there to offer\nCouldn't wrap my head around it\n\n[Chorus: B00TY]\nDon't say it, I can't hear you say it\nThe way you look at me, melt like you can't see a thing\nDon't say it, I can't hear you say it\nThey way you look at me, melt like you can't see a thing\n\n[Verse: David Sabastian]\nYou got me feelin' insecure, babe\nWe was such a sure thing\nI fucked up and ruined things\nI let my pride get in the way\nShit, it's hard for me to swallow it\nI always just defy that shit\nI lie and get some acid, try to hide that shit\nBut you always find that shit\nIt say you read my shit at 9:06, you know what time it is\nYou found out and said you over it\nI don't know what perfect is, but I know you're close to it\nYou need closure, please come over, don't be so emotionless\nReplace me with a clone and shit\nNow, what type of shit is this?\n\n[Chorus: B00TY & David Sabastian]\nDon't say it (Don't, don't)\nI can't hear you say it (No, no, no)\nThe way you look at me, melt like you can't see a thing\nDon't say it, I can't hear you say it\nThey way you look at me, melt like you can't see a thing\n\n[Refrain: B00TY]\nI'm a little self-conscious, I'll be honest\nMy dreams are haunted by memories\nEverything I wanted, you were there to offer\nCouldn't wrap my head around it\n\n[Chorus: B00TY]\nDon't say it, I can't hear you say it\nThe way you look at me, melt like you can't see a thing\nDon't say it, I can't hear you say it\nThey way you look at me, melt like you can't see a thing\n\n[Outro: B00TY]\nDon't say it, I can't hear you say it\nThe way you look at me, melt like you can't see a thing", "image": "https://images.genius.com/a52062b2824e66e606dd1cb7d9cbaae2.1000x1000x1.jpg"}], "artist": "B00TY"}