{"songs": [{"title": "Borderline", "album": "To Myself", "year": "2019-05-02", "lyrics": "[Intro]\nLa, la, la, la, la, la, la, la, la\nLa, la, la, la, la, la, la, la, la\n\n[Verse 1]\nHeavy, stuck in the motion\nBut we'll just keep it going\nTrying to find where we stand\nPlaying games like we're floating\nWe may both be grown but\nYou make me feel like a child\nIs this something worth saving?\nI just can't seem to gauge it\nThere's so much on my mind\nI can't even take it\nOut of touch and complacent\nIt's just the look in his eyes, mmh\n\n[Chorus]\nMaybe if I could just stop (If I could stop)\nThinking of him I'll be fine (Fine, fine)\nI don't know what to decide\nI'm still at the borderline (Borderline)\nMaybe if I could just stop (If I could stop)\nDreaming of him I'll be fine (Fine, fine)\nI don't know where to reside\nI'm still on the borderline\n\n[Bridge]\nLa, la, la, la, la, la, la\nLa, la, la, la, la, la, la, la, la\nLa, la, la, la, la, la, la, la, la\nLa, la, la, la, line\n\n[Verse 2]\nWe're still stuck in the motion\nI don't want you to notice\nBut you're stuck on my mind\nFeels like time has been frozen\nWe could hide in the moment\nBut I don't want to be blind\nNo, I\n\n[Chorus]\nMaybe if I could just stop (If I could stop)\nThinking of him I'll be fine (Fine, fine)\nI don't know what to decide\nI'm still at the borderline (Borderline)\nMaybe if I could just stop (If I could stop)\nDreaming of him I'll be fine (Fine, fine)\nI don't know where to reside\nI'm still on the borderline", "image": "https://images.genius.com/0645c25e1381f4bd1689d39c803cda57.1000x1000x1.jpg"}], "artist": "Baby Rose"}