{"songs": [{"title": "Purple Pistol", "album": null, "year": "2017-11-20", "lyrics": "[Yungdork]\nMy pistol purple bitch, and i\u2019m aiming at ya throat\nNiggas bopping when they hear my music, i know i\u2019m the goat\nIf a pussy talking down, hollow bullets hit his throat\nHella shooters on deck and they always on go\n\nMy pistol purple bitch, and i\u2019m aiming at ya throat\nNiggas bopping when they hear my music i know i\u2019m the goat\nIf a pussy talking down, he gone get hit with the scope\nHella shooters on deck and they always on go\n\nAmari got the shotty and he gonna catch a body\nWhile i\u2019m fucking on this thottie that\u2019s looking just like Kehlani\nI don\u2019t know, man i\u2019m trippin even though my shoes are tied\nHow you flexing with them bands but still asking for a ride?\n\nYou a lame, you a stain, please get away from me\nFuck a pool but i\u2019m swimming all up in the coochie\nPull up and shoot like i\u2019m J.J Reddick\nPull up in a romper she got a fetish\nI pull up my nigga you get the message\nI stay with the green i ain\u2019t talking lettuce\n\n[Luh Anxiety]\nThese pussies talking reckless like imma just let it go\nI call my choppa Elsa cause imma let that bitch snow\nBoy looking just like Rudolph the way that beam on his nose\nWe packing purple pistols like I was playing Saints Row\n\nChop through his head like a seminole\nI fuck with these bitches and many more\nThey say i\u2019m a strange individual\nYou fuck with me I let that semi blow\n\nStop talking to me and go get yo green\nI\u2019m drinking bullshit if it\u2019s PinkCodiene\nI wipe off his couch like i\u2019m Mr. Clean\nI\u2019m really just bout it you blowing steam\n\nDork hit that lil bitch and then he dipped\nEternity leavin I'm onna lift\nJust like Beyblade imma let it rip\nOnly blue hunnids but i ain\u2019t a crip\n\nSuck on my balls just like Bakugan\nShe catchin em all just like Pok\u00e9mon\nSee that pistol boy you better run\nMy shooters shoot shit just for fun\n\nAll of that shit that you speak, it\u2019s obsolete\nTell that bitch get off my meat, she must like to think\nBrain that she give make me tweak, pussy lil nigga you sleep\nSpray at ya feet, that\u2019s that control alt delete\nCapping like you really street, i\u2019ll put you to sleep", "image": "https://images.genius.com/44fbf48f39fe68485ce1d8fe756acd69.695x695x1.png"}], "artist": "Yungdork"}