{"songs": [{"title": "Take", "album": "Platinum Fire", "year": "2018-03-09", "lyrics": "[Chorus: Arin Ray]\nJust wanna take you home\nGirl, you know I don't wanna say no more\nIt's the truth, just want you\nI wanna take you home, yeah\nGirl, you know I don't wanna play no more\nIt's the truth, I want you, want you\n\n[Verse 1: Arin Ray]\nAutomatic waves when we touch base\nJust tryna fuck a bad bitch, it's a good day\nWe talk now and later, ain't just tryna parlay\nTried to tell you not to bring that ass around me, okay?\nNo tease, I want it all, love\nDon't trip, I won't get caught up, ayy\nYou got work, you better call off, off\nWhole week, you'll need it all off\nBaby, I don't mean to tell you what to do\nBut it's all this tension\n\n[Chorus: Arin Ray]\nJust wanna take you home\nGirl, you know I don't wanna say no more\nIt's the truth, just want you\nI wanna take you home, yeah\nGirl, you know I don't wanna play no more\n\n[Verse 2: Ty Dolla $ign]\nDolla $ign\nWe can take our time, we can take our time\nI'ma long stroke it for a long time\nSwimmin' in your pussy, I'ma dive in\nYour nigga keep blowin' up your line, put it on silent\nOkay, I just play my role\nTold me we should take it slow, yeah\nSex so good, got you shook, yeah\nSex so good, got you hooked, yeah, yeah\nBaby I don't mean to tell you what to do\nBut there's so much anguish\n\n[Chorus: Arin Ray]\nJust wanna take you home\nGirl, you know I don't wanna say no more\nIt's the truth, just want you\nI wanna take you home, yeah\nGirl, you know I don't wanna play no more\nIt's the truth, I want you, want you\n\n[Beat Switch]\n\n[Outro: Ty Dolla $ign]\nI love your assets, baby\nGet up and get this, oh, babe\nI love your body sight, baby\nI love it, baby\nJust give it time\nI know you're mine\nJust give it time", "image": "https://images.genius.com/a40de415a3fb750e6edd890b82b86d0f.600x600x1.png"}], "artist": "Arin Ray"}