{"songs": [{"title": "Fix", "album": "Another Level", "year": "1996-09-09", "lyrics": "More and more on and on\n\nYeah, can we get everybody to clap your hands\nA little something like this?\nCome on, say \"oh-oh\"\n(audience: oh-oh)\nScream!\n(audience: scream)\n\nOh, sugar girl, you sexy thing\nThat's right\nI like the way you swing, oh yeah\nAlways want to be your lover\nAlways want to be your lover\nOh, you can call me\nIf you need a fix or two\nGirl, you know how we do\nI got to get with you, all right, yeah\n\nYou can get me on the phone\nAnd dial my number, I'll be waiting\nYes, I will, when I see you\nWe'll be, yeah, yeah, yeah\nAll I want to do is drive you crazy, girl...\nThat's right, oh, baby, yes\nUh-uh come on\n\n1-If you need a fix\nLet me be the one you can call\nBlackstreet\nIf you want a fix\nAnd I can give you what you need, yeah\nIf you need a fix\nBaby, you know I can give you\nMore and more on and on\n\nYou don't have to worry, come on\nI'll be there for you, that's right\nIt's time for you to be my girl\nTime for you to be my girl...\n\nWe've been knowing each other for some time, girl\nOh, yeah\nAnd I don't know what I'd do without you\n(repeat 1)\n\nTeddy, jam for me, yeah\nI can give it to you, baby\nGet down, get down, get down, get down, down, down\nCome on, come on, yeah\nI can give it to you, baby\nI can give it to you, get down, down, down\nTake it to the priest\n(repeat 1)\n\nI can be your candy man...\nAnytime you want it baby, you call..\nGet down, get down\n\nIf you need a fix, say yeah\nEverybody come on, clap\nJust clap your hands...\n(rpt 1)\n\nIf you need a fix", "image": "https://images.genius.com/ab83a150f63f5f738331a172cac6c71e.1000x1000x1.jpg"}], "artist": "Blackstreet"}