{"songs": [{"title": "Girls", "album": "Licensed to Ill", "year": "1986-11-15", "lyrics": "[Produced by Rick Rubin]\n\nGirls \u2013 all I really want is girls\nAnd in the morning it's girls\n'Cause in the evening it's girls\n\nI like the way that they walk\nAnd it's chill to hear them talk\nAnd I can always make them smile\nFrom White Castle to the Nile\n\nBack in the day\nThere was this girl around the way\nShe liked my home-piece MCA\nHe said he would not give her play\nI asked him, \"Please?\" \u2013 he said, \"You may.\"\nHer pants were tight and that's ok\nIf she would dance, I would DJ\nWe took a walk down to the bay\n\nI hope she'll say\n\"Hey, me and you should hit the hay!\"\nI asked her out, she said \"No way!\"\nI should've probably guessed her gay\nSo I broke North with no delay\nI heard she moved real far away\nThat was two years ago this May\nI seen her just the other day\nJockin' Mike D. to my dismay\n\nGirls \u2013 to do the dishes\nGirls \u2013 to clean up my room\nGirls \u2013 to do the laundry\nGirls \u2013 and in the bathroom\nGirls \u2013 that's all I really want is girls\nTwo at a time \u2013 I want girls\nWith new wave hairdos \u2013 I want girls\nI ought to whip out my \u2013 girls, girls, girls, girls, girls!", "image": "https://images.rapgenius.com/83e0a1c9155bdf9ab74f10f8d7b7bf08.400x401x1.jpg"}], "artist": "Beastie Boys"}