{"songs": [{"title": "Hop On", "album": "Her - EP", "year": "2016-06-17", "lyrics": "[Intro: Stefflon Don & Angel]\nIf you really, really want it\nAll you gotta do is get up on it\n\n[Verse 1: Angel]\nYeah, really wanted to make love to me\nYou can come over here right now\nTake it off and kissing on, you loving on me\nLoving on me just to fuck with me\n24/7, I'm rocking D\nPlus I can see that you loving the thug in me\nGirl, just start back, give you the head up\nIf you're in a mood, you're getting your kitty messed up\nGirl, I got a thing baby girl, with her legs up\nBuy shots 'til the feds come\nI just hope that you, yeah, want it\n\n[Chorus: Angel]\nYou know that it's easy, yeah, oh babe\nGirl, you know I will be right here\n\n[Verse 2: Stefflon Don]\nBoy, you really want me to make love to you\nFuck up the sheets, go hard and contain on you\nLights out but boy, you know I'm gon' shine on you\nDon't worry 'bout my ass tight, gon' style on ya\nJust wrap my legs around your waist line\nIf you cum on me, I'll be you tig time\nOh, gimme hindsight, me no wanna be on a shy guy\nWet up the thing, man I hear on a dry cry\nHunnid gon' play, no queen, I'm a gutter so I'm a certified G\nMandem waiting for the D, oh and partybe no turn up at the hotel\nAngel you, got me feeling to my eyesight, trust me\nEyes on you, complain, I'mma too\nShy at sports so you know you gotta show a girl how to do it\n\n[Chorus: Angel]\nYou know that it's easy, yeah, oh\nGirl, you know I will be right here\n\n[Outro: Angel]\nFuck around and fall in love with me\nHe might come over here right now\nPush and shove cause I ain't got nothing on me\nHold up baby, got a glove with me\nYour body putting your hand on me\nPlus I can see that they seeing the thug in me\nGirl, just start back, give you the head up\nIf you're in a mood, you're getting your kitty messed up\nGirl, I got a thing baby girl, with her legs up\nBuy shots 'til the feds come\nI just hope that you really want it", "image": "https://images.genius.com/e8728e06e9408e9d994094e9e33ebfe6.944x944x1.jpg"}], "artist": "Angel"}