{"songs": [{"title": "Gone", "album": "Seasons ", "year": "2017-12-07", "lyrics": "Phone voice - Rah man like 169 uno!\n\nYou saying ive changed, textin me on my phone\nIts because of the fame\n\nBut when im on the road, nobody dont know my name\nIts just all in your head, cut you off all the same, all the same\n\nYou think your right, but honestly your just wrong\nWas out watching your back, while i'm finessing these songs, but still it ain't about you, looked deeper into my mind, only saying that I change cause i'm leaving you behind...\n\nShe call me up on my phone yeah\nBday party up the road yeah\nIm not wasting gas on you\nIm alright on my own yeah\n\nSame one said I switched up\nSame one said I acting different\nPlayed about 2 of my songs, yeah\nNot surprised you didn't even listen\n\nPRS i'm gettin' paid yeah\nEveryday a holiday\nTold these guys watch the space, 169 you gone remember the face, yeah\n\nSame one said I switched up\nSame one said I acting different\nPlayed about 2 of my songs, yeah\nNot surprised you didn't even listen\n\nYou saying ive changed, textin me on my phone\nIts because of the fame\n\nBut when im on the road, nobody dont know my name\nIts just all in your head, cut you off all the same, all the same", "image": "https://images.genius.com/f49a86b3838e590f08838105ae5aa877.1000x1000x1.jpg"}], "artist": "Tyrell 169"}