{"songs": [{"title": "So What", "album": "Church on Sunday", "year": "2019-11-08", "lyrics": "[Intro]\nEar Drummers\nMike WiLL Made-It\n\n[Verse 1]\nIf I run in, I know what's in the safe\n100 grand what\u2005my\u2005secretary make\nI'm a\u2005boss, I ain't never playin' a\u2005slave\nYou ain't street if you ain't never ran away\nLeave everything, set the bar\nSucker, you a dead man if your child tooken\nCoulda smacked 'em, but I let the guys whoop 'em\nI'm in a trap house with the pies cookin'\nWhen I arrive, I don't need to try\nSucker sharp, I'll leave you lickin' like a cow drippin'\nMillion dollars a year, how my style lookin'?\nIt don't even concern you how my house lookin'\nTalkin' on the phone, got my pal tooken\nLamborghini truck, how the miles lookin'?\nI've been savin' money for Kilo since he was locked up\nImagine how the pal lookin' (Gang)\n\n[Chorus]\nI got an attitude problem, so what? (So what?)\nI pour it down, throw heads up, so what? (So what?)\nI'm goin' to the top floor, so what? (So what?)\nYou gotta die one day, so what?\nSo what? (So what?) So what? (So what?)\nI got ice on me, so what? (So what?)\nSo what? (So what?) So what? (So what?)\nI keep a knife on me, cold cut\nI got an attitude problem, so what? (So what?)\nI pour it down, throw heads up, so what? (So what?)\nI'm goin' to the top floor, so what? (So what?)\nYou gotta die one day, so what?\nSo what? (So what?) So what? (So what?)\nI got ice on me, so what? (So what?)\nSo what? (So what?) So what? (So what?)\nI keep a knife on me, cold cut\n\n[Verse 2]\nYou from the hood, you gotta pack a pistol\nThey love the bad shit but hate the good stuff\nWanna be like me, you got to track my footsteps\nMama, I appreciate all the lil' stuff you did for me (Yeah)\nKeep it gravy, you know I'm here for you (Yeah)\nI counter hate, I count a prayer for you (Shit)\nYou my nigga regardless, it don't matter if he ain't had arms, I'll stir (For you)\nThey talk bad 'bout my brother behind his back\nAin't no matter 'cause I stood for ya (Gang)\nYou know they don't fuck with me in my hood\nMan, they mad 'cause I ain't do it for ya (Fuck 'em)\nSend a threat to me then I ain't good for ya (Puss)\nIf you wanna beef, I'm in the sewer for ya (Brr)\nI go and put the hittas on tour for ya\nMake a livin', hit the bricks, word, I ain't good for ya (Gang)\n\n[Chorus]\nI got an attitude problem, so what? (So what?)\nI pour it down, throw heads up, so what? (So what?)\nI'm goin' to the top floor, so what? (So what?)\nYou gotta die one day, so what?\nSo what? (So what?) So what? (So what?)\nI got ice on me, so what? (So what?)\nSo what? (So what?) So what? (So what?)\nI keep a knife on me, cold cut\nI got an attitude problem, so what? (So what?)\nI pour it down, throw heads up, so what? (So what?)\nI'm goin' to the top floor, so what? (So what?)\nYou gotta die one day, so what?\nSo what? (So what?) So what? (So what?)\nI got ice on me, so what? (So what?)\nSo what? (So what?) So what? (So what?)\nI keep a knife on me, cold cut", "image": "https://images.genius.com/5a1676adb7fbc4ce95056143d511d23f.1000x1000x1.jpg"}], "artist": "Blac Youngsta"}