{"songs": [{"title": "Me Too", "album": "Direction", "year": "2018-11-16", "lyrics": "[Verse 1:]\nLookin' like a, new whip new money\nI get it all mine they say ain't nothin you can do for me\nAnd I see your miss calls when I'm available\nGo ahead and take it personal, oh\nYou tried to play me, it ain't that easy\n\n[Post-Chours:]\nBetcha wanna know who I'm fuckin'\nIt shouldn't matter with nothin'\nIt's gonna hurt to see me in public\nYou can look but can't touch it\nAnd I was like\nSo sad, the one ya momma liked\nPlayed soft and walked right out ya life, oh\nI told you it the last time's the last time\n\n[Chours:]\nKnow you're thinkin' bout me\nWell I've been thinkin' bout me too\nOn there we gettin' a be-ee-ee\nCause I'm done thinkin' bout you\nIt's time I think about me too, too\n\n[Verse 2:]\nOne at a time\nI discovered all your lies\nAnd I followed all the signs\nAnd they led me out your life\nYou thought that I was so predictable\nYou couldn't see me wanting more\nI applauded at the door\nHad enough didn't need an encore\n\n[Post-Chours:]\nBetcha wanna know who I'm fuckin'\nIt shouldn't matter with nothin'\nIt's gonna hurt to see me in public\nYou can look but can't touch it\nAnd I was like\nSo sad, the one ya momma liked\nPlayed soft and walked right out ya life, oh\nI told you it the last time's the last time\n\n[Chours:]\nKnow you're thinkin' bout me\nWell I've been thinkin' bout me too (I've been thinkin' bout me too)\nOn there we gettin' a be-ee-ee\nCause I'm done thinkin' bout you\nIt's time I think about me too\n\n[Bridge:]\nAnd I be like oh (If you see me in the streets, don't speak, don't speak)\nAnd I be like oh (If you see me in the streets, don't speak, don't speak)\nPipe down baby hol' up\nNew guy got that soda\nOh baby, baby hol' up\nAnd I be like la, la, la, la, la\n\n[Chours:]\nKnow you're thinkin' bout me\nWell I've been thinkin' bout me too\nOn there we gettin' a be-ee-ee\nCause I'm done thinkin' bout you\nIt's time I think about me too\n\nKnow you're thinkin' bout me\nWell I've been thinkin' bout me too\nOn there we gettin' a be-ee-ee\nCause I'm done thinkin' bout you\nIt's time I think about me too\n\n[Outro:]\nAnd I be like oh (If you see me in the streets, don't speak, don't speak)\nAnd I be like oh (If you see me in the streets, don't speak, don't speak)\nHa ha!", "image": "https://images.genius.com/b62c1ffb464113279d624d5825e04682.630x630x1.jpg"}], "artist": "Ayanis"}