{"songs": [{"title": "This Town", "album": "Ama, who?", "year": "2019-11-15", "lyrics": "[Chorus]\n'Cause you were the best thing\nAnd I was the best thing in that whole town\nBut\u2005I\u2005was a mess\u2005then, yeah\nAnd you were still testing\n'Cause\u2005you were the best thing\nAnd I was the best thing in that whole town\nBut you were a mess then\nAnd I was still testing\n\n[Pre-Chorus]\nWhenever you leave and still have a doubt\nAnd I still breathe when I'm alone\nWhatever you need, as long as I know\nIt's when you just leave\nAnd I can't go\n\n[Chorus]\n'Cause you were the best thing\nAnd I was the best thing in that whole town\nBut I was a mess then, yeah\nAnd you were still testing\n'Cause you were the best thing\nAnd I was the best thing in that whole town\nBut you were the mess then, yeah\nAnd I was still testing\n\n[Verse 1]\nStay still crawling around\nStay still mentioning out, and I\nAnd I won't say I'm proud\nStay still, stay still, stay still\n\n[Pre-Chorus]\nWhenever you leave and still have a doubt\nAnd I still breathe when I'm alone\nWhatever you need, as long as I know\nIt's when you just leave\nAnd I can't go\n\n[Chorus]\n'Cause you were the best thing\nAnd I was the best thing in that whole town\nBut I was a mess then, yeah\nAnd you were still testing\n'Cause you were the best thing\nAnd I was the best thing in that whole town\nBut you were the mess then\nAnd I was still testing\nOh, no, no, no, no, no\n\n[Verse 2]\nWell I hiccuped\nLike I finished\nDoesn't matter if I get my way and (Da-da-da-da-da)\nI fight winning, if I'm in it\nChange my mind if I'm feeling strange and\nI will make the time if you say it will take me back\nCould've made it right when I said it\nBut you stood there smacked (Oh, you stood there)\n\n[Verse 3]\nI hope you ain't heard about my ways\nAnd that you were the one that kept me safe\n'Cause I had you and I knew it\nAnd that was before I blew it (Was before I blew it)\nAnd I hope you were saying (Uh, uh)\nHope is alive (Uh, uh)\nTried to be first\nBut no one survived\nI, I, okay, I'll stop, I'll stop\n\n[Pre-Chorus]\nWhenever you leave (Whenever you leave)\nAnd still have a doubt (And still have a doubt)\nAnd I still breathe when I'm alone\nWhatever you need, as long as I know\nIt's when you just leave, yeah, leave (Yeah)\nAnd I can't go\n\n[Chorus]\n'Cause you were the best thing (I know you believe me)\nAnd I was the best thing in that whole town\nBut I was a mess then, yeah (I was a mess then)\n(I know you believe me, baby)\nAnd you were still testing\n'Cause you were the best thing (I know you believe me, baby)\nAnd I was the best thing in that whole town\nBut you were the mess then (You were a mess then)\nAnd I was still testing\n\n[Outro]\nOh, no, no, no, no, no, no\nOh, no, no, no, no, no, yeah\nOoh, we, we, we, we, we\nWe were still testing each other\nWe were still testing each other", "image": "https://images.genius.com/34e8c5ab1573a28e52e1c738850945b7.1000x1000x1.jpg"}], "artist": "Ama Lou"}