{"songs": [{"title": "Show Me Love", "album": null, "year": "2019-09-17", "lyrics": "[Chorus: Alicia Keys]\nShow me love\nTreat it like we freakin' on the weekend, show me love\nI heat up\u2005the\u2005seconds, times and\u2005reasons for your love\nThis is not\u2005the season for nobody else but us\nI always get wrapped up in you, baby, I'm in love\nWe gon' get this love, yeah, like we never done it\nBaby, I'm in love\nGo 'head, show me love, like we never done it\nOoh, I got you runnin' every time I give you some\nShow me love, love\nShow me love, love\n\n[Verse: Alicia Keys, Miguel, Alicia Keys & Miguel]\nShow me love like you see red lights\nAnd you crashed in it like a deer inside of headlights\nYeah, I showed you love like it was passionate\nI just wanna bask in it, winnin' it like a championship\nYou gon' show me love like, like you tried it (Yeah) and denied it (Yeah)\nBut you still let me apply it (Yeah) like I made you put your ties in\nShow me lo-o-ove, even when you don't got time to\nI'll be there to find ya, I'll remind ya\n\n[Chorus: Alicia Keys, Miguel, Alicia Keys & Miguel]\nShow me love\nTreat it like we freakin' on the weekend, show me love\nI heat up the seconds, times and reasons for your love\nThis is not the season for nobody else but us\nI always get wrapped up in you, baby, I'm in love\nWe gon' get this love, yeah, like we never done it\nBaby, I'm in love\nGo 'head, show me love, like we never done it\nOoh, I got you runnin' every time I give you some\nShow me love, love, love, love, love\nShow me love, love, love, love, love\n\n[Bridge: Miguel & Alicia Keys, Miguel]\nBaby, you know what it is, yeah\nYou know what it is, yeah\nYou know what it is, yeah (Yeah, yeah, yeah-yeah-yeah)\nYou know what it is, yeah (Yeah-yeah-yeah, yeah-yeah-yeah)\nYou gon' show what it means to love (Yeah)\nWhat it is\nYou gon' show what it means to love (Yeah)\nWhat it is\n\n[Chorus: Alicia Keys, Miguel, Alicia Keys & Miguel]\nShow me love\nTreat it like we freakin' on the weekend, show me love\nI heat up the seconds, times and minutes for your love\nThis is not the season for nobody else but us\nI always get wrapped up, baby, baby, I'm in love\nWe gon' get this love, yeah (We gon' get it, get it)\nLike we never done it (We never did it)\nBaby, I'm in love\nGo 'head, show me love, like we never done it\nYeah, I got you runnin' every time I give you some\nYeah", "image": "https://images.genius.com/2938e9cb1a2824f5b127bf26d06c4ccb.1000x1000x1.jpg"}], "artist": "Alicia Keys"}