{"songs": [{"title": "The Format", "album": "The Format", "year": "2006-11-07", "lyrics": "[Produced by DJ Premier]\n\n[Intro]\nI'm ready...\n\n[Verse 1]\nYou know the chronicles, the shit that if mama knew\nThe stress the drama do, the TEC's phemonenal\nRapid fire, it pecks through the abdominal\nYou bastard liars, it's me who's the honorable\nBathed and clothed up, shaved and close cut\nRestraint from temptation was drained from both nuts\nHeh, now in the physical form\nVerbalize through the scriptures, I was Biblically born\nIt's I'ah, Jeremiah conceived through the blunt fire\nOn Kawasaki's, can wheelie up on one tire\nWell respected, jail connected\nGot the method for the pretty females perfected\nFor sure, very few flaws, heavy Chevy two-doors\nCandy paint it'll give a nigga the blue balls\nPause, this the life I chose\nDone did the 360, the cypher's closed; c'mon!\n\n[Chorus: scratching by DJ Premier]\nThe format is real sickening, contagious\nHere I come, AZ, there you go\nStill I don't have to run no game, I done those things\n\n[Verse 2]\nYoung and gifted, my tongue's prolific\nIn the beach bungalow is how I brung in Christmas\nFor the streets I'ma flow from the hungriest districts\nSwiss kicks, crisp when I come to them picnics\nPlay slow, paper chase stack and lay low\nRange Rove tinted, all black, the same old\nPsychic mind, righteous rhymes\nThat turned a new leaf on my life of crime\nNo concerns with new beef, who's as nice as I'm?\nIt's confirmed, from few feet I'm still a sniper blind\nBuilt my fame, spilt my pain\nPoliticking daily, still trying to milk the game\nIt's obvious that I'm real, rap skills remain\nI took some change and I'm still the same\n\n[Chorus: scratching by DJ Premier]\nThe format is real sickening, contagious\nHere I come, AZ, there you go\nStill I don't have to run no game, I done those things\n\n[Verse 3]\nLearnt the system, burned some izm\nJotted my jewels down like journalism\nHow I maneuve now, it'll merge the wisdom\nA pilgrim, prophesize putting words to rhythm\nRelating, I Adam Clayton it, manifestation, patient\nMeditatin' with them animals waitin', pacin'\nLike an inmate that sealed his fate\nLet some years escape, but I'm still in shape\nI'm chilling, deeply rooted, a beast with music\nFrom Bed-Stuy to the East, I'm too at peace to lose it\nBut love it, I still does it, breathing off a Trump budget\nFresh out of Bloomies with the Louis luggage\n\n[Chorus: scratching by DJ Premier]\nThe format is real sickening, contagious\nHere I come, AZ, there you go\nStill I don't have to run no game, I done those things", "image": "https://images.genius.com/637734d6e93c37453a0e5a362fc223df.745x745x1.png"}], "artist": "AZ"}