{"songs": [{"title": "\u200bshining on my ex", "album": "i don\u2019t care at all", "year": "2019-11-01", "lyrics": "[Intro: bbno$]\nIt's bbno$\n\n[Verse 1: bbno$]\nWhy she tryna bite me?\nWhy she tryna dite me?\nFlow be kinda frightenin'\nPull up like\u2005it's\u2005Spike Lee\nBetter tread\u2005lightly\nNeck, it look like ice cream\nTeeth\u2005slightly gold, yeah, it need a bit of whitening\n\n[Chorus: bbno$ & Yung Gravy]\nJohnny Depp, Boba Fett, that's a bet\nLil' check, lavish neck, yeah, it's shinin' on my ex\nYeah, what's next? Huh, shinin' on my ex\nYeah, what's next? Bitch, shinin' on my ex\nYeah, what's next?\nOff the Triple Sec, stuntin' on my ex\nGettin' PnB Rock type neck\nThat ain't a weird flex\nShinin' on my ex, yeah, what's next, bitch?\nShinin' on my ex, yeah, what's next, bitch?\n\n[Verse 2: Yung Gravy]\nThank you (Uh), next\nSend a text to your next bitch while I'm fuckin' on your ex\nAnd the text real direct (Yup)\nWreck-It Ralph playin' HD, 'cause the coochie gettin' wrecked (Big time)\nShe like, \"Damn, you're romantic\" (Ayy, ayy, ayy, ayy, ayy)\nGravy speakin' Spanish like I ain't even planned it (Whoa)\nHit it twice, then I vanish\nWalk up out the crib with an ice cream sandwich\n\n[Bridge: bbno$]\nShinin' on my ex with my neck, bitch\nGot them brown hundreds, I don't need a switch\nAlready selling copies, I don't need a pitch\nWhy your girl ask me how the hell I get my clean fit?\n\n[Chorus: bbno$ & Yung Gravy]\nJohnny Depp, Boba Fett, that's a bet\nLil' check, lavish neck, yeah, it's shinin' on my ex\nYeah, what's next? Huh, shinin' on my ex\nYeah, what's next? Bitch, shinin' on my ex\nYeah, what's next?\nOff the Triple Sec, stuntin' on my ex\nGettin' PnB Rock type neck\nThat ain't a weird flex\nShinin' on my ex, yeah, what's next, bitch?\nShinin' on my ex, yeah, what's next, bitch?\n\n[Segue: bbno$]\nDude, I'd be pissed off if this song blew up on TikTok\n\n[Verse 3: bbno$]\nHuh, I just copped a Honda, trip this shit (Ooh)\nAnd I'm with the quick, Denzel on my wrist\nShe all be tryna lick\nYou lookin' like some plaque, I'm a toothpick\nMoney feelin' exponential, glad I'm mathematic\nFlip a bag, I'm acrobatic (Woo)\nCouple foreign ass rugs in my crib, Aladdin (Aladdin)\nMoney keep comin' in, always want Madden (Mad)\nDroppin' to the terrace, yeah, comin' for me clappin'\nAnd the milli' gettin' close, yeah, I'm closin' in the gap (Ayy)\n\n[Outro: bbno$]\nHuh, shinin' on my ex, yeah, what's next, bitch?\nShinin' on my ex, yeah, what's next? Huh\nShinin' on my ex, yeah, what's next? (Yeah, what's next? Yeah, what's next?)\n'Cause I'm shinin' on my ex, huh\nShinin' on my ex, yeah, what's next, bitch?\nShinin' on my ex, yeah, what's next?\nShinin' on my ex, yeah, what's next, bitch?\nShinin' on my ex, yeah, what's next, bitch?", "image": "https://images.genius.com/c18bf60694942dbcfcb433159199a582.1000x1000x1.jpg"}], "artist": "\u200bbbno$"}