{"songs": [{"title": "Smack That", "album": "Konvicted", "year": "2006-09-26", "lyrics": "[Intro: Akon]\nShady, Konvict, Upfront\nAkon, Slim Shady\nI see the one, could she be that lady? Ayy\n\n[Chorus: Akon]\nI feel you creepin', I can see you from my shadow\nWanna jump up in my Lamborghini Gallardo?\nMaybe go to my place and just kick it like Tae Bo?\nAnd possibly bend you over?\nLook back and watch me\nSmack that, all on the floor\nSmack that, give me some more\nSmack that, 'til you get sore\nSmack that, oh-oh-oh-oh-oh\nSmack that, all on the floor\nSmack that, give me some more\nSmack that, 'til you get sore\nSmack that, oh-oh-oh-oh-oh\n\n[Verse 1: Akon]\nUpfront style, ready to attack now\nPull in the parking lot slow with the 'Lac down\nKonvict's got the whole thing packed now\nStep in the club and wardrobe intact now\nI feel it, dawnin' cracked now\nOoh, I see it dull and backed now\nI'ma call her, then I put the mack down\nMoney no problem, pocket full of that now\n\n[Chorus: Akon]\nI feel you creepin', I can see you from my shadow\nWanna jump up in my Lamborghini Gallardo?\nMaybe go to my place and just kick it like Tae Bo?\nAnd possibly bend you over?\nLook back and watch me\nSmack that, all on the floor\nSmack that, give me some more\nSmack that, 'til you get sore\nSmack that, oh-oooh\nSmack that, all on the floor\nSmack that, give me some more\nSmack that, 'til you get sore\nSmack that, oh-oh-oh-oh-oh\n\n[Verse 2: Eminem]\nOh, looks like another club banger\nThey better hang on when they throw this thang on\nGet a little drink on, they gon' flip\nFor this Akon shit, you can bank on it\nPedicure, manicure, kitty-cat claws\nThe way she climbs up and down them poles\nLookin' like one of them Putty-Cat Dolls\nTryin' to hold my woodie back through my drawers\nSteps upstage, didn't think I saw her\nCreeps up behind me, and she's like \"You're \u2014\"\nI'm like, \"I know, let's cut to the chase\"\nNo time to waste, back to my place\nPlus from the club to the crib, it's like a mile away\nOr more like a palace, shall I say\nAnd plus, I got a pal if your gal is game\nIn fact, he's the one singin' the song that's playin' (Akon!)\n\n[Chorus: Akon]\nI feel you creepin', I can you see from my shadow\nWanna jump up in my Lamborghini Gallardo?\nMaybe go to my place and just kick it like Tae Bo?\nAnd possibly bend you over?\nLook back and watch me\nSmack that, all on the floor\nSmack that, give me some more\nSmack that, 'til you get sore\nSmack that, oh-oooh\nSmack that, all on the floor\nSmack that, give me some more\nSmack that, 'til you get sore\nSmack that, oh-oooh\n\n[Verse 3: Akon]\nEminem's rollin', D and 'em rollin'\nBu and all marvelous, them rollin'\nWomen just ho-in', big booty rollin'\nSoon, I'll be all in them and throwin' D (D)\nHittin' no less than three (Three)\nBlock wheel style like whee (Whee)\nGirl, I can tell you want me, because lately\n\n[Chorus: Akon]\nI feel you creepin', I can see you from my shadow\nWanna jump up in my Lamborghini Gallardo?\nMaybe go to my place and just kick it like Tae Bo?\nAnd possibly bend you over?\nLook back and watch me\nSmack that, all on the floor\nSmack that, give me some more\nSmack that, 'til you get sore\nSmack that, oh-oooh\nSmack that, all on the floor\nSmack that, give me some more\nSmack that, 'til you get sore\nSmack that, oh-oh-oh-oh-oh", "image": "https://images.genius.com/5a7b51681919cfd5dcfe3432ed566e93.640x640x1.jpg"}], "artist": "Akon"}