{"songs": [{"title": "Fire In The Booth", "album": null, "year": "2017-06-03", "lyrics": "[Verse 1]\nIn my hood things never change\nSame old shit man I guess it's just a different day\nIn my hood things never change\nSame old shit man I guess it's just a different day\nI get it popping cause I'm popping I'm a trending topic\nThey put my life inside the news now everybody's watching\nPlayed it on the big screen, mummy she could barely watch it\nShopaholic had me on the net tryna find a coffin, put it in my basket\nNightmares, dreaming 'bout my brother in a casket\nHungry for some blood but I restrain like I'm fasting\nThinking 'bout the past, but the past I can't get past it\nI see these niggas laughing, it must be all a joke to them\nI don't wanna hole in one, I don't wanna hold a tec\nGet charged with manslaughter, say it was an accident\nMac so pristine, eleven shots so clean man I call this shit immaculate\nI'm drunk in this hate, I just wanna be sober\nThe heart of a lion but the lungs of a smoker\nBilling in the BM can you smell the aroma?\nBlowing on my swisher 'till this shit blows over\nAll the shit I done and didn't do, points that I didn't prove\nShorties that I didn't fuck, honeys that I didn't screw\nThey might try and set me up, reason I don't fuck with them\nOnly love me when I'm up so I ain't got no love for them\nI treat the pussy like a gun, rubbers if I fuck with them\nBut mummy raised me way better, I could never touch a skeng\nI could never trust a bitch\nGirls are mousetraps they can easily get you pinched, leave the Berna in a ditch\nBut fuck all these bitches man I'm just chasing these figures\nSplit the profit with my people, split the change with my jigga\nNow they changed on a nigga\nTryna ball like I'm Griffin so I won't hesitate to cut a nigga off like The Clippers\nMight just ditch 'em and go\nMe, S and R.J. on the hill with some crow\nGot me flying in the sky like the nest was my home\nMy luck is changing for the better like I saw two of those, now I'm shutting down shows\nFlashing lights and they're blinding me, but I'm not blind to see\nRed eyes in the back row, I can see them eyeing me they wanna put a knife in me\nTell my sister Jenny that it's just a dream\nGod has got my back he's got his eye on me\nDon't worry, my sister, they'll never hurt me, my sister\nCouple years I'm gonna pull up in a German, my sister\nBig house on the hills, stop working, my sister\nWhen I touch a hundred mil you know it's curtains my nigga\nTryna tell 'em me and Sasha got the blueprint, game hova\nDate on the beach, watching time pass I need a Daytona\nPretty young thing, I tell her come and stay over\nAnd fling your pretty little ass in my Range Rover\nRapping like a full-time job, this ain't a hobby\nEverybody watching my face when I'm in colly\nTryna be the hardest rapper coming out of Essex\nBut everybody listens to Potter like they was Dobby\nAnd rap is what I'm in to, these fuckeries that I've been through\nChildren of the Lord but we have to sing just to get through\nTryna put my people on, get the green like it's Pondu\nTake 'em off the road to a better life we can live through\nTryna show 'em my vision, don't want them inside a prison\nThe gang life's dark like the world is solar eclipsing\nNeed a maid in the kitchen, lotta pyrex in the dishes\nSome slaves to the system, our value is slowly sinking\nBut let's talk about some better days\nAfter my first show I saw my mother's face\nAnd when I went to BBC I had to celebrate\nCause Sian you brought me through, I still thank you ay\nMan I had to drop some fire to get in this booth\nAnd now I'm kicking it with Charlie and we in the booth\nThey can't tell me bout the hustle, I'm the living proof\nI don't fabricate my lines this is all the truth\nAnd it's true that I'm fucking cold\nSo when I touch a hundred racks man I'm fucking broke\nNiggas changing on their niggas for a couple notes\nBut people change around the figures, I ain't one of those\nMan I'm tryna make a living off the music ting\nAnd when I make it to the top, I'mma bring my bros\nNiggas asking for a verse you better be careful\nBecause too much of Berna you might overdose\nLet you see the holy ghost, holy flows\nMy raps got these pussies tryna blow like a snotty nose\nI'm the new gen, take the L we're just seperating new and old\nMy energy and lyrics is what separates us and those\nSo I'mma keep killing shit until I'm grey and old, 'till I'm in a hearse in the dirt\nFor my brother in sky and for my brothers on the curbs\nThrow shade on my name, but I worked and I worked\nTryna take me out the game, motherfucker do your worst\n\n[Verse 2]\nHow did it get like this, BBC wanna play my tings\nGot these rappers like how'd he accelerate so fast like an S line did\nFlammable flows but how'd he get so many views on his first bludclart vid\n600k, I need 600k in my bank so I can go buy my mumzy a crib\nNow she's well off\nThey were on top, they fell off\nSubstitute pricks get sent off\nNegative vibes I dead off, don't get it twisted you'll still hold corn like Kellogg's\nGunshots I don't buss off, I'm a street fighter let me get my Ryu and Ken on\nTell man fuck off, his girlfriend's back got bruk off\nGive back shots then jog on\nBare man talk bare chatter, indirects on twitter\nThem boy don't want passa\nMan get spun like spanner cause I drill on beats like Mazza\nTell a big man go man up, tell a peng girl come dagger\nBig batty have to get grab up\nTell all the mandem stand up, this ain't a hobby my g I'm a bludclart rapper\nFuck that\nCan't tell me 'bout pain cause I've been there, done that\nEver since a rugrat, mummy told me be safe, watch out for the fakes don't trust man\nRemember broke days, had no papes on my oyster nobody with a pound tryna bus man\nI got gyal wanna chat about I'm married to the paper so it's bigger me if I cuff that\nIn the damn cold, looking damn cold, no heat\nBut this boy's strapped with the damn smoke\nFour man in a four door tryna get home\nBump cab take bossman to the back road\nJump out the ride and run off\nI've seen bare man hype then run off\nI'm a lord on the mic, best run off\nAnd any boy on the mic get run off\nAnd it's real talk if I don't get signed, then the game is fixed\nI hate these pricks, it's ip, dip, do take your pick\nWatching face you'll take a pic I'll make him dash like Damien did for talking shit\nTaking shots I'll take my kick, no leg shots I aim for wigs\nGive back shots, take my kids\nE.T I'm an alien kid, produce storms like Fraser Smith\nIt's a lot I'm Crazy Titch\nFly boy I can take your bitch, act flash yeah I'll take your wrist\nCartier where your wrist be, tell my man shake it off like Taylor Swift\nBut who knows\nHey Charlie, everybody saying they're the best I just wanna see who blows\nTimes up, they're speechless, tell 'em tick tock no fevers, not even\nThey're not on par with the kid, they're weakling\nFlows penetrate through your skull, they're bleeding\n[?] to your pelvic bone, they're leaning\nIf I see feds on my toe I'm skeeting\nTwo tryna draw from a 10 that's reaching\nPeng girl with a nice back, I'm beating\nPeng girl from the opp block, I'm breezing\nKick back with some am please I'm cheesing\nBack on my shit I got no choice\nI'm back and I'm pumped like I'm on roids\nI bang 14 racks on a 14, I should've got left on the wing like I'm Reus\nYou can't violate me, cause I'm not moist\nAndy with the tec yeah he's got toys\nEverybody wanna rap, trap, bang, you can bang 'till you're trapped in the can tryna wrap joints\nXL checking his pulse, he ain't talking\nLand of the dead, these pricks are still walking\nGarbage, lifting 'em up just like forklifts\nWashed out, man are old school like Walkman\nI'm about to leave the whole scene behind\nTell the fuckboy kiss on my behind\nThese pussies niggas be feline, if you don't rate me suck your mum three times\nJumped on this music, man it's been fun\nSwear I can rap on the beat all day\nYou better me, this ain't how this turn\nM a fuckboy tryna catch me a case\nHeat up the booth now the place all humid\nHarder to breathe like I punctured a lung\nAll over socials mouths just running\nTold them before\nIf you want bars, man I have loads\nYou can have those, little pricks get hot cause I'm so damn cold\nMy bro, no negativity in my zone\nNose he can get blocked like a damn cold\nNiggas on the block still getting packs sold\nCause they're trapped in the trap juggin' on a trap phone\nPeople still asking what is this flow\nGrime and rap but I got a trap tone\nCause I grind hard and I won't stop 'till I'm so sick\nSwipe cards, tryna get pins like I'm bowling\nMy success is too hard to stomach, but they're gonna feel this in their colon\nLeave mouths open, foreheads open\nBoot down doors and we leave doors open\nBoots man's face 'till we leave jaws broken\nConquering land in my sliders, bitch I'm a Roman\nDidn't wanna choose me, now I'm chosen\nAsking the Lord to remove these omens\nHe touched my g swear down I should've dipped him, but I let it go cause the left heart's frozen\nLifestyle's cold like I'm living in Poland\nGyal want D, coming 'round for the poling\nNiggas want beef, but they move like sheep cause they jump on beats and repeat these flows like\nAy, wait, everybody raps like this, and everybody raps like that\nAy, ay, everybody say they got tings, and everybody say they got shanks\nAy, what, hit my man with a fist, everybody say they got waps\nBut all of these cats are silly, I don't wanna hear that\nIf you ain't bad brudda please don't do it\nAnd don't talk tough if you ain't gon' do it\nI know guys in the ride and they're ready to ride with a bat by their side and them boys will do it\nPlease don't come with the tough talk\nWatch how I stroll off, that's a gun walk\nIt's Berna man they already knew this\nI got guys looking round all clueless\nAnd that's some inspirational shit\nThat's the shit that'll give a nigga goosebumps\nMe and Sash tryna pull up at the MOBO's, in a all white suit like the Ku Klux\nNeed a Porsche with L.V. seats, cause the sauce been dripping like Alpo\nMMLC bling so damn cold, have to drown that shit in Calpol\nI gotta let go of the F life, but it don't wanna leave, wanna hold me\nI have XL dreams when I sleep, but I have one foot out and it's so deep\nAnd the whole scene follows, they're all sheep\nCatch me on my Little Bro Peep shit\nYeah they all wanna ride on a wave, no fuck that shit I'm creating a wave, jump on make 'em sea sick\nI smile everyday cause I love rap\nGet spuds on roads got 'nuff fans\nI got peng tings all on my insta\nI got 'nuff shorties tryna hug man\nShout out to my chocolate darling, I need a girl with a French name like Beyonc\u00e9\nBonjour ma ch\u00e9rie, bienvenue de ma vie\nBy the way, Je parle fran\u00e7ais\n\n[Verse 3]\nThey can't be where I've been, see what I've seen\nSeen guns tucked under them jeans\nOut for the cream\nSo every boy's in the hood tryna be a dough boy 'till the boy gets left in the streets\nOut here's peak, no mixtape but everyday a boy gets leaked\nTen toes with your feet only robbing ten bros in my team if war with Berna you better grab that\nNever, on who, on me, on we fuck that they can never stop me\nMC's will envy, lowkey bred me, they've been in the game so lengthy\nI just hopped in the scene two minutes ago, how have I got these riddims and flows?\nJump in the Ghost, let's go cause I ride with spirits like F Note\nI'm gassed like petrol, triggering alarms when I smoke MC's like baccy\nBlacked out trackie, baggie, scatty, looking like a drug dealer\nNo bark got links for the ammi\nFour man hopped in the passy, how many fares have I paid to the cabby\nHow many times have I slapped up yutes then I put MC's in nappies\nYou fucking babies, are you crazy?\nTell me why they act so......\nI grind everyday I've been about since igrime, daily\nNobody can tame me, nobody can faze me\nNo fool can graze me, no prick can name me, hit yutes back to the 80's\nBro are you mad are you insane, I'm in the game\nThis isn't EA, I'm in the game\nI need a Musane and two chains\nMight cop a new ting with loose change\nWhen you hear Berna that's two flames\nGripping on two shanks that's two flames\nGyal wanna snapchat, that's two flames\nNow I'm on a rampage, who's to blame\nWho's to blame for this shit?\nNah, who's to blame for these kids?\nJust cause you got 10k followers on insta you think that you're famous and shit?\nYou want a man with a German whip, you want a man with L.V. kicks\nHow you move so classy 'till you walk past me next day you're sucking on semen\nCause you're taking the piss, really you're taking the mick\nOut here taking a risk, taking a figs\nIf I lick a stain for 12 racks, bro bro's taking 6\nTryna [?]\nNigga fuck Views From The 6, I'm out here views from the sticks\nThis is my gift, for a verse better pay upfront can't take this shit on a tick\nEveryone around me is dying\nIf I said I ain't scared for my life right now, I'm lying\nMum don't want me out on the roads and I swear on my life I'm trying\nAll the late nights got mum stressing\nAll the late nights make mum question\nIs Berna gonna get hit with a burner or am I gripping a weapon\nThis life's got me moving didgy, silly\nWay too para got me rolling to school with a flicky[?]\nBoy's outside of my colly, who is he?\nIf he steps up then a boy get chingy\n\"Oh shit it's Berna can I get a pic real quick\" man pulled out a selfie stick\nNuts, man could've got dipped all it takes is a flick of the wrist\nHe could've got lift up\nIn a fast track lane to the top fuck stairs get lift up\nI look so fly in the stuff that we wear but there's times that we've been bruk\nI'm not tryna be like them boy there from time we've been us\nAnd when the hard work all pays off kick back with my feet up\nBut right now we grind, in the dark yeah we shine\nHit the trap if this flops, bun the chicks I need prof\nBun the gyal I need dimes, Cartier with big rocks\nFuck the stress I need top\nWinning season you lost\nBerna be the boy boss\nFuck you all, the scene's mine\nWhat", "image": "https://images.genius.com/89893a741b92477dbb3a0c605f2b2994.1000x563x1.jpg"}], "artist": "Berna"}