{"songs": [{"title": "Go Dance", "album": "Afrowave 3", "year": "2019-08-16", "lyrics": "[Intro: Afro B & Busy Signal]\nAy (Brr)\nYeah,\u200a yeah, yeah (Gyal)\nAy\u200a (Turf)\nYeah, yeah, yeah\nAfro B for the gyal dem (Ay)\nSignal\u200a deh yah now (Yeah, yeah, yeah)\nGirl\u200a let me see you dance\nDance, dance for the money suh\nAy\u200a\n\n[Hook: Afro B]\nShe go dance for the money, ahh\nShe go dance for the money (De, de, de)\nShe go dance for the money, ahh\nShe\u200a go dance for the money (De, de, de)\nShe go dance for the money, ahh\nShe go dance for the money (De, de, de)\nShe go dance for the money, ahh\nShe go dance for the money (De, de, de)\n\n[Post Hook: Afro B & Busy Signal]\nTick and tock (Ay), tick and tock (Gyal)\nTick and tock (Go deh), tick and tock (Ay, gyal)\nTick and tock, tick and tock (Gyal)\nShe go dance for the money (De, de, de)\nTick and tock (Tick, tock), tick and tock (Tick tock)\nTick and tock (Tick tock), tick and tock (Gyal)\nTick and tock, tick and tock\nShe go dance for the money (De, de, de)\n\n[Verse 1: Afro B & Busy SIgnal]\nThe bede bum, bede bum, bede bum, bede bum\nHas me got crazy\nHuh, why you gwarn say like you are my baby?\nHuh, she waan take, wann take all of my money\nTake the money, gyal\nAnd I don't, I don't what to do\n\n[Verse 2: Busy Signal]\nWhen we pull up\nGyal dem a bu-bu-bu-bubble, bubble\nBubble fi di money\nGyal dem a wine and a bounce pon me\nShe backing it up\nAnd then she turning it up for me\nWining you make it look so easy\nIce 'pon me neck and mi wrist do the talking\nDead president she need it from me\nGyal start wine then she turn round snap a picture right in front\nThe Lamborghini\nAlright, money and flow\nDem yah gyal yah like\nPocket full a cash that's alright\nBottles and models are the things we like\nBaby, I can do this all night (Brr)\nWhen we step out step out\nDem guh crazy dem dance fi di money yo\nTell president Afro b\nWhen the gyal dem see wi dem dancing loko\n\n[Hook: Afro B & Busy Signal]\nShe go dance for the money, ahh (Gyal)\nShe go dance for the money (De, de, de) (Brr)\nShe go dance for the money, ahh (Ay)\nShe go dance for the money (De, de, de)\nShe go dance for the money, ahh\nShe go dance for the money (De, de, de)\nShe go dance for the money, ahh\nShe go dance for the money (De, de, de)\n\n[Post Hook: Afro B]\nTick and tock, tick and tock\nTick and tock, tick and tock\nTick and tock, tick and Tock\nShe go dance for the money (De, de, de)\nTick and tock, tick and tock\nTick and tock, tick and tock\nTick and tock, tick and Tock\nShe go dance for the money (De, de, de)\n\n[Verse 3: Afro B]\nShe say she wann move\nSay she wann dance\nSays she wann chop\nSay she wann leave\nSay she wah go\nSay she wann, says she wann, say she wann\nShe say she wann move\nSay she wann dance\nSays she wann dance\nSay she wann go\nSay she wah chop\nShe wanna chop my money\nOh my gosh\n\n[Hook: Afro B & Busy Signal]\nShe go dance for the money, ahh\nShe go dance for the money (De, de, de)\nShe go dance for the money, ahh (Dance for money)\nShe go dance for the money (De, de, de) (Gyal)\nShe go dance for the money, ahh (Ay, gyal)\nShe go dance for the money (De, de, de)\nShe go dance for the money, ahh\nShe go dance for the money (De, de, de)", "image": "https://images.genius.com/a08c8ddbc3831b341e2e299ab40434c0.1000x1000x1.jpg"}], "artist": "Afro B & Busy Signal"}