{"songs": [{"title": "Gone Mad", "album": "The Vision ", "year": "2017-04-02", "lyrics": "[Verse 1: Blay Vision]\nThis world's so lost\nSo many pricks on the road, I feel like I'm doubting God\nYou can join the army at sixteen but can't buy COD\nIt's like I'm livin' in backwards times, nobody's on job\nI told mandem don't watch my steedz\nCah' manaman's gone\nDo you think I'm sittin' here waiting for life, do you know what I'm on?\nI smoke weed, cah speaking to normal\nBruddahs is overly long\nThere's no unity in north, don't bore me with get along songs\nI might sound anti but man I ain't wrong, no\n\n[Hook: Blay Vision]\nEveryone's gone mad, everyone's gone mad\nEveryone's gone mad, everyone's gone\nEveryone's gone mad, everyone's gone mad\nEveryone's gone mad, everyone's gone\nEveryone's gone mad, everyone's gone mad\nEveryone's gone mad, everyone's gone\nEveryone's gone mad, everyone's gone mad\nEveryone's gone mad, everyone's gone\n\n[Verse 2: Jme]\nI'm vexed\nFeds drive bait on their mobile phone but nobody checks\nYou can't watch porn at sixteen but you can have sex\nEverybody is a DJ now, when they never had decks\nShould really call it a music jockey, but MJ's dead\nSchool kids meaning a whole next ting when they talk bout chef\nMan are in jail for a plant when the government profit off death\nI'm a MC but maybe I should've been a MP instead\n'Cause all of these lot don't make sense, no\n\n[Hook: Blay Vision]\nEveryone's gone mad, everyone's gone mad\nEveryone's gone mad, everyone's gone\nEveryone's gone mad, everyone's gone mad\nEveryone's gone mad, everyone's gone\nEveryone's gone mad, everyone's gone mad\nEveryone's gone mad, everyone's gone\nEveryone's gone mad, everyone's gone mad\nEveryone's gone mad, everyone's gone\n\n[Verse 3: Blay Vision]\nI tell 'em again we all have gone mad\nMarijuana is banned, but cigarettes cajj\nI've seen man get bun for less than a gram\nIt's mad cah' that gun should've never got here from ___\nSchool kids in class just buckin' them xans\nI can't blame 'em, the shit that they teach can send a man 'Dam\n'Does nobody read what 'dem man are teachin', or was that the plan?\nAccording to history, we started as slaves, family, it's a sham\n\n[Hook: Blay Vision]\nEveryone's gone mad, everyone's gone mad\nEveryone's gone mad, everyone's gone\nEveryone's gone mad, everyone's gone mad\nEveryone's gone mad, everyone's gone\nEveryone's gone mad, everyone's gone mad\nEveryone's gone mad, everyone's gone\nEveryone's gone mad, everyone's gone mad\nEveryone's gone mad, everyone's gone\n\n[Bridge: Blay Vision]\nTold 'em again, yeah\nI told 'em before and I told 'em again\nSaid I told 'em before and I told 'em again\nEveryone's gone mad, everyone's gone mad\nEveryone's gone mad, everyone's gone\nEveryone's gone mad, everyone's gone mad\nEveryone's gone mad, everyone's gone\n\n[Hook: Blay Vision]\nEveryone's gone mad, everyone's gone mad\nEveryone's gone mad, everyone's gone\nEveryone's gone mad, everyone's gone mad\nEveryone's gone mad, everyone's gone\nEveryone's gone mad, everyone's gone mad\nEveryone's gone mad, everyone's gone\nEveryone's gone mad, everyone's gone mad\nEveryone's gone mad, everyone's gone", "image": "https://images.genius.com/ea22e288e3ed9d5f8018749ec9b8748f.1000x1000x1.jpg"}], "artist": "Blay Vision"}