{"songs": [{"title": "Charcoal Baby", "album": "Negro Swan", "year": "2018-07-26", "lyrics": "[Verse]\nWhen you wake up\nIt's not the first thing that you wanna know\nCan you still count\nAll of the reasons that you're not alone?\nWhen you wake up\nIt's not the first thing that you wanna know\nCan you still count\nAll of the reasons that you're not alone?\n\n[Chorus]\nNo one wants to be the odd one out at times\nNo one wants to be the negro swan\nCan you break sometimes? (sometimes)\nCan you break sometimes? (sometimes, ooh)\nCharcoal make it start and make me liked at times\nLick me till it cleans all of the world\nCan you break sometimes?\nCan you break sometimes? (sometimes)\n\n[Verse]\nWhen you wake up\nIt's not the first thing that you wanna know\nCan you still count\nAll of the reasons that you're not alone?\n\n[Chorus]\nNo one wants to be the odd one out at times\nNo one wants to be the negro swan\nCan you break sometimes? (sometimes)\nCan you break sometimes? (sometimes, oh)\nCharcoal make it start and make me liked at times\nLick me till it cleans all of the world\nCan you break sometimes? (sometimes)\nCan you break sometimes? (sometimes)\n\n[Interlude]\nCan you break sometimes?\nNo one, no one\nCan she break sometimes?\nNo one, no one\nCan you break sometimes?\nNo one, no one\nCan she break sometimes?\nNo one, no, no one\n\n[Outro]\nCan you break sometimes?\nCan you break sometimes?\nCan you break sometimes?\nCan you break sometimes?", "image": "https://images.genius.com/aad8d9928bbae76247e27513da5d6e6a.1000x1000x1.jpg"}], "artist": "Blood Orange"}