{"songs": [{"title": "High Tolerance", "album": null, "year": "2017-03-16", "lyrics": "[Verse: Ameer Vann]\nIt's another night, I wish I wasn't cold\nI just bought a bag and smoked it on my own\nI just bought an eighth, chewed it, now I'm tripping feeling like\nI need something stronger tonight, I be feeling lonely at night\nAnd no matter how much I be smoking, drinking, sipping\nI ain't ever high, I'm coming down\nAnd I don't care how long it take you to get here\nNigga, I need something now\nMy feet can't ever touch the ground, I need it every morning\nNeed a little 'fore I'm sleeping\nEverybody want it, I just go and get it\nNigga, why you mad at me?\nIt's another night, I keep a sweet rolled\nI light it on fire and turn it into smoke\nI still ain't fucking high, I need a little more\nStory of my life, trying to save my soul\nEverybody talking, somebody ought to listen\nI've been feeling different, every time I wake up, niggas in the kitchen\nBut they ain't eating nothing, they ain't cooking chicken\nBoiling water getting harder, using dishes\nTrapped up in the kitchen\n\n[Outro: Joba]\nBa, da, ba, do, wa, ba\nBa, da, ba, do, wa, ba\nBa, da, ba, do, wa, ba\nBa, da, ba, do, wa, ba\nBa, da, ba, do, wa, ba\nBa, da, ba, do, wa, ba\nBa, da, ba, do, wa, ba\nBa, da, ba, do, wa, ba\n\n[Outro Continued: Joba]\nWhatcha doing with your day?\nWhatcha doing with your night?\nWhatcha doing with your mind?\nWhatcha doing with your time?\nGet up off your... ass\nGet up off your ass\nWhatcha doing with your day?\nWhatcha doing with your night?\nWhatcha doing with your time?\nWhatcha doing to your mind?\nGet up off your ass\nGet off your ass", "image": "https://images.genius.com/a9998b15ca65bc7b025ff37571d34dcd.640x640x1.jpg"}], "artist": "Ameer Vann"}