{"songs": [{"title": "\u200bidfc", "album": "Deadroses", "year": "2014-10-27", "lyrics": "[Pre-Chorus]\nTell me pretty lies, look me in the face\nTell me that you love me, even if it's fake\n'Cause I don't fucking care at all\nYou been out all night, I don't know where you been\nYou're slurring all your words, not making any sense\nBut I don't fucking care at all\n\n[Chorus]\n'Cause I have hella feelings for you\nI act like I don't fucking care\nLike they ain't even there\n'Cause I have hella feelings for you\nI act like I don't fucking care\n'Cause I'm so fucking scared\n\n[Post-Chorus]\nI'm only a fool for you\nAnd maybe you're too good for me\nI'm only a fool for you\nBut I don't fucking care at all\n\n[Pre-Chorus]\nTell me pretty lies, look me in the face\nTell me that you love me, even if it's fake\n'Cause I don't fucking care at all\nYou been out all night, I don't know where you been\nYou slurring all your words, not making any sense\nBut I don't fucking care at all\n\n[Chorus]\n'Cause I have hella feelings for you\nI act like I don't fucking care\nLike they ain't even there\n'Cause I have hella feelings for you\nI act like I don't fucking care\n'Cause I'm so fucking scared\n\n[Post-Chorus]\nI'm only a fool for you\nAnd maybe you're too good for me\nI'm only a fool for you\nBut I don't fucking care at all, oh", "image": "https://images.genius.com/7237c921acb7f9036e530d3fc314fcf7.998x1000x1.jpg"}], "artist": "\u200bblackbear"}