{"songs": [{"title": "Ned Flanders", "album": "Sincerely, Tokyo", "year": "2018-06-01", "lyrics": "[Intro]\nK. Swisha\n\n[Verse 1: MadeinTYO & A$AP Ferg]\nOoh, all of them bitches exotic\nCars robotic, we go retarded (Hooh)\nHop in a foreign, don't need the top\nWhen I get home, I need the top (Wow)\nLouis Vuitton when I leave the house (Skrrt)\nShe got a ass and a greasy mouth (Hooh)\nShe wanna twerk when I leave the house (Wait)\nGucci that belt, I don't leave it out (Wow, brr)\n\n[Chorus: MadeinTYO & A$AP Ferg]\nYeah, I got standards, diamond Ned Flanders, ooh, ooh (Yeah)\nKool-Aid jammer, uh, cookie pack on camera, yeah, yeah (Yeah)\nYeah, I got standards, uh diamond Ned Flanders, ooh, yeah (Right)\nKool-Aid jammer (Sauce), cookie pack on camera, yeah (Alright)\n\n[Verse 2: MadeinTYO & A$AP Ferg]\nShe wanna twerk on my chain, gettin' that brain, swerve in your lane, uh\nI fuck her, knock off her bonnet, I had to get it, I want it, honest, yeah (Hooh)\nOoh, private jet, Nike tech, she up next (Check, right)\nWhen you a boss, don't take a loss, count up a check (That's right)\nSoHo plate, never late, go on dates (Hooh)\nWhen you get up, they hate, uh\nDiamonds, they drip like a lake (Hooh)\nOllie a ten, kickflip a eight, nigga I skate (Yeah)\n\n[Chorus: MadeinTYO & A$AP Ferg]\nNigga, I got standards, uh diamond Ned Flanders, ooh, yeah (Alright)\nKool-Aid jammer, uh, cookie pack on camera, yeah, yeah (Yeah)\nI got standards, uh diamond Ned Flanders, ooh, yeah (Alright)\nKool-Aid jammer, uh (Ferg, hooh, hooh, hooh, oh), cookie pack on camera, yeah (Ayy)\n\n[Verse 3: A$AP Ferg]\nI got standards, suck on my nuts like Planters, ooh, yeah (Right)\nMy bitch a dancer (Hooh), hop on the dick like a prancer, ooh (Hooh, right)\nPolluted Fanta, flick with a Polaroid camera, ooh, yeah (Yeah)\nYou talk outlandish, put 'em in a holy field like Evander, ooh, yeah (Yeah)\nGot a new mansion, new Ralph Lauren, copped two ranches\nDiamonds is dancin' (Woo), ice so cold, gotta walk with a panda (Yeah)\nYour bitch so scandalous, gimme that top with no-handed, huh (Brr)\nI got standards (Hooh), I get the guap, cop Margielas (Yeah)\nI got standards (Right), take your bitch, hit the Ritz, not no standin' (That's right)\nFlow outlandish (Hooh), when Ferg on the track, all you rappers'll vanish (Hooh)\nMy bitch just landed (Brr), not a lick of English, she speak Spanish (Hooh)\n\n[Chorus: MadeinTYO & A$AP Ferg]\nYeah, I got standards (Ooh), diamond Ned Flanders, ooh, ooh (Alright)\nKool-Aid jammer (Sauce), cookie pack on camera, yeah, yeah (Yeah)\nYeah, I got standards (Gas), diamond Ned Flanders, ooh, yeah (Alright)\nKool-Aid jammer, uh, cookie pack on camera, yeah (Oh)\nYeah, I got standards (Ooh), diamond Ned Flanders, ooh, ooh, (Alright)\nKool-Aid jammer (Sauce), cookie pack on camera, yeah, yeah (Yeah)\nYeah, I got standards (Gas), diamonds Ned Flanders, ooh, yeah (Alright)\nKool-Aid jammer (Sauce), cookie pack on camera, yeah (Oh)", "image": "https://images.genius.com/1053014b99f622309518303e687d9ede.500x500x1.jpg"}], "artist": "MadeinTYO"}