{"songs": [{"title": "Deep End", "album": null, "year": "2018-10-31", "lyrics": "[Verse 1]\nI might throw you in the deep end\nTake you with me for the weekend\nI\u2019ll be there when the light fades out\nAre you ready for the season?\nFor your own safe keeping\nEverybody got demons\nAnd whenever you\u2019re around i'll feed them\nTell me are you down this evening\n\n[Chorus]\nShe said ooh ooh ohh\nShe said nah nah nah\nSo what you wanna do do do\nI\u2019m coming for you with an uber\nLittle lady said ohh ooh ooh\nNah nah nah nah\nSo what you wanna do do do\nI'm coming for ya\nI\u2019m coming for ya\n\n[Verse 2]\nOoooh girl I\u2019m losing all my focus\nTryna bury my emotions\nAnd who know what the future brings\nI left my door wide open\nTrue love and devotion\nEverything is in motion\nI just want to see you out in the open (Aah)\nBaby girl where you rolling\n\n[Chorus]\nShe said ooh ooh ohh\nShe said nah nah nah\nSo what you wanna do do do\nI\u2019m coming for you with an uber\nLittle lady said ohh ooh ooh\nNah nah nah nah\nSo what you wanna do do do\nI\u2019m coming for ya\nI\u2019m coming for ya\n\n[Bridge]\nIf you really wanna go there\nBaby we can take it there\nGirl if you wanna go there\nBaby we can take it there\nIf you really wanna go there\nBaby we can take it there\nGirl if you wanna go there\nBaby we can take it\n\n[Verse 1]\nI might throw you in the deep end\nTake you with me for the weekend\nI\u2019ll be there when the light fades out\nAre you ready for the season?\nFor your own safe keeping\nEverybody got demons\nAnd whenever you\u2019re around i'll feed them\nTell me are you down this evening\n\n[Chorus]\nShe said ooh ooh ohh\nShe said nah nah nah\nSo what you wanna do do do\nI\u2019m coming for you with an uber\nLittle lady said ohh ooh ooh\nNah nah nah nah\nSo what you wanna do do do\nI\u2019m coming for ya\nI\u2019m coming for ya", "image": "https://www.google.com/url?sa=i&source=images&cd=&cad=rja&uact=8&ved=2ahUKEwjIg92x7q3gAhUmVd8KHavbD0sQjRx6BAgBEAU&url=https://soundcloud.com/benjiflow/benjiflow-deep-end&psig=AOvVaw182VJHEKFgNes0vlVosKCA&ust=1549774548327269"}], "artist": "BenjiFlow"}