{"songs": [{"title": "Number 1", "album": null, "year": "2018-08-03", "lyrics": "[Sophia Grace:]\nI wanna be your favourite song\nAnd I wanna feature you on\nSo Imma give you 16 bars\nPress replay so this goes on and on\nCan you hit every note?\nMake me sing falsetto?\n\nWatching our every move, baby\nDancing to our tune, baby\nDon't let go, don't let go of me\nDon't let go, don't let go of me\nHear this beat when we move\nYou remind me of a tune, baby\nWe'll be in first\nFlip and reverse\nI know that you know the words\n\nSing this melody\nTop the charts with me\nWe'll be on repeat\nWe'll go straight to number one\nSing this melody\nWe'll be record of the week, baby\nAnd we'll stay at number one\n\nLay it down on your piano\nMajor to minor key\nI love it when you play for me\nPress replay so this goes on and on\nDJ play it one more time\n\nWatching our every move, baby\nDancing to our tune, baby\nDon't let go, don't let go of me\nDon't let go, don't let go of me\nHear this beat when we move\nYou remind me of a tune, baby\nWe'll be in first\nFlip and reverse\nI know that you know the words\n\nSing this melody\nTop the charts with me\nWe'll be on repeat\nWe'll go straight to number one\nSing this melody\nWe'll be record of the week, baby\nAnd we'll stay at number one\n\n[AJ x Deno:]\nBaby come and follow me\nI know you want it\nBaby come and give me what you wanting\nCause I know exactly now what you want\nSo baby don't you hold back\nDon't you front\nTake, take your time with it, girl\nFast forward, rewind on it, girl\nYou can call me anytime you need\nJust know you can count on me\nAnd I'll be there\n\nI'll be there next to you\nI won't know what to do\nIf you leave me hanging alone\nI need you there on the phone\nI swear I won't do you wrong\nI know you won't wanna know\nBut how could you be like this\nWhen we are both more than this\n\n[Sophia Grace:]\nSing this melody\nTop the charts with me\nWe'll be on repeat\nWe'll go straight to number one\nSing this melody\nWe'll be record of the week, baby\nAnd we'll stay at number one", "image": "https://images.genius.com/92a3f59d2b9f4a0406112e88813922e7.400x400x1.jpg"}], "artist": "Sophia Grace"}