{"songs": [{"title": "9 Times Out Of 10", "album": null, "year": "2019-06-28", "lyrics": "[Hook]\n9 Times Out Of 10\nI\u200a got niggas I\u2019ll probably never see again\nNo\u200a matter the problem I promise that we gone win\nFirst one to switch up the ones you call friends (2x)\n[VERSE 1]\nWishing on my downfall better wish again\nLook\u200a at how many young niggas dying on CNN\nAin\u2019t\u200a got time for the bullshit I let it go with the wind\nCame from them slums i was raised with them Hooligans\nBefore\u200a I ever trip I tie up my shoe again\nNot the real homie I ain\u2019t got too many friends\nCatch that boy slipping on God we gone do him in\nCatch that boy slipping on God we gone do him in\nBrand\u200a new religion I keep this shit true again\nI was told what won\u2019t fold won\u2019t bend\nRan up this money I swear i don\u2019t know what to do again\nI pray for all of my niggas, cuz\n[Hook]\n9 Times Out Of 10\nI got niggas I\u2019ll probably never see again\nNo matter the problem I promise that we gone win\nFirst one to switch up the ones you call friends (2x)\n[VERSE 2]\nThought you was solid until you showed otherwise\nLooked me in my eyes and still told me lies\nIf you ain\u2019t with me then you on the other side\nIf you ain\u2019t with me then you on the other side\nI know they gone hate on me baby just wait on me\nI know they gone plot cause they see I got cake on me\nBitch I got cake like a mother fucking bakery\nYou know the name and the face no mistaking me\nForever I ride with the gang you know I\u2019m all in\nI got some niggas I\u2019ll probably never see again\nI pray the lord forgive all my sins\u201a cuz\n[Hook]\n9 Times Out Of 10\nI got niggas I\u2019ll probably never see again\nNo matter the problem I promise that we gone win\nFirst one to switch up the ones you call friends (2x)", "image": "https://assets.genius.com/images/default_cover_image.png?1575497971"}], "artist": "Big Havi"}