{"songs": [{"title": "Bloom", "album": "MANGO", "year": "2016-11-04", "lyrics": "[Hook]\nI hope your flowers bloom\nI hope your flowers bloom\nI hope your flowers bloom\nI hope your flowers bloom\nI hope you grow up to be\nEverything that you want to\nI hope your flowers bloom\nI hope your flowers bloom\n\nI hope your flowers bloom\nI hope your flowers bloom\nI hope your flowers bloom\nI hope your flowers bloom\nI hope you grow up to be\nEverything that you want to\nI hope your flowers bloom\nI hope your flowers bloom\n\n[Verse 1]\nI hope you know you're the world\nYou are so special to me\nI hope you grow up to be\nEven kinder than me\nI hope you get to see all of the world\nFrom mountain to seas\nI hope you reach all your dreams\nI hope that that's what you need\nI wanna see you grow\nInto a beautiful tree\nI hope you get to go\nTo destinations you dream\nThe galaxy in your eyes\nYour hair is wavy as streams\nI hope that you see the world\nHope it's as kind as can be\n\n[Hook]\nI hope your flowers bloom\nI hope your flowers bloom\nI hope your flowers bloom\nI hope your flowers bloom\nI hope you grow up to be\nEverything that you want to\nI hope your flowers bloom\nI hope your flowers bloom\n\nI hope your flowers bloom\nI hope your flowers bloom\nI hope your flowers bloom\nI hope your flowers bloom\nI hope you grow up to be\nEverything that you want to\nI hope your flowers bloom\nI hope your flowers bloom\n\n[Verse 2]\nWhen I travel far\n(When I travel far)\nYou're on my mind\n(You're on my mind)\nYou are my shining star\n(You are my shining star)\nDon't you change a thing\n(Don't you change a thing)\nWhen I travel far\n(When I travel far)\nYou're on my mind\n(You're on my mind)\nYou are my shining star\n(You are my shining star)\nDon't you change a thing\n(Don't you change a thing)\n\n[Hook]\nI hope your flowers bloom\nI hope your flowers bloom\nI hope your flowers bloom\nI hope your flowers bloom\nI hope you grow up to be\nEverything that you want to\nI hope your flowers bloom\nI hope your flowers bloom\n\nI hope your flowers bloom\nI hope your flowers bloom\nI hope your flowers bloom\nI hope your flowers bloom\nI hope you grow up to be\nEverything that you want to\nI hope your flowers bloom\nI hope your flowers bloom\n\n[Break]\nI hope your flowers bloom\nI hope your flowers bloom\nI hope,hope,hope your flowers bloom\nI hope your flowers bloom\n\n[Hook]\nI hope your flowers bloom\nI hope your flowers bloom\nI hope your flowers bloom\nI hope your flowers bloom\nI hope you grow up to be\nEverything that you want to\nI hope your flowers bloom\nI hope your flowers bloom\n\nI hope your flowers bloom\nI hope your flowers bloom\nI hope your flowers bloom\nI hope your flowers bloom\nI hope you grow up to be\nEverything that you want to\nI hope your flowers bloom\nI hope your flowers bloom", "image": "https://images.genius.com/0d43f4e494da3c98fe208cf3ac4891d5.730x730x1.jpg"}], "artist": "\u200bbLAck pARty"}