{"songs": [{"title": "Speaker", "album": null, "year": "2019-04-05", "lyrics": "[Intro]\nYeah, Banx & Ranx\n\n[Verse 1: Olivia Holt]\nYou wanna go find an empty room?\nSomewhere to talk and get to know you\nBut you're in my space, so I don\u2019t want to\nIt's getting late, but I won't leave soon\n\n[Pre-Chorus: Olivia Holt]\nSo, baby, come closer to my ear\nI can\u2019t, I can't hear\nWe can talk about it over here\nWhatchu, whatchu say?\nBaby, come closer to my ear\nI can't, I can't hear you\nYeah, you\n\n[Chorus: Olivia Holt]\nEverybody is standing outside of the party\nBut you and I are right next to the speaker (Speaker)\nWe can barely speak here\nBut the louder it is, the closer we get\n\n[Verse 2: Olivia Holt]\nToo many friends we don't need around\nToo many drinks that we can't turn down\nPlenty of space in this crowded house\nBut here in mine's where I want you now\n\n[Pre-Chorus: Olivia Holt & ZieZie]\nSo, baby, come closer to my ear (Come closer to my ear)\nI can't, I can\u2019t hear\nWe can talk about it over here (We can put it right here)\nWhatchu, whatchu say?\nBaby, come closer to my ear (Come closer to my ear)\nI can\u2019t, I can't hear you\nYeah, you\n\n[Chorus: Olivia Holt, ZieZie]\nEverybody is standing outside of the party (Everybody)\nBut you and I are right next to the speaker (Speaker)\nWe can barely speak here\nBut the louder it is, the closer we get\n\n[Verse 3: ZieZie]\nYeah, the riddim be loud\nScream and we shout, zoinc\nAll in the club and we party, it\u2019s four in the morning\nI see this girl from far\nFollow my eyes and tell her come here\nCome, we go to a corner\nCome, baby, don't be scared\nEverybody (Everybody) knows somebody\nSo don't worry about me, yeah, yeah\nCan we turn the party?\nAnd the music's gettin\u2019 louder\nAnd we're getting closer\nAnd she fall in love\n\n[Chorus: Olivia Holt & ZieZie]\nEverybody (Everybody) is standing outside of the party\nBut you and I are right next to the speaker (Speaker)\nWe can barely speak here (Speak here)\nBut the louder it is, the closer we get\n\n[Outro: Olivia Holt & ZieZie]\nBut the louder it is, the closer we get", "image": "https://images.genius.com/4e2b6ccb72d8147c7ba4425611e91fa0.1000x1000x1.jpg"}], "artist": "Banx & Ranx"}