{"songs": [{"title": "Rent", "album": "3rd Ward Bounce", "year": "2018-03-30", "lyrics": "[Refrain]\nTalkin, talkin, talkin, talkin, talkin, talkin, talkin, yaddy, yaddy, yaddy, yaddy, yaddy, yah\nTalkin, talkin, talkin, talkin, talkin, talkin, talkin, yaddy, yaddy, yaddy, yaddy, yaddy, yah\n\n[Post-Chorus]\nBaby go 'head, baby go 'head\nBaby go 'head, baby go 'head\nBaby go 'head, baby go 'head\n\n[Verse 1]\nIt\u2019s the first of the month\nI said enough is enough (Say what)\nI committed to you (yeah)\nYou should of paid me in love (come on)\nInstead boy you tried it (umm)\nI see through your lying (uh uh forreal though)\nThis time my family done\nKeep your apologizes hun\nWe could have had a good run (uh huh)\nBut you done fucked up son\nCause ooo boy you tried it (say what say what)\nCan\u2019t stand all your lying (all your lying)\nWith all that\n\n[Refrain]\nWith all that\nTalkin, talkin, talkin, talkin, talkin, talkin, talkin, yada,  yada,  yada,  yada, yada, yada, yada, yada\nTalkin, talkin, talkin, talkin, talkin, talkin, talkin, talkin, yada, yada, yada, yada, yada, yada, yada, yada\n\n[Chorus]\nHey! You don\u2019t pay no rent (no no)\nYou don\u2019t pay no rent (no no)\u200b\nAll this time ive spent (uh huh uh huh)\nStill don\u2019t pay no rent (nope)\nYou don\u2019t pay no rent (no no)\nYou don\u2019t pay no rent (no no)\nAll this time ive spent (uh huh uh huh)\nStill don\u2019t pay no rent (nope)\n\n[Verse 2]\nYou taking up space\nYou in my head every day\nBut baby this ain't your place (nope)\nAnd this the shit that I hate (come on)\nOoo boy you tried it (say what say what)\nI can't stand all your lying (nope nah nope nah)\nGet these boxes out my home (uh huh uh huh)\nI be better on my own (on my on my what)\nStop calling my phone (ring)\nBitch leave me alone\n\n[Refrain]\nWith all that\nTalkin, talkin, talkin, talkin, talkin, talkin, talkin, yada, yada, yada, yada, yada, yada, yada, yada\nTalkin, talkin, talkin, talkin, talkin, talkin, talkin, talkin, yada, yada, yada, yada, yada, yada, yada, yada\n\n[Chorus]\nYou don\u2019t pay no rent (no no)\nYou don\u2019t pay no rent (no no)\nAll this time ive spent (uh huh uh huh)\nStill don\u2019t pay no rent (nope)\nYou don\u2019t pay no rent (no no)\nYou don\u2019t pay no rent (no no)\nAll this time ive spent (uh huh uh huh)\nStill don\u2019t pay no rent (nope)\n\n[Bridge]\nBitch im your landlord (uh huh uh huh)\nDon\u2019t got no remorse (nope nah not at all)\nPack your bags boy (pack em up pack em up)\nYou don\u2019t live here no more (no more no more)\nBitch im your landlord (uh huh uh huh)\nDon\u2019t got no remorse (nope nah nope nah)\nPack your bags boy (pack em up pack em up)\nYou don\u2019t live here no more (no more no more)\n\n[Chorus]\nYou don\u2019t pay no rent (no no)\nYou don\u2019t pay no rent (no no)\nAll this time ive spent (uh huh uh huh)\nStill don\u2019t pay no rent (nope)\nYou don\u2019t pay no rent (no no)\nYou don\u2019t pay no rent (no no)\nAll this time ive spent (uh huh uh huh)\nStill don\u2019t pay no rent (nope)", "image": "https://images.genius.com/3ada148b041513e32cf1b394a96ec7e6.500x500x1.jpg"}], "artist": "Big Freedia"}