{"songs": [{"title": "Cactus", "album": null, "year": "2018-11-02", "lyrics": "[Hook]\nHow I'm \u2019posed to sleep when you stroking on my cactus\nIt wouldn't hurt if you jack it\nLooking in the mirror, baby you know you a Jasmine\nHit your streets like Aladdin\nLet me plant a seed, bet your pussy looking floral\nGet so deep I hit the coral\nI can rock the ark after dark when it's pouring\nWe don\u2019t cease till the morning\n\n[Verse 1]\nGive a dog a bone\nWhen your kitty talk, tell me more (ahh)\nCan't hit record on my phone\nMedusa don't turn me into stone (mmm)\n\n[Hook]\nHow I'm 'posed to sleep when you stroking on my cactus\nIt won't hurt if you jack it\nLooking in the mirror, baby you know you a Jasmine\nHit your streets like Aladdin\nI like how you brown skin, you the full package\nAnd your ass like an atlas\nLet a real nigga take you back to the palace\n\n[Verse 2]\nAm I fucking for the free\nDiamonds ain't cheap\nYou ain't far from this tree\nI\u2019m tryna play like 2, 3 (ooie)\nI might need a threepeat\nShe gotta have it, Spike Lee\nAnd it ain\u2019t likely (oh no)\nThat your nigga like me (no)\nWhy he tryna fight me\nCheck your bitch, Nike\nDon't get fresh, SAFii\nOnly us like we\n\n[Hook]\nHow I\u2019m 'posed to sleep when you stroking on my cactus\nIt wouldn't hurt if you jack it\nLooking in the mirror, baby you know you a Jasmine\nHit your streets like Aladdin\nI like how you brown skin, you the full package\nAnd your ass like an atlas\nYeah, let a real nigga take you back to the palace", "image": "https://images.genius.com/22d6bd4ae768bc18060359bd111fba88.500x500x1.jpg"}], "artist": "BEAM"}