{"songs": [{"title": "Wagwarn", "album": null, "year": "2018-09-19", "lyrics": "[Intro: Jevon & Berna]\nYeah, check\nWhat you sayin you ready yeah?\n(Berna)\nYeah yeah\n(Jevon)\nJevon and Berna\nHold true\n\n[Verse 1: Berna]\nBig boy liquor, no gentle sipper\nCame with my nigga, Jevon and Big Tipper\nWaist get grip up, two sup get rip up\nBad boy killa' don't drink no syrup\n\n[Verse 2: Jevon]\nAy look I come through lookin' all jigger\nPray on my Sunday dinner\nMonday back being a sinner\nBerna's there dippin' in a bimmer\nMy ex got dashed shes too inner\nStill a young schemer\nWhats that in your cup cos it ain't ribena\nFive comment loud pack now mans leaner\n\n[Verse 3: Berna]\nSins got me dirty but my swags so clean uh\nGirls got the paro niggas movin like bitches\nI don't even need a missus\nThey been wishin'\nThe sauce drippin'\nSo they want me whipped on clitches\nMan go missin' better stay at a distance\nTake a boy fishin' but his girl that I'm crippin' (wah)\n\n[Verse 4: Jevon & Berna]\nFee fi fo fi fum, I see five-0 I run\nPaigon wanna see my name in the dirt\nDaddy push white like slavery reverse (ah)\n(Berna)\nBig black broom leave a boy in a hearse\n(Jevon)\nSee them rappers can't test, get destroyed with the verse (ah)\n(Berna)\nPlus it ain't a problem I'm all about my paper\n(Berna & Jevon)\nBad gyal shake your money maker\n\n[Hook: Jevon & Berna]\nWagwarn dargy\nWhats that whats the sign on your car key\nI heard you went and spent racks at versace\nYou doin model tings now is that your shawty, is that your shawty?\nWagwarn dargy\nWhats that whats the sign on your car key\nI heard you went and spent racks at versace\nYou doin model tings now is that your shawty, is that your shawty?\n\n[Verse 5: Jevon & Berna]\nJev-like (uh) Berna (touch)\n[?] Got some niggas fresh out the slum\n(Berna)\nNever one on one, niggas better run\n(Jevon)\nI was on the roads when napa was sayin' uhh\n(Berna)\nCrack your skull if we run up on a kid take his stack as well\n(Jevon)\nI got that liquor on my side loud pack as well\nSee the music like crack so we trap as well\nFeelin' like biggie when i get jiggy with your hoe\n(Berna)\nPeople go missin' when they be messin' with my dough\n(Jevon)\nBut still I get pretty bitches all stressin' down my phone\n(Berna)\nFuck all these bitches man they won't leave the kid alone\n(Jevon)\nI used to trap out the - bando\nBang with the - gang though\nBabes are from - London\nTake your bitch - nandos\nSlap up his bredrin takin his bank roll\nDem boy get so hot cos I am\n\n[Hook: Jevon & Berna]\nWagwarn dargy\nWhats that whats the sign on your car key\nI heard you went and spent racks at versace\nYou doin model tings now is that your shawty, is that your shawty?\nWagwarn dargy\nWhats that whats the sign on your car key\nI heard you went and spent racks at versace\nYou doin model tings now is that your shawty, is that your shawty?\n\n[Verse 6: Jevon]\nPut your hands up its a murder\nTell them thats it's jevon and berna\nThey don't like the way that we change up\nWake up and smell the danger\nI got two burners to the side of me so make man try with me\nThey wanna try switch sides on me, I've got drilla's that ride for me\n\n[Hook: Jevon & Berna]\nWagwarn dargy\nWhats that whats the sign on your car key\nI heard you went and spent racks at versace\nYou doin model tings now is that your shawty, is that your shawty?\nWagwarn dargy\nWhats that whats the sign on your car key\nI heard you went and spent racks at versace\nYou doin model tings now is that your shawty, is that your shawty?\n\n[Outro: Jevon & Berna]\n(Jevon)\nYe, UK to the world and back\n(Berna)\nWagwarn dargy, whats the sign on your car key\nYou spent racks on versace?\n(Jevon)\nIs that your shawty, is that your shawty\nWagwarn dargy\nWhats that whats the sign on your car key\nI heard you went and spent racks at versace\nYou doin model tings now is that your shawty, is that your shawty?", "image": "https://images.genius.com/e16b1528d8249e97430001ddeadc0122.398x398x1.jpg"}], "artist": "Jevon"}