{"songs": [{"title": "Drip Like Dis", "album": null, "year": "2019-10-23", "lyrics": "[Intro: Bankroll Freddie]\nDrip like this\nDrip like this (Woo)\nGotta have a bag just to drip like this\nGotta have\u2005cash\u2005just to drip\u2005like this\nGotta count a sack just\u2005to drip like this\nYo\nAyy, ayy\n\n[Chorus: Bankroll Freddie]\nCost a lil' money, get your drip like this, huh\nIcebox drip on my wrist\nWalk up in the club and I drip on a bitch\nYou know I'm a P, I might pimp on a bitch\nCost a lil' money, get your drip like this (Drip like this, drip like this)\nCost a lil' money, get your drip like this (Drip like this, drip like this)\n\n[Verse 1: Bankroll Freddie]\nWalk up in the club and I drip on a bitch (Big drip)\nBae, don't sleep, I'm the shit (Woo)\nAll the damn sauce, you can lick on the bitch (Sauce)\nLouis V sneaks, made a tip on a bitch (Louis)\nIce on my neck, it's a brick on my wrist (Woo)\nYeah, I spent thirty on this (Thirty)\nHope a nigga don't try to run up real quick, yeah (Baow, baow)\nYeah, Steph Curry in the clip\nCanceled out the Gucci, had to go and get Chanel (Yeah)\nMaison Margiela like a motherfuckin' player (Maison)\nDolce and Gabbana, stand out from the square\nI'm really in the game, baby, I'm a star player\nThese jeans that I got on cost a cool rack (Bands)\nMike Amiri jeans with stripes on the side (Woo)\nFendi shirt on, got you matchin' my fly\nHold on, lil' bitch, don't kill my vibe (Nah)\nWoo, woo, drip like this\nNever seen a bitch suck dick like this\nDouble hand action and she spit when she twist (Damn)\nNever ever seen a freak bitch like this\nBig Bankroll, baby, just call me Freddie\nNever seen a young nigga soul so heavy\nFresh in all white like I'm on my way to Heaven\nThirty thousand dollars in my old school Chevy (Skrrt)\n\n[Chorus: Bankroll Freddie]\nCost a lil' money, get your drip like this, huh\nIcebox drip on my wrist\nWalk up in the club and I drip on a bitch\nYou know I'm a P, I might pimp on a bitch\nCost a lil' money, get your drip like this (Drip like this, drip like this)\nCost a lil' money, get your drip like this (Drip like this, drip like this)\n\n[Verse 2: Young Dolph]\nI spent two million on watches\nMy walk-in closet look like Neiman Marcus (Damn)\nI mixed the Dolce and Gabbana with Prada (Damn)\nI came from selling kush out the apartments (Damn)\nI made my mama a promise\nI was a trap nigga when I came out of her stomach\nBalenciaga my jacket, my jeans, and my runners\nIn my neighborhood, I run it (It's Dolph)\nGotta have a check just to drip like this (Yeah)\nA quarter milli' killed my wrist (Woo)\nDope boy shit, you ain't built like this\nFear of God on me 'cause I don't fear shit\nWoah (Ayy), woah (Ayy), woah (Ayy), woah (Ayy)\nI wear the Richard Mille when I'm rockin' Tom Ford (Uh)\nI wear the AP when I'm drippin' in Dior (Uh)\nThis a double-R, don't slam my door (Yeah, yeah)\nLeft the strip club, lot of money on the floor (Cake)\nBought my bitch a Rollie and put ice around her throat (Woo)\nDrop-top Benz parked at the corner store (Skrrt)\nGotta have a bag just to look like this (Yeah)\nShit look like glass on my wrist (Water)\nWe was movin' bags of the gas in the trenches\nAnd all of the Glocks come with an extension (Yeah)\n\n[Chorus: Bankroll Freddie]\nCost a lil' money, get your drip like this, huh\nIcebox drip on my wrist\nWalk up in the club and I drip on a bitch\nYou know I'm a P, I might pimp on a bitch\nCost a lil' money, get your drip like this (Drip like this, drip like this)\nCost a lil' money, get your drip like this (Drip like this, drip like this)\n\n[Verse 3: Lil Baby]\nCost a lil' money just to drip like this\nYou know I had to pop my shit\nLouis store trippin', I just spent 'bout sixty\nYou know I had to drip my bitch\nCartier glass and Cartier wrist\nI know I got Cartier piss\nWe keep bustin' all the shit now\nI be puttin' it on, I don't get styled\nWoo, woo, closet bigger than a penthouse\nI show other niggas how to drip now\nSold a lot of pounds and bust my wrist down\nI walk in, I feel like I'm the shit now\nTook a lot of trips just to get like this\nHad to buy a bag 'cause the racks don't fit\n'Fit so fly, might mack on a bitch\nPack come in, got the stashhouse filled\nDropped the head on the Rolls truck, came through, killed 'em\nFour by four came tall, not a lift-kit\nTrackhawk fast, on some young nigga rich shit\nLam' truck look like a shark, I'm a big fish\nWonder is they mad 'cause I'm lit or my bitch rich?\nOr they mad I'm the man how I killed shit\n'Cause I spent ten bands on an outfit\nOr I'm still gettin' cash on bad tip\n\n[Chorus: Bankroll Freddie]\nCost a lil' money, get your drip like this, huh\nIcebox drip on my wrist\nWalk up in the club and I drip on a bitch\nYou know I'm a P, I might pimp on a bitch\nCost a lil' money, get your drip like this (Drip like this, drip like this)\nCost a lil' money, get your drip like this (Drip like this, drip like this)", "image": "https://images.genius.com/52d1ceb158a715484e8205a8a98eb97b.1000x1000x1.jpg"}], "artist": "Bankroll Freddie, Young Dolph & Lil Baby"}