{"songs": [{"title": "Take Me There", "album": "The Rugrats Movie: Music From the Motion Picture", "year": "1998-11-03", "lyrics": "[Intro]\nR-U-G-R-A-T-S\n\n[Chorus: Mya and Blackstreet]\nTake me there, I wanna go there\nTake me there, let's go there\nTake me to that great place\nWith wonders and wishes\nTake me there, I wanna go there\nTake me there, you know where\nJust take me to that great place\nWith wonders and wishes\n\n[Verse: Mya]\nSittin' here thinking about yesterday\nAbout what we did and how we used to play\nJust the thought of you brings a smile upon my face\nThat's how it makes me feel to see you everyday, whoa\n\n[Pre-Chorus 1: Blackstreet and Mya]\nWhere we go, nobody knows\nAnd what we do is between me and you\nSo come on and take my hand, to that special place\nWhere smiles come to life and dreams come true, ooh\n\n[Chorus]\n\n[Verse: Blackstreet]\nLet's make a wish\nClose your eyes and count to five\nCause you know that everything will be alright\nI see the magic in your eyes\nStrong enough you know to bring your dreams to life, whoa yeah\n\n[Pre-Chorus 2: Blackstreet and Mya]\nWhere we go, nobody knows\nAnd what we do is between me and you\nSo come on and take my hand, to that special place\nDon't want this dream to ever go away, ooh\n\n[Chorus]\n\n[Verse: Mase]\nAngelica the one with all the exposure\nDil is the one they drive in the stroller\nAnd Tommy is the one with snot on his shoulders\nWhile Dil cried to sleep till his eyes are beat\nAnd I couldn't be Chuckie, Chuckie too petro\nChucky get scared, Chucky says let's go\nIf I was a Rugrat, it would of been so real\nMe and my twin would've been just like Phil and Lil\n\n[Verse: Blinky Blink]\nNow with one wish, Blink grant you one trip\nWhere we going this adventure\nWho you wanna come with\nSee and you're my little brother that I'll come get\nRun with, but it gotta be done quick\nThough Chuckie is scared\nAnd Tommy is sad\nAnd Phil and Lil misses their mommy and dad\nSo pick a time and date\nAnd find a place\nAnd I guarantee you that we all get home safe\n\n[Chorus]", "image": "https://images.genius.com/a035acefb8636355141eea64729d6c75.600x600x1.jpg"}], "artist": "Blackstreet"}