{"songs": [{"title": "\u200bnursery", "album": "recess", "year": "2019-01-25", "lyrics": "[Intro]\nBruh, I swear on god, y'all on fuck shit, this shit so raw baby\nIs that my- is that my voice?\n(Uh)\n\n[Chorus]\nDrippin\u2019 like a, (Such a drip) pool (Pool)\nI don't fuck with school (I don't fuck with, school)\nBaby gonna rule (Baby gonna, rule)\nShe finally wit it, cool (Brr)\nFee-fi-fo-fum, I\u2019mma hump on her bumps (bbno$)\nJack and Jill, up a hill, baby tryna get a mil' (bbno$)\nMary had a little lamb, I really do not fuck with Xans (bbno$)\nShe callin' me the muffin man, I surely like the muffin top\n\n[Verse 1]\nSlow (Ayy), like molasses ('Lasses)\nI can't pick, yo (Nope)\nIt's either tits or some asses\nBlue cover glasses (Skrrt, skrrt, skrrt), please don't be so hassy\nI'ma pull up on a thottie all the way from Kansas\nWhoa, yeah I think need a teaser\nIf she be a pleaser\nBaby needs a squeezer\nHenny by the liter\nShe tryna bite my dick and you bitin\u2019 on my style\nIs your name Sharkeisha?\nPaint you like the Mona Lisa \u2019cause you is a fake (Fake)\nYeah, the reason why I went to school, numbers on the pape' (Pape\u2019)\nAnd there's several faster ways to get the money, I don't skate (skate)\nAyy, your girly really 'bout the cake, she lookin\u2019 like an Easy Bake\nLeave you covered up in a couple Nerfs, whatchu say? (Whatchu say?)\nMight just go and cop a Goyard purse, for my sake (for my sake)\nPlease don't tell me you gon' pipe her first, not okay (Huh)\n(bbno$)\nMoney at the end I'm coming first, \u00c1ndale\n\n[Chorus]\nDrippin' like a, (Such a drip) pool (Pool)\nI don't fuck with school (I don't fuck with, school)\nBaby gonna rule (Baby gonna, rule)\nShe finally wit it, cool (Brr)\nFee-fi-fo-fum, I'mma hump on her bumps (bbno$)\nJack and Jill, up a hill, baby tryna get a mil' (bbno$)\nMary had a little lamb, I really do not fuck with Xans (bbno$)\nShe callin' me the muffin man, I surely like the muffin top\n\n[Verse 2]\nMuffin top, muffle cops, I don't wanna stop (Nope)\nGot it on the lock, will this baby ever flop?\nDicing all these rappers up just like the slap chop (Chop, chop)\nFeel hella hard right behind my desktop, huh\nWhoa, baddie why she praying up to me?\nHo ho, got a gift for when you're on your knees\nOh no, sick and tired of doin' shit for free\nYo bro, I'ma avoid girls that let ya\nDon't you like it when these diamonds look like respect\nCome a little closer sussy boy and inspect (Skrrt skrrt)\nSip a little Henny that's a cause and effect\nBbno$ to this money, let me collect\n\n[Refrain]\nBig bag, price tag, Gucci rag, okay\nDon't brag, cocaine, red flag, no way\nBig bag, price tag, Gucci rag, okay\nDon't brag, cocaine, red flag, no way\n\n[Chorus]\nDrippin' like a, (Such a drip) pool (Pool)\nI don't fuck with school (I don't fuck with, school)\nBaby gonna rule (Baby gonna, rule)\nShe finally wit it, cool (Brr)\nFee-fi-fo-fum, I'mma hump on her bumps (bbno$)\nJack and Jill, up a hill, baby tryna get a mil' (bbno$)\nMary had a little lamb, I really do not fuck with Xans (bbno$)\nShe callin' me the muffin man, I surely like the muffin top\n\n[Outro]\nUh, uh uh, uh-uh, uh\nBbno$\nDude, I'm so tired, can we go home?", "image": "https://images.genius.com/51922f742cf0d5a64b9a9cd37fbad238.1000x1000x1.jpg"}], "artist": "\u200bbbno$"}