{"songs": [{"title": "Kennington Where It Started", "album": null, "year": "2017-01-15", "lyrics": "[Intro: MizorMac, Blanco, Active & Bis]\nKennington, where it started\nFree D1, free Trap, free Kays\nKennington where my heart is\nFree ST, free Hackz, free Kess\nSee opposition get starving\nFree the mandem\nFree Sav, free Smarkz, free Ty, free Loski\nKennington where it started, like\nKennington where my heart is\nSee opposition get starving, like\nMy G TG, ay, bark it\nRight step when I'm marching\nDip-dip, Prince have him dancing\nI beg you pardon?\nSA or Sav get out there and clart him\n\n[Verse 1: Bis]\nTreat beef like breakfast (Yum)\nTwo shanks, get 'round in seconds\nBe feeding my area, peppers\nSparta, KuKu, real members (G's)\nGot G's in the can with detention (Free 'em)\nThree other girls that give man attention (Fuck 'em)\nOpps chat man, fam I see it in my mentions (Fuck 'em)\nWake up, get my grind on like Section (Section)\nQuestion (Listen)\nIf gang pull up, are you gonna back your bredrin? (Help)\nShouldn't be screaming things for the things\nMan just kwoof-qweff him (Bow, bow)\nBeen out here, me and Sav, Savage\nWhy you wanna lock my bredrin? (Free 'em)\nSpartans dip like custard cream\nNow look at your wounds, you stressin'\nAnd watchin' your friend, he leggin'\nThat's all mad depressing (Run up)\nTrap, trap, sponsor a man\nThat's good grantsmanship (Misch-masch)\nSplash, splash, splash\nAny man that them man barking with\nSplash, splash (Splash, splash)\n\n[Verse 2: Blanco]\nStep 'round there, what's good, what's good?\nNow I really sound like Bis\nGive my guys my worn out hoods ('Tek it)\nFive Spartans, ten eyes\nSo we know who's hood, who's good\nTwenty-first century Spartans\nSorry if we do things Spartans should (Huh)\nDon't come round here shook, look\nReally tryna get in our good books\nMashin' ain't dead, man cook good\nKennington blocks where cops look\nI don't see them, my shots would\nBeen out here tryna break down buds\nWhy you gotta stop my jugg? (Word)\nFree D1, real crooks man\nThat was really Phineas Trap\nFree TY, free Loski Loose\nSnow, ST, free Sav (Free 'em)\nFree G-Smarko, T-Trap\nKennington stars, we demons\nReally can't come, it's treason\nJakes jump out, we leave them\nAll the jailbirds need freedom\n\n[Chorus: MizOrMac]\nKennington where it started, like\nKennington where my heart is\nSee opposition get starving, like\nMy G TG, ay, bark it\nRight step when I'm marching\nDip-dip, Prince have him dancing\nI beg you pardon?\nSA or Sav get out there and clart him (Gun him, gun him)\n\n[Verse 3: Active]\nKennington\nI was fifteen me and GTrap, hands on a Remmington (Trap)\nScrap fights at Waterloo like Wellington\nTryna rip holes and touch man's skeleton (Touch skeleton)\nOpp boys can't see us, man's wettin' 'em (Wettin' 'em)\nKennington\nI made my first bag in Kennington\nThen I grab a twos and then I stack some more\nWe was 'dem man there we was riding in fours on the four\nTryna put a boy down on the floor\nCan't come round 'ere, boy we be riding on yours\nMe and T over there with the amm' like four\nDash a couple times 'cause the feds really on it\nFour-v-fifteen none them on it\nSo TY tryna put mans on the bonnet\nHammer over there my gyal just lock it, look (All of 'dem)\nAnd how they gon' chat about us?\nWhen we see dem man they cut\nAll of this talk, all of this talk on the net\nMore than ten been splashed, it's nuts (Splash)\nD1, TY, Loose, Snow, Smarkz, Trap, Kez, ST, Kes, Hats\nNiggas tryna take man's cabs\nKitchens, Rambzy's, I swear down man had a axe\n\n[Verse 4: MizOrMac]\nIf a man's got his shank and you've got your shank\nI beg you don't panic\nThe story be tragic, I back out my suttin\nI push it in stomachs (Shh, shh)\n'Dey say Harlem Spartans' on nothing\nSay Harlem Spartans' some rappers (Ha-ha!)\n'Til Harlem Spartans' out there marching\nBack out the 'tings on faggots (Mmm!)\nBake off with akh\nLaughing, heard Harlem Spartans get tarnished\nFlip flops when I bop in Harlem\nSay I'm not on the block then you're jarring (You're annoying)\nI'm in Harlem, Harlem, baking off with my chocolate darling\nWe some bastards no daddies, swammies start blasting\nTen toes on 'dem\nSplash some gems and throw the things over gardens (Throw it)\nTG JoJo from Harlem, stolen cars when dey bark it (Bark, bark)\nFuck it, violate turn to a target, no talking, no bargain (No)\nThree-hundred Spartans\nSee them draw for the swords like Shaman (Draw them)\nBarbecue up in Harlem\nAydee bill the 'ting and then spark it\nBarbecue up in Harlem\nAydee bill the ting and then spark it (Ay-de)\n\n[Chorus: MizOrMac]\nKennington where it started, like\nKennington where my heart is\nSee opposition get starving, like\nMy G TG, ay, bark it\nRight step when I'm marching\nDip-dip, Prince have him dancing\nI beg you pardon?\nSA or Sav get out there and clart him (Gun him, gun him)", "image": "https://images.genius.com/464daca3e38d5a8777d4ce46b53b9bce.400x400x1.jpg"}], "artist": "Harlem Spartans"}