{"songs": [{"title": "Halo", "album": "I Am... Sasha Fierce", "year": "2009-02-20", "lyrics": "[Verse 1]\nRemember those walls I built?\nWell, baby, they're tumblin' down\nAnd they didn't even put up a fight\nThey didn't even make a sound\nI found a way to let you in\nBut I never really had a doubt\nStandin' in the light of your halo\nI got my angel now\n\n[Pre-Chorus]\nIt's like I've been awakened\nEvery rule I had you breakin'\nIt's the risk that I'm takin'\nI ain't never gonna shut you out\n\n[Chorus]\nEverywhere I'm lookin' now\nI'm surrounded by your embrace\nBaby, I can see your halo\nYou know you're my savin' grace\nYou're everything I need and more\nIt's written all over your face\nBaby, I can feel your halo\nPray it won't fade away\n\n[Post-Chorus]\nI can feel your halo, halo, halo\nI can see your halo, halo, halo\nI can feel your halo, halo, halo\nI can see your halo, halo\nHalo\n\n[Verse 2]\nHit me like a ray of sun\nBurnin' through my darkest night\nYou're the only one that I want\nThink I'm addicted to your light\nI swore I'd never fall again\nBut this don't even feel like fallin'\nGravity can't begin\nTo pull me back to the ground again\n\n[Pre-Chorus]\nIt's like I've been awakened\nEvery rule I had you breakin'\nThe risk that I'm takin'\nI'm never gonna shut you out\n\n[Chorus]\nEverywhere I'm lookin' now\nI'm surrounded by your embrace\nBaby, I can see your halo\nYou know you're my savin' grace\nYou're everything I need and more\nIt's written all over your face\nBaby, I can feel your halo\nPray it won't fade away\n\n[Post-Chorus]\nI can feel your halo, halo, halo\nI can see your halo, halo, halo\nI can feel your halo, halo, halo\nI can see your halo, halo\nI can feel your halo, halo, halo\nI can see your halo, halo, halo\nI can feel your halo, halo, halo\nI can see your halo, halo\nHalo\nHalo\nOoh\n\n[Chorus]\nEverywhere I'm lookin' now\nI'm surrounded by your embrace\nBaby, I can see your halo\nYou know you're my savin' grace\nYou're everything I need and more\nIt's written all over your face\nBaby, I can feel your halo\nPray it won't fade away\n\n[Post-Chorus]\nI can feel your halo, halo, halo\nI can see your halo, halo, halo\nI can feel your halo, halo, halo\nI can see your halo, halo\nHalo, oh oh\nI can feel your halo, halo, halo\nI can see your halo, halo, halo\nI can feel your halo, halo, halo\nI can see your halo, halo\nHalo", "image": "https://images.genius.com/f26b0b38bf874e62d9666c47a63b45dc.300x300x1.png"}], "artist": "Beyonc\u00e9"}