{"songs": [{"title": "In Your Arms", "album": "To Myself", "year": "2019-08-23", "lyrics": "[Verse 1]\nFind a way, so-called\nBut I'll never get there, I, if I go slow\nLooking around with\u2005my\u2005head down\nAnd it\u2005doesn't look too good, where I\u2005stand now\n\n[Pre-Chorus]\n'Cause I tried my best and it just didn't feel right\nI walked that path without that peace of mind, I\nLooked around at everyone, but inside my\nLike where do I go? What do I know?\n\n[Chorus]\nShow me how to live, show me how to try\nShow me how to give, show me how to die\nIn your arms, where I belong\nYou're all I want, you're all I want\nShow me how to live, show me how to try\nShow me how to give, show me how to die\nIn your arms, where I belong\nYou're all I want, you're all I want\n\n[Verse 2]\nPattern showed the golden road\nIt's a story of my mind that is not told\nThe humble died, my mama cried\nDon't remember the last time when we just talked\n\n[Pre-Chorus]\n'Cause I tried my best and it just didn't feel right\nI walked that path, without you there, I'm downright\nWhere I belong, looking at the skyline\nWhere do I go? What do I know?\n\n[Chorus]\nShow me how to live, show me how to try\nShow me how to give, show me how to die\nIn your arms, where I belong\nYou're all I want, you're all I want\n\n[Outro]\nWhat does it mean? What does it mean?\nI need to see now\nI need to feel now\nNeed you to speak now\nIn your arms where I belong\nYou're all I want, you're all I want\n(What does it mean? What does it mean?\nI need to see now\nI need to feel now\nNeed you to speak now)", "image": "https://images.genius.com/baa59c1ed760f6983c4d4a551743b62d.1000x1000x1.jpg"}], "artist": "Baby Rose"}