{"songs": [{"title": "Feels So Good", "album": "Cozy Tapes, Vol. 2: Too Cozy", "year": "2017-08-15", "lyrics": "[Chorus: A$AP Nast]\nYuh, I can't relate, uh, yuh (No)\nTo none of you, rappers are actors\nI swear that these niggas be fake, uh (No, yuh, yuh, ayy)\nFuck out my face (Face, fuck out my face)\nYuh, way too much food on my plate for her to be actin' all stank\nYuh, uh, diamonds on bling (Bling blaww-blaww)\nYuh, we smoked out, my bitch is so bad\nI had to go buy her a mink, whew (Mink, ayy)\nFuck what you think, yuh (Fuck what you, fuck what you think)\nYeah, 'cause me and the money in love, I think I'ma buy it a ring\n\n[Verse 1: A$AP Ant]\nMy diamond's shinin', yours cloudy\nDiamond's ice, play hockey\nLean got me feelin' drowsy\nStripper bitch, she work at Follies\nMeet me at the hotel lobby\nAir Max, runnin' to the money\nYou ain't takin' nothin' from me\nAnd I'm gon' die 'bout it\n\n[Verse 2: A$AP Rocky]\n(Focus...)\nFrom demons, distractions\nTo all the reactions of fame\nShe probably collapsin' her heart over taxes\nI'm blowin' a kiss on the way\nProduction big, can't fit on a stage\nToo many fans to fit in the crowd\nToo many bands to get 'em on stage\nHis crew and his band is with him on stage\nI say in advance, so pay in advance\nI'm way too advanced to figure him out\nI set the bar, don't give 'em a break\nThe bar's too high to give it a raise\nA flow, like God, so give him a raise\nStones I got, I get 'em appraised\nDraw my Glock and get him erased\nFlow you got, I give it away\n\n[Chorus: A$AP Nast]\nYuh, I can't relate, uh, yuh (No, no)\nTo none of you, rappers are actors\nI swear that these niggas be fake, uh (No, yuh, yuh, ayy)\nFuck out my face (Face, fuck out my face)\nYuh, way too much food on my plate for her to be actin' all stank\n\n[Verse 3: A$AP Ferg]\nNiggarace, new Versace\nSippin' sake with my posse (Yeah, ah)\nEat that pussy like Hibachi\nLeave it wet, that dick Dasani (Ah, alright)\nSalvador Dal\u00ed, her body (Yeah)\nIt's a work of art, you copy? (Yeah, Ferg)\nNigga, all she do Pilates\nI go hard, you rappers copy (Ooh, damn)\n\n[Bridge: A$AP Rocky]\n'Cause it feels so good when it's you\nAnd it feels so good when it's new\n'Cause it feels so good when it's new (Ayy)\nWhy you actin' like you ain't knew?\n\n[Verse 4: A$AP Ferg]\nNiggarace, new Versace\nI be mobbin' with my posse\nStretch that coochie like pilates\nI'm gon' eat it like Hibachi\nPlay no game, no Tamagotchi\nFinger froze like Liberace\nFuck that bitch, I make her knock knee\nWhile I rep Trilluminati\n\n[Verse 5: A$AP Twelvyy]\nYah, oh, right\nPelle Pelle, butter soft, we was in 'em lobbies\nHolla, holla, steady mobbin', only God can stop me, huh\nDollar signs, a lot of diamonds, I'm about to sign me\nCop a Tommy, yeah, the Tommy\nThousand band like Fauni, yeah\nAll in the forest, hey\nLookin' for porridge, hey\nRicky in storage, fresh with the chorus\nDressed like a tourist, hey, yeah\nThat's with the bomber, huh\nFuck up some commas, hey, hmm\nGlock for the drama, hey\nDo what I want, fuck when I wanna...\n\n[Bridge: A$AP Rocky]\n'Cause it feels so good when it's you\nAnd it feels so good when it's new\n'Cause it feels so good when it's new (Ayy)\nWhy you actin' like you ain't knew?\n\n[Chorus: A$AP Nast & A$AP Ferg]\n(Niggarace) Yuh, I can't relate, uh, yuh (No)\nTo none of you, rappers are actors\nI swear that these niggas be fake, uh (No, yuh, yuh, ayy)\n(Niggarace) Fuck out my face (Face, fuck out my face)\nYuh, way too much food on my plate for her to be actin' all stank\nYuh, uh, diamonds on bling (Bling blaww-blaww)\nYuh, we smoked out, my bitch is so bad\nI had to go buy her a mink, whew (Mink, ayy)\nFuck what you think, yuh (Fuck what you, fuck what you think)\nYeah, 'cause me and the money in love, I think I'ma buy it a ring\nYuh (What?)", "image": "https://images.genius.com/2495230df7bb9f606633eb839e1dfa73.1000x1000x1.jpg"}], "artist": "A$AP Mob"}