{"songs": [{"title": "Bleed It", "album": "Dirt Bag", "year": "2018-12-19", "lyrics": "[Intro]\nPull up on your block, then I bleed it\nC\u00e1llate, Mike Crook\nBlueface, baby\nYeah aight\nPull up on your block, then I bleed it\n\n[Chorus]\nPull up on your block, then I bleed it (Bleed it)\nSlidin', if I don't drop somethin', I can't leave it (I can't leave it)\nWock' got me poured, but this TEC got him leanin' (Got him leanin')\nNever let the beef get cold, where's the meetin'?\n(Where's the meetin'?)\nPull up on your block, then I bleed it (Bleed it)\nSlidin', if I don't drop somethin', I can't leave it (I can't leave it)\nWock' got me poured, but this TEC got him leanin' (Got him leanin')\nNever let the beef get cold, where's the meetin'? (Where's the meetin'?)\n\n[Verse 1]\nFuck a handgun, bitch, I brought a MAC in (MAC in)\nGotta keep a technical in case a nigga hackin' (Hackin')\nGlock with a dick on my lap, I'm in traffic (Traffic)\nMy pistol bloated, ready to unload it ('Load it)\nPop up least expected, like a notice (Notice)\nFamous Crip, everywhere I go, people notice\nI started to notice, you gotta watch the people closest (Closest)\nDozin' off in this Benz 'cause I can afford not to focus\nGlock make 'em disappear, hocus pocus (Hocus pocus)\nI work too hard, bitch, I'm never lackin' (Never lackin')\nI tote pistols, you niggas typin' all captions (Yeah aight)\nI'm really poppin', you niggas need to stop cappin' (Stop cappin')\n\n[Chorus]\nPull up on your block, then I bleed it (Bleed it)\nSlidin', if I don't drop somethin', I can't leave it (I can't leave it)\nWock' got me poured, but this TEC got him leanin' (Got him leanin')\nNever let the beef get cold, where's the meetin'?\n(Where's the meetin'?)\nPull up on your block, then I bleed it (Bleed it)\nSlidin', if I don't drop somethin', I can't leave it (I can't leave it)\nWock' got me poured, but this TEC got him leanin' (Got him leanin')\nNever let the beef get cold, where's the meetin'? (Where's the meetin'?)\n\n[Verse 2]\nPull up on your block, then I bleed it (Bleed it)\nSlidin', if I don't drop somethin', I can't leave it (I can't leave it)\nI don't get mad, dumb nigga, I get even (I get even)\nYou've been rappin', I just do this on the weekend (On the weekend)\nThey don't wanna believe it, so I had to repeat it (Repeat it)\nThey envy me, I'm MVP, this is my season\nCreepin' in the Jeep, turn this bitch to Jeepers Creepers\n(Jeepers Creepers)\nTreat my bitch like a pistol, no such thing as keepers\nThese bitches throwaways, bust once, then I throw away\n(Yeah aight)\nI'm a fly Crip, baby, I don't know no other way (Scoop)\nAh-ha-ha (Bop)\nOn Schoolyard, bitch, yeah aight\n\n[Chorus]\nPull up on your block, then I bleed it (Bleed it)\nSlidin', if I don't drop somethin', I can't leave it (I can't leave it)\nWock' got me poured, but this TEC got him leanin' (Got him leanin')\nNever let the beef get cold, where's the meetin'?\n(Where's the meetin'?)\nPull up on your block, then I bleed it (Bleed it)\nSlidin', if I don't drop somethin', I can't leave it (I can't leave it)\nWock' got me poured, but this TEC got him leanin' (Got him leanin')\nNever let the beef get cold, where's the meetin'? (Where's the meetin'?)", "image": "https://images.genius.com/7bdb32c5ea7c1eb1dfd217a23a55b4c1.1000x1000x1.jpg"}], "artist": "Blueface"}