{"songs": [{"title": "They Wanna Know", "album": "Double Tap Diaries", "year": "2019-05-17", "lyrics": "[Intro]\nIt sounds like Nyge\nM1OnTheBeat\n\n[Verse 1: Digga D]\nSlapped four out the .44, have two left\nCouldn't chase the GSR, left the pigs clueless\nFree Crimmy, knocked it out \u2019til it was toothless\nBroad day let it spray, bait, too ruthless\n.32 tings, bail, three shootings\nHeard he wants he wants smoke\nSo when I buck 'im, I'ma two\u2019s him (I'ma bun' him)\nBig buckshots, bruck the dots slapped two in\nLet the crack boil, call a judge to taste the Susan (What's it sayin'? What's it sayin'?)\nThey wanna know my net worth (What's it worth?)\nTwenty-three what my neck\u2019s worth (Big drip)\nI could buy two dwellers if I shot my next verse\nShoot his chest after but I\u2019d rather hit his 'ead first (Dead boy)\nNow he\u2019s on the ward, no two scissors\nI just slapped one shot and I hit two niggas (Both of them)\nGot some new spinners 'cause I got some new figures\nNew dotty came in three but it's got two triggers (I've got loads of them)\n\n[Verse 2: Aystar]\nSlapped one out the big 9, that\u2019s fifteen left\nHe said that it was beef 'til he got G-checked\nRun upon 'em bangin' (Bang!)\nBroad daylight, out the Z-Tec\nI need the clip, lookin' like a nitty with no teeth left (Hahaha)\nBig sweets like the size of some D breasts (Big ones)\nIt's what the clip holds so just speak less\nDo it like Dappy with no regrets\nPop out the bush and leave about five shots up in his V-neck (Bang!)\nThey wanna know what the watch is worth (What?)\nMore than your whip's what the watch is worth\nYou're passing through Liverpool, come to Toxteth first\nStay the night, bet you'll see how them Glocks disperse\nOne car ought to start reverse\nStart bangin', and leave you to the doc and nurse, leave you to the doc and nurse\nI told these man if you ain't real, we can't swap a verse\n\n[Outro: Digga D & Aystar]\nThey wanna know my net worth (What's it worth?)\nTwenty-three what my neck's worth (Big drip)\nI could buy two dwellers if I shot my next verse\nShoot his chest after but I'd rather hit his 'ead first (Dead boy)\nThey wanna know what the watch is worth (What?)\nMore than your whip's what the watch is worth\nPassing through Liverpool, come to Toxteth first\nStay the night, bet you'll see how them Glocks disperse", "image": "https://images.genius.com/c73f0464e00a52a0e2c6e15212bd72f3.1000x1000x1.jpg"}], "artist": "Digga D"}