{"songs": [{"title": "Whipped Cream", "album": "Shea Butter Baby", "year": "2018-07-16", "lyrics": "[Intro]\nOh, mmm, mmm\n\n[Chorus]\nI've been eatin' whipped cream, havin' vivid dreams\nOf your face and through people on TV screens\nYou've been everywhere\nAnd I wish I didn't care\nOh, you've been everywhere\nI wish, wish I didn't care, yeah, mmm\nWish I didn't\n\n[Verse 1]\nI've been thinkin' of you, I've been keepin' you\nAlignin' my soul with the devil that it chose\nI've been thinkin' this, thinkin' of some kids\nHow I'm agin', degradin' when I give it like this\nI've been cryin' at night, holdin' bullet tight\nHopin' I meet someone different, but it's true that I don't\n\n[Chorus]\nI've been eatin' whipped cream, havin' vivid dreams\nOf your face and through people on the TV screen\nEverywhere (Said I'll be, yeah)\nSaid I wish I didn't care (Oh, and you)\nOh, you've been everywhere\nI wish, wish I didn't care\n\n[Verse 2]\nI've been in my feels, I've been stackin' bills\nOnline shoppin' and robbin' my chance of survivin'\nI'm late on rent, what was I thinkin'?\nI'm gon' go to the gym, squat real low for a man\n'Round you it revolves, I can't shake it off\nUnrequited, admit it, you were never mine at all\nNever mine, never mine\nNever mine at all (No, at all)\nAyy, yeah, never mine\nNever mine at all\n\n[Chorus]\nI've been eatin' whipped cream, havin' vivid dreams\nOf your face and through people on TV screens\nYou've been everywhere\nAnd I wish I didn't care\nOh, you've been everywhere (Ayy, yeah)\nOoh, I wish (Said I wish)\nWish I didn't care\n\n[Bridge]\nOoh, yeah, ooh (TV screens)\nEat...\nOh, yeah, ooh (Mmm, TV screens)\nYou're deceivin', receivin', non-givin' headass (Ayy, ayy)\nYou're deceivin', receivin', non-givin' headass (Oh yeah, yeah, hey)\n\n[Chorus]\nI've been eatin' whipped cream, havin' vivid dreams (I do)\nOf your face and through people on TV screens\nYou've been everywhere\nAnd I wish I didn't care (Ayy)\nOh, you've been everywhere\n(You've been, you've been, you've been)\nI wish (Hey, yeah)\nWish I didn't care (Yeah, yeah)", "image": "https://images.genius.com/43cd7ed2831b21e8257e50af642ff73d.1000x1000x1.jpg"}], "artist": "Ari Lennox"}