{"songs": [{"title": "Living Facts", "album": "Living Facts", "year": "2018-06-03", "lyrics": "[Intro]\nOut in Hollywood, I'm faded in the cut\nI ain't rich yet but I made it out the mud\n23 I'm living life just how I want\nYeah we, living facts now\nYeah we living facts now\n(Facts)\n\n[Bridge]\nEverywhere I go, you know I'm with the team (with the team)\nVinny right there on the left he planting seeds (planting seeds)\nOut in LA everything ain't what it seems\nBut we, living facts now\nYeah we living facts now\n\n[Verse 1]\n1340 on me homie, I don't do no Bape, no\nLiquor and my debit card the only thing I chase(yeah)\nGod won't let me flex yet, so I keep it in a safe, yeah\nAll my bros stay lifted like they pushin' up the plates\nAnd you know, and you know\nWe on the road, on the road\n\n[Chorus]\nRiding with the top down, yeah\nI'm with my shorty she gon' drop down, yeah\nI'm on a high I'm feeling way up, yeah\nI'm in that new fit looking laced up, yeah\nWe living facts, and I know some people probably acting fake right now\nWe could give a fuck 'bout what you say right now\nWhole crew on the coast we surfing waves right now\nWe been living facts, that's everyday right now\n\n[Verse 2]\nMaddy, Maddy, she hit me for the Addy\nLauren's parents out of town, so she gon' call me daddy\nUsed to fuck with Pattie\nNow I'm back with with Bri though\nIf she do me foul, then I'ma drain it like a free throw\nI can't lie lately I've been on some player shit\nEatin' sushi rolls bet my shorty pay for it\nOut in Cali with the same ones that I came up with(squad)\nNo new friends naw, tell them all to take a hint\nWhoa, in my zone\nBottle service up at OHM\nBouncer kicked us out, we hit the Rox with all the bros\nMamma said to live it up so I'ma sip it slow\nLiving facts, that's the code, homie you already know\nYeah, you know\nAnd you know, we on the road\nOn the road\n\n[Chorus]\nRiding with the top down, yeah\nI'm with my shorty she gon' drop down, yeah\nI'm on a high I'm feeling way up, yeah\nI'm in that new fit looking laced up, yeah\nWe living facts, and I know some people probably acting fake right now\nWe could give a fuck 'bout what you say right now\nWhole crew on the coast we surfing waves right now\nWe've been living facts, it's everyday right now", "image": "https://images.genius.com/1b89e59400b532821dccf70e716bd1a3.640x640x1.jpg"}], "artist": "Arizona Zervas"}