{"songs": [{"title": "Energy", "album": "FIFA 18 Soundtrack", "year": "2017-02-10", "lyrics": "[Verse 1: Avelino]\nYo, yo, 'llow that yout'\nHe's a hater, I don't want no bad energy\nMan get views but I Ray Charles\n'Cause I can't see my enemies\nI like all types of girls\nMelanins and Melanies\nShe wants a man from London\nShe wants a fella with felonies\nThat's probably all my team\nThere's no I in it, I'm bringing all my team\nGassed when they saw my team\nEven the bouncers bounced when they saw my team\nWho d'ya wanna holla? Who d'ya wanna never know?\nDon't be a sheep when you can be the GOAT\nGreatest of all time? Man, you never know\nDon't show up to my show if you've got no (Energy)\n\n[Chorus: Avelino]\nEnergy, energy\nEnergy, energy\n\n[Verse 2: Stormzy]\nAlright, okay, 'llow that yout', he's a fuckboy\nI don't want no bad energy\nI shell-shell-shell on the mic\nNow these little boys wanna put a shell in me\nPure blood in my bloodline\nYou are not part of my pedigree\nThese niggas heard a nigga's getting bread\nNow they see me on the street and start breading me\nHurt but I heal my wounds, real life goons\nThese niggas steal my tunes\nSo much dough just lying in my crib\nI find too much money when I clean my room\nTenner on the side, pinky in my top drawer\nRich in my faith, I could never be poor\nWhy bang a hammer when you can be Thor\nDon't pull up to my tour if you've got no (Energy)\n\n[Chorus: Avelino]\nEnergy, energy\nEnergy, energy\nNo bad energy, no bad energy\nNo bad energy, energy\n\n[Verse 3: Skepta]\nMmm, step in the party, me, Fris and Jahlani\nGot a pocket full of weed and cash\nBouncers wanna power-trip at the front\nSo my niggas have to creep through the back\nStorm' put the heat on the track\nWorldwide, yeah, we put the streets on the map\nWe're the kings, haffi salute the kings\n'Oi king, what d'ya mean? Who's that?'\nWe should have never gone away\nThat's Av' the top boy, the top man days\nGot fans from St. Anne's to Holloway\nAnother black millionaire on the way\nNo gas, every day's a holiday\nDon't chat, already know what you're gonna say\nIt's hot, yeah, hot like a summer's day\nSo don't show up to my show if you've got no (Energy)\n\n[Chorus: Avelino]\nEnergy, energy\nEnergy, energy\nNo bad energy, no bad energy\nNo bad energy, energy\n\n[Outro]\nEnergy", "image": "https://images.genius.com/596177d0503523ae2dd336e64970134c.1000x1000x1.jpg"}], "artist": "Avelino"}