{"songs": [{"title": "D.M.L", "album": "Free", "year": "2018-06-08", "lyrics": "[Chorus: Blay Vision]\n'Dem niggas ain't wavey, dem man lie\nTouch my brudda get televised\nCame out of the blue like, \"Hey surprise\"\nLikkle man can't chat to none of my guys\n'Dem niggas ain't wavey, dem man lie ('Dem niggas ain't wavey, dem man lie)\nTouch my brudda get televised (Touch my brudda get televised)\nCame out of the blue like, \"Hey surprise\" (Came out of the blue like, \"Hey surprise\")\nLikkle man can't chat to none of my guys (Likkle man can't chat to none of my guys)\n\n[Verse 1: Blay Vision]\nUh, I just breeze on a riddim\nToo much steeze on a riddim\nI got to the stage where man pay P for the riddim\nGyaldem freak to the riddim\nCarhartt flexin you know I look clean for the riddim\nPink and black lemme kill 'em\nI do my ting but, man ain't seeing the vision\nFam stop preeing and listen\n'Dem man lie, I'm not involved\nEvery night it's gyally on pole\nI got P now, everyting cold\nSee me in Prauge just doing up show\nSee me in Prague just chilling with bufftings\n'Dem man there just looking all old\nJust looking all weird\n\n[Chorus: Blay Vision]\n'Dem niggas ain't wavey, dem man lie\nTouch my brudda get televised\nCame out of the blue like, \"Hey surprise\"\nLikkle man can't chat to none of my guys\n'Dem niggas ain't wavey, dem man lie ('Dem niggas ain't wavey, dem man lie)\nTouch my brudda get televised (Touch my brudda get televised)\nCame out of the blue like, \"Hey surprise\" (Came out of the blue like, \"Hey surprise\")\nLikkle man can't chat to none of my guys (Likkle man can't chat to none of my guys)\n\n[Verse 2: Dapz On The Map]\nI just creep pon the riddim\nMean I ain't clean on the riddim\nIt's got to the stage where, man make P from the riddim\nBreak bread with the team now we're winning\nI'm from Brum town where you gotta go green for a visit\n'Cah man do eats for a living\nI do my ting where I'm living my dream for a living\nGTD manna whipping, tell a man bye-bye\nWho's that at the traffic lights\nGreen CP they can't see my eyes\nTouch one of us you get televised\nLike oh my days, oh me, oh my\nSee me on road with Taj and John\nSee me on road with Cass and Ty\nUs man are active at all times\n\n[Chorus: Blay Vision]\n'Dem niggas ain't wavey, dem man lie\nTouch my brudda get televised\nCame out of the blue like, \"Hey surprise\"\nLikkle man can't chat to none of my guys\n'Dem niggas ain't wavey, dem man lie ('Dem niggas ain't wavey, dem man lie)\nTouch my brudda get televised (Touch my brudda get televised)\nCame out of the blue like, \"Hey surprise\" (Came out of the blue like, \"Hey surprise\")\nLikkle man can't chat to none of my guys (Likkle man can't chat to none of my guys)\n\n[Verse 3: Blay Vision]\nYou can't kill my bae\nI know real badman from Tottenham up to Enfield where I lay\nFam I know they don't want a problems how you end up M.I.A\nFam I know they don't want a problem at your headback's where I'll aim\nThem man are not cheese, them man are just wastemen\nWith so much time\nSo much time on their hands just hating, whilst mandem are bussing up grime\nSo much time on their hands debating 'bout who is the King of Grime\nSo much time on their hands they're wasting, them man are some eediat bwoi\n\n[Chorus: Blay Vision]\n'Dem niggas ain't wavey, dem man lie\nTouch my brudda get televised\nCame out of the blue like, \"Hey surprise\"\nLikkle man can't chat to none of my guys\n'Dem niggas ain't wavey, dem man lie ('Dem niggas ain't wavey, dem man lie)\nTouch my brudda get televised (Touch my brudda get televised)\nCame out of the blue like, \"Hey surprise\" (Came out of the blue like, \"Hey surprise\")\nLikkle man can't chat to none of my guys (Likkle man can't chat to none of my guys)\n\n[Outro: Blay Vision]\nYeah\n'Dem niggas ain't wavey, dem man lie\nYeah", "image": "https://images.genius.com/8a9723d48bef5cb8fcdaa384a712dcd2.640x640x1.jpg"}], "artist": "Blay Vision"}