{"songs": [{"title": "By Your Side", "album": "Seasons ", "year": "2018-05-04", "lyrics": "[Chorus: 169]\nI'm the only one that's by your side\nYour other girls and all your friends they in it for they hype\nYou know that I stay true, true, yeah\nThey don't have a clue, clue\n\nI'm the only one that's by your side\nYour other girls and all your friends they in it for they hype\nYou know that I stay true, true, yeah\nThey don't have a clue, clue\n\n[Verse 1: 169]\nI remember when we hit the road, me and you alone\nAll your friends became my enemies, messin' up the flow\nI was dressed in different clothes , not my thing, so I switched it up\nFeeling wrong, told myself not to fall in love\nAnd now we good, yeah we cool\nI'ma check on you, makin' sure you stay away from all of those other fools\nYeah you bad and you know it so don't give it up\nYou know your friends won't be there just to check what's in your cup\n'Cause\n\n[Chorus: 169]\nI'm the only one that's by your side\nYour other girls and all your friends they in it for they hype\nYou know that I stay true, true, yeah\nThey don't have a clue, clue\n\nI'm the only one that's by your side\nYour other girls and all your friends they in it for they hype\nYou know that I stay true, true, yeah\nThey don't have a clue\n\n[Verse 2: Teks Sinatra]\n(Sinatra)\nYou're the only one [?]\nHand upon my heart I tell the truth\nYou told me that these niggas always come and go\nI'm the one that make sure that you do too, yeah\nLet me cut all the nonsense\nI know I can't sing but I try\nIt's kinda like you when you say that you're done\nAnd you back by the end of the night\nKnow there's never been a time I believed it (never)\nNow you ain't gotta lie, I'ma secret\n'Cause your friends won't ever let you be (no, no)\nAnd you forever stressed on me\nYou make a mountain outta nuttin'\nWon't ever rest on me\n'Cause even though I'm livin' wrong\nYou know true thoughts live in songs\nI hope you hear my intentions are good\nAnd even though I'm sinning strong\nAnd you wonder those memories end\nHow we tried that shit we won't ever be friends\nI'm forever deep end\nYou mean more to me, I won't ever pretend\nI won't ever change, them other tings won't ever stay\nThey're all groupie hoes that just beggin' fame\nOnly stick around if I sell a tape\nThere's a big difference from you and 'em\nHere I go singin' to you again\nPlease don't listen to your friends no more\nYou know I could've f**** a good few of them, nah\nBut it's only you (it's only you)\nIt's only (it's only you)\nIt's no one else (no one else)\n\n[Outro: 169]\nI remember when we hit the road, me and you alone\n'came my enemies, messin' up the flow", "image": "https://images.genius.com/eeaacf7818d953eba024c70b33351a80.1000x1000x1.jpg"}], "artist": "Tyrell 169"}