{"songs": [{"title": "Plain Jane", "album": "Still Striving", "year": "2017-06-13", "lyrics": "[Intro]\nYeah\n\n[Chorus]\nRide with the mob, Alhamdulillah\nCheck in with me and do your job\nFerg is the name, Ben Baller did the chain\nTourneau for the watch, presi Plain Jane\n\n[Verse 1]\nYamborghini chain, rest in peace to my superior\nHerm\u00e8s link could feed a village in Liberia\nTMZ taking pictures, causin' mad hysteria\nMomma see me on BET and started tearin' up\nI'ma start killin' niggas, how you get that trife?\nI attended Harlem picnics where you risked your life\nUncle used to skim work, sellin' nicks at night\nI was only 8 years old, watching Nick at Nite\nUncle Psycho was in that bathroom buggin'!\nKnife to his guts, hope Daddy don't cut him\nSuicidal thoughts brought to me with no advisory\nHe was pitchin' dummy, sellin' fiends mad ivory\nGrandma had the arthritis in her hands, bad!\nShe was poppin' pills like rappers in society\nI fuck yo bitch for the irony\nI'll send Meechy at yo ho if yo bitch keep eyein' me\n\n[Chorus]\nRide with the mob, Alhamdulillah\nCheck in with me and do your job\nFerg is the name, Ben Baller did the chain\nTourneau for the watch, presi Plain Jane\nRide with the mob, Alhamdulillah\nCheck in with me and do your job\nFerg is the name, Ben Baller did the chain\nTourneau for the watch, presi Plain Jane\n\n[Post-Chorus]\nSuck a nigga dick or somethin'\nSuck a nigga dick or somethin'\nSuck a nigga dick or somethin'\nSuck a nigga dick or somethin'\n\n[Verse 2]\nI'ma explain why you probably never seen me\nI'm in a sunken place, no Instagram, I'm watchin' TV\nI think I trade my breakfast, lunch, and dinner for some kitty\nPlease believe me, I see RiRi, I'ma eat it like panini\nI go dumb up in the broad, hit the walls like graffiti\nIndian burns all up on a nigga wee-wee\nI think I need a foursome, Bella, Kendall, Gigi\nIt'd be easy if Reneezy hook it all up on the leezy\nI go crazy in my Yeezy, Kirk Kneezy on the beat\nI told 'em now we finna glow up in the street\nRappers talk subliminal but they don't talk to me\nPut 'em in a Jersey shore like Pauly D\n\n[Chorus]\nRide with the mob, Alhamdulillah\nCheck in with me and do your job\nFerg is the name, Ben Baller did the chain\nTourneau for the watch, presi Plain Jane\nRide with the mob, Alhamdulillah\nCheck in with me and do your job\nFerg is the name, Ben Baller did the chain\nTourneau for the watch, presi Plain Jane\n\n[Post-Chorus]\nSuck a nigga dick or somethin'\nSuck a nigga dick or somethin'\nSuck a nigga dick or somethin'\nSuck a nigga dick or somethin'", "image": "https://images.genius.com/fad5ac3af8e73fbea101c81dd1ec520a.490x490x1.jpg"}], "artist": "A$AP Ferg"}