{"songs": [{"title": "Drip Like This", "album": "Saved by the Bales", "year": "2019-06-24", "lyrics": "[Intro]\nAyy, ayy, ayy\nAyy, Bankroll Freddie here\nThe rapper?\nYeah, yeah, him\nHoo-hoo-hoo-hoo-hoo-hoo-hoo-hoo, you know what that mean, homeboy\nHah-hah-hah-hah-hah\nHah,\u2005yeah,\u2005got\nMoney, money, yeah,\u2005yeah\nDrip like this\nDrip like this (Woo)\nGotta\u2005have a bag just to drip like this\nGotta have cash just to drip like this\nGotta count a sack just to drip like this\nYeah\nAyy, ayy\n\n[Chorus]\nCost a lil' money, get your drip like this, huh\nIcebox drip on my wrist\nWalk up in the club and I drip on a bitch\nYou know I'm a P, I might pimp on a bitch\nCost a lil' money, get your drip like this (Drip like this, drip like this)\nCost a lil' money, get your drip like this (Drip like this, drip like this)\n\n[Verse 1]\nWalk up in the club and I drip on a bitch (Big drip)\nBae, don't sleep, I'm the shit (Woo)\nAll the damn sauce, you can lick on the bitch (Sauce)\nLouis V sneaks made a tip on a bitch (Louis)\nIce on my neck, it's a brick on my wrist (Woo)\nYeah, I spent thirty on this (Thirty)\nHope a nigga don't try to run up real quick, yeah (Baow, baow)\nYeah, Steph Curry in the clip\nCanceled out the Gucci, had to go and get Chanel (Yeah)\nMaison Margiela like a motherfuckin' player (Maison)\nDolce and Gabbana, stand out from the square\nI'm really in the game, baby, I'm a star player\nThese jeans that I got on cost a cool rack (Bands)\nMike Amiri jeans with the stripes on the side (Woo)\nFendi shirt on, got you matchin' my fly\nHold on, lil' bitch, don't kill my vibe (Nah)\nWoo, woo, drip like this\nNever seen a bitch suck dick like this\nDouble hand action and she spit when she twist (Damn)\nNever ever seen a freak bitch like this\nBig Bankroll, baby, just call me Freddie\nNever seen a young nigga soul so heavy\nFresh in all white like I'm on my way to Heaven\nThirty thousand dollars in my old school Chevy (Skrrt)\n\n[Chorus]\nCost a lil' money, get your drip like this, huh\nIcebox drip on my wrist\nWalk up in the club and I drip on a bitch\nYou know I'm a P, I might pimp on a bitch\nCost a lil' money, get your drip like this (Drip like this, drip like this)\nCost a lil' money, get your drip like this (Drip like this, drip like this)\nCost a lil' money, get your drip like this, huh\nIcebox drip on my wrist\nWalk up in the club and I drip on a bitch\nYou know I'm a P, I might pimp on a bitch\nCost a lil' money, get your drip like this (Drip like this, drip like this)\nCost a lil' money, get your drip like this (Drip like this, drip like this)\n\n[Verse 2]\nI been drippin' like this for a while (For a while)\nBeen drippin' like this since a child\nWater on my neck got a nigga finna drown\nRockin' real ice, got these hoes goin' wild, hah\nI shine in the dark, I'm a star, huh (Star)\nCatch me in the club on a bar, huh (Woo)\n'Bout to take your bitch to the car, huh (Geeked up)\nStylin' in my G-Star RAW, uh\nFreshest young nigga, blew a bag up in Neiman\nRockin' Dior, fell in love with Buscemi (Woo)\nI don't fumble with the sack, sacks came with the cement\nThey greet me at the door with champagne when they see me\nMy bitch drippin' too, she done fucked up Chanel, huh\nShe done bought two or three bags (Fuck)\nGoddamn bag cost four or five racks\nBut fuck a sheik, I'm ballin', I'ma get it right back\nGot racks hid all in the place, huh (Big racks)\nRacks hid all in the safe (Racks)\nGot big racks all in the bank (Big racks)\nPlay with the racks, put racks in your face (Boom)\nMight drip on a bitch in Valentino, huh (Valentino)\nBalmain cost a few C-notes, huh (Woo)\nAsk your bitch 'bout me, nigga, she know, huh (Ayy, she know)\nMight take a trip out to Rio, phew\n\n[Chorus]\nCost a lil' money, get your drip like this, huh (Woo)\nIcebox drip on my wrist\nWalk up in the club and I drip on a bitch\nYou know I'm a P, I might pimp on a bitch\nCost a lil' money, get your drip like this (Drip like this, drip like this)\nCost a lil' money, get your drip like this (Drip like this, drip like this)\nCost a lil' money, get your drip like this, huh\nIcebox drip on my wrist\nWalk up in the club and I drip on a bitch\nYou know I'm a P, I might pimp on a bitch\nCost a lil' money, get your drip like this (Drip like this, drip like this)\nCost a lil' money, get your drip like this (Drip like this, drip like this)", "image": "https://images.genius.com/56f8d8d70aadca71a84246b1c0e6a664.1000x1000x1.jpg"}], "artist": "Bankroll Freddie"}