{"songs": [{"title": "1 SIDED LOVE", "album": "ANONYMOUS", "year": "2019-02-14", "lyrics": "[Chorus]\nYou're too busy talking over me to hear what I\u2019m sayin'\nYou're too high to realize\nI see through the smile that you\u2019re fakin'\nYou're so into yourself, everyone else is overrated\nAnd everything's changing; is your heart worth breakin'?\n\n[Verse 1]\nOne-sided, one-sided, one-sided love\nOur time is, our time is, our time is up\nTrying to make this work, it ain't enough\nOne-sided, one-sided, one-sided love\n\n[Pre-Chorus]\nAnd you don't even notice, do you?\nEverything perfect to you\nThink you love the idea of us more than the real thing\nHope your heart don't break too much\n\n[Chorus]\nYou\u2019re too busy talking over me to hear what I\u2019m sayin'\nYou\u2019re too high to realize\nI see through the smile that you're fakin'\nYou're so into yourself, everyone else is overrated\nAnd everything\u2019s changing; is your heart worth breakin'?\n\n[Verse 2]\nI'm missin' the way that it used to be\nYou say I changed; maybe you changed me\nI swear lettin' you down, lettin' you down is hard enough\nWhen it's one-sided, one-sided, one-sided love\n\n[Pre-Chorus]\nYou don't even notice, do you?\nEverything perfect to you\nThink you love the idea of us more than the real thing\nHope your heart don't break too much\n\n[Chorus]\nYou're too busy talking over me to hear what I'm sayin'\nYou're too high to realize\nI see through the smile that you're fakin'\nYou're so into yourself, everyone else is overrated\nAnd everything's changin'; is your heart worth breakin'?\n\n[Outro]\nIs your heart worth breakin'?\nIs your heart worth breakin'?\nIs your heart worth breakin'?\nIs your heart worth breakin'?", "image": "https://images.genius.com/bf89bb4c9223700f15c1d6ed8e3fe298.1000x1000x1.jpg"}], "artist": "\u200bblackbear"}