{"songs": [{"title": "2maro", "album": null, "year": "2019-11-01", "lyrics": "(Verse 1)\nI did it by myself, Hey! When y'all niggas gon leave me 'lone\nSend out\u2005a\u2005hit out and\u2005quit while ahead, then get out\u2005of bed, Jeep Jeep\u2019s home\nFlex up bull, how long is y'all niggas gonna keep yelling y'all next up for?\nI had the Roc on reflux, the drop on Beats 1, and a check to cover everything I wrecked on tour\nWinnebago flyin, state yo crime: a fake dope guy with a draco line\nStill, I pay they no mind, even bae treat every text back like a Drake co-sign\nWhen a popular tenant, Pop independent\nMom chain popped, got my pop in a pendant\nThe bomb Klay Thompson had dropped from the bench got the population popping with unpopular opinions\nSlow Down, Little Bastard\nIf I could change the date make the same mistakes a little faster\nClear that crowd, I need room in here!\nGot a strand a gram that I'm grooming here, till the room is clear\nI\u2019m using theirs\nOr fuck inside this photo booth and send them nudes as souvenirs\nFree my team\nOn a clean white tee\nHit the crop and box then get the 3 x 3\nI let him rock and jock and hit the key like me\nShit, even I'm still tryna be like me\nFeel like I\u2019m boosting up the lungs\nGive that drummer some\nI Got 20 on a trampoline, Japenese\nCouldn\u2019t strap the team if I ain't have that jumper son/16\n\n(Bridge)\nI need a job, I need a ride, said I need patience\nMy priorities need straightening a bit\nStill ain't handle my car note\nStill ain't cancel my card though\nShould be plans about our goals\nChalk those, said I'll do all that shit tomorrow\n\n(Hook)\nI WANT IT (NO I NEED YA)\nI WANT IT (NO I NEED YA)\nI WANT IT (GOT THE FEVER)\nI WANT IT (I NEED YA I NEED YA)\nSay Lord have mercy, all this luxury purchased\nTold me I'm old enough that my wants and needs shouldn't hurt me\n\n\n(Verse 2)\n\nSlow Down\nI got 21 patients all they wanna play is Cole now\nAnything just to keep a balance\nWent from \"bad, black\" with the links surround\nTo Dad hats, snapchats & adidas garments\nMixed drink, get pink and a pinky promise\nIf you can hit three lines I\u2019ll think about It\nOne time for the plug though\nI had to flush them down when --- (Run it back)\nExhibit A: Pimpin' tape months from now\nEven the west coast accustomed now\nPacking a best friend, pack of excedrin, A packet of Pac Hewlett-Packard expressions\nFrom The 5\u20192, Badu ain't the only one that Fuck 3 stacks, Up, come back with a Seven\nWOOSAH!\nHandle the light work\nFoot on the heat\nGot her hand on the sideburns\nCannon to \"Cam on\" to stand on the planet I can't put your man on\nAye hang on, It's my turn\nBlue Check\nYou can't dream over the browser\nBlue Sets\nJuice, and bring over your founder\nTwo Left\nCook and clean home on the count of the\nTsu Chef\nStill get lean over the counter\nMm! Been around the world again, shook hands and hold bunches\nStill in the city where Apollo creed ain't landing no punches\nJump In, I gotta contra-confidante\nI ain't had an \"Off\" line in time since Tom forgot his Myspace\nConquered concerts: Conscious, calm, to Kanye\nAnd stomp the comp till momma tried to stop me\n\n(Bridge)\nI need a job, I need a ride, said I need patience\nMy priorities need straightening a bit\nStill ain't handle my car not\nStill ain't cancel my card though\nShould be plans about our goals\nChalk those, said I'll do all that shit tomorrow\n\n(Hook)\nI WANT IT (NO I NEED YA)\nI WANT IT (NO I NEED YA)\nI WANT IT (GOT THE FEVER)\nI WANT IT (I NEED YA I NEED YA)\nSay Lord have mercy, all this luxury purchased\nTold me i'm old enough that my wants and needs shouldn't hurt me\n\n\n(Refrain)\nGirl you my matinee, chatty bae, saturn ring, kinda thing\nLet\u2019s snap until the weekend end and act like it's a Saturday\nYou don't know your worth yet girl...\nHow I'm suppose to know/\nI bomb it open though, vamanos the show, she lick the tip I\u2019ll send The envelope to go/\nWOW! I might be still In the hype then\nSound bites got me feeling like Tyson/ (Fight!)\nI made Evander faces and them \"Child of God's got emancipated/\nI can't weather no difference, Job ain't better my business/\nForget it I still got all my life to make better decisions/\n(I\u2019ll do all that shit tomorrow)\n\n(Hook)\nI WANT IT (NO I NEED YA)\nI WANT IT (NO I NEED YA)\nI WANT IT (GOT THE FEVER)\nI WANT IT (I NEED YA I NEED YA)\nSay Lord have mercy, all this luxury purchased\nTold me I'm old enough that my wants and needs shouldn't hurt me", "image": "https://images.genius.com/51eb8e406249044bb91810b9c619017a.1000x1000x1.jpg"}], "artist": "Armani White"}