{"songs": [{"title": "We tried, we tried.", "album": "Ama, who?", "year": "2019-11-15", "lyrics": "[Intro]\nI came home late, you were not there\nI didn't care, I think we\nBoth know it's\u2005over\nWe\u2005need to let\u2005it go\n(Ayy, oh, oh, oh)\n\n[Chorus]\nI came\u2005home late, you were not there\nI didn't care, I think we\nBoth know it's over (I think we're done)\nI need to let it go (No, honestly, I think we're done)\nHe needs to let it go\nWe need to let it go\nBoth know it's over\nCan we please let it go?\n\n[Verse 1]\nI can't believe we're at a point where we don't like each other's (I can't believe)\nCompany, when you're not around, the burden's off my shoulders (Phew)\nWe've tried (We tried, we tried)\nBut it won't get revived (Revived, revived)\nAnd I've got too much life to live\nAnd I gave all I can give, meanwhile (And I gave all, I gave it all to you)\nI'll wait to love again (Would you wait for love again?)\nWho will be first?\nLet me go (Please)\n\n[Chorus]\nI came home late, you were not there\nI didn't care, I think we\nBoth know it's over\nYou need to let it go (I know it's time we do better)\nI need to let it go (I need to know I can let up)\nWe need to let it go\nBoth know it's over\nI pray we let it go\n\n[Post-Chorus]\nI came home late (Say what?), you were not there\nI didn't care, I think we (I did not care)\nBoth know it's over (Can you please let it go?)\n\n[Verse 2]\nI saw you, you saw me (I saw you in the crowd)\nI felt you and you felt me\nTwo became one (Two became one), two became one\nBut the foundation (But the foundation)\nWas weak and when it cracked, it\nCouldn't be fixed and you bring up all the old shit that don't concern (Oh, I couldn't fix it even if I tried)\nYou and me (Fighting, fighting, fighting)\nSick of fighting to love again (So sick of fighting)\nWho will be first?\nLet me go\n\n[Chorus]\nI came home late, you were not there\nI didn't care, I think we\nBoth know it's over (Oh, woah)\nI think we need to (Let it go)\nCan you please (Let it go?)\nLet it go, let it go now (Let it go)\nBoth know it's over\nWe need to (Let it go)\n\n[Post-Chorus]\nI came home late, you were not there\nI didn't care, I think we\nBoth know it's over\nThink we should (Let it go), let it go\n\n[Bridge]\nKeep me up after a long day\nOh, I don't mind, it won't change\nCan you evaporate?\nI'm thinking I can play the queen in my own game\n\n[Interlde]\nLet it left, let it right\nI think our love is best out of sight\nI'm so sick of fighting\nLet it left, let it right\nI think our love is best out of sight ('Cause we know we ain't shit)\nSo sick, so sick of fighting (You know this nigga super smacked, like, he is bionic smacked)\n\n[Outro]\nI came home, you were not\nI didn't care, I think we (You on some drunk shit right now, like)\nBoth know it's over, I need to (You done had mad shots, Courvoisier and, no, no, it's time)\nUh, we need to (It's time to go)\nBoth need to (Why you keep singing the same shit? Like)\nBoth know it's over (No, we need to, you need to)\nWe need to (Well, fucking let it go, like)\nLet it left, let it right (Bitch, you tried it, I denied it)\nI think our love is best out of sight (So, somebody comin' outside)\n(These hands is lethal, fuck)", "image": "https://images.genius.com/34e8c5ab1573a28e52e1c738850945b7.1000x1000x1.jpg"}], "artist": "Ama Lou"}