{"songs": [{"title": "Everyday", "album": "AT.LONG.LAST.A$AP", "year": "2015-05-08", "lyrics": "[Chorus: Rod Stewart & Miguel]\nEveryday I spend my time\nDrinkin' wine, feelin' fine\nWaitin' here to find the sign\nThat I can understand, yes I am\nSo every day I spend my time\nDrinkin' wine, feelin' fine\nWaiting here to find the sign\nThat I should take it slow\nHere I go, here I go, here I go...\n\n[Verse 1: A$AP Rocky]\nOff again, there he go, to another dimension, my mind\nBody, soul imprisoned, my eye, prolly goin' ballistic, but listen\nI'm missin' a couple of screws, they ain't never do drillin' true\nYou been sippin' away at the truth, a double shot of wisdom'll do\nDo, do, rollin' through, hittin' switches\nRolling ditches, blowin' kisses, to the bitches, holdin' biscuits\nWhat's the business? Beat the system\nCo-defendants, blow the sentence, go to prison\nGo to church and pray the father, Lord forgive us (Amen)\nAnd only God can judge me (Yeah) and he don't like no ugly\nI look so fuckin' good, most dykes'll fuck me, buddy\nYeah I'm a piece of shit, I know I plead the fifth\nI tell her, \"Holla if ya need some dick\"\nThe devotion is gettin' hopeless, but hold it, I'm gettin' close\nAs my soul is, I'm seein' ghosts, a solo is now a poet\nHypnosis overdose on potions, adjustin' to the motions\nAnd gettin' out all my emotions\n\n[Chorus: Rod Stewart & Miguel]\nEveryday I spend my time\nDrinkin' wine, feelin' fine\nWaitin' here to find the sign\nThat I can understand, yes I am\nSo every day I spend my time\nDrinkin' wine, feelin' fine\nWaiting here to find the sign\nThat I should take it slow\nHere I go, here I go, here I go\n\n[Verse 2: A$AP Rocky]\nUh, this type of shit\nMake a nigga wanna flip September through August\nThis type of shit got 'em bustin' out the clip\nIn the middle of the office\nAnd a message to the bosses\nThe Misfits' new outfit is on the bloglist\nGorgeous hoes keep on the sayin' that they 'caused it\nCause the Porsches get 'em nauseous\nPlus I ain't even mad yet, niggas caught me in a good mood\nPaparazzi wanna nag a nigga chillin' at the bag check\nHope they show me in my good shoes\nWhen papa got the brand new bag\nFlacko got the brand new Raf, that's good news\n\"Hood dudes usually don't look like you\"\nHow it feel to get a deal and come back\nAnd the whole hood look like you?\nScreamin', \"Pimp Squad, hold it down!\"\nCan't drive, bitch, I'm legally blind, bitch\nIf I live or die, it's up to me to decide\nShit, niggas coppin' guns like they legal to buy\nThe only key to survive and get a piece of the pie\nIs to agree with a lot or just believe a fa\u00e7ade, bitch\nAnd I'll be fine just-a drinkin' my wine, bitch\n\n[Bridge: Miguel]\nI got the love birds chirpin' at the window\nBut I don't need love no more\nI'll be fine, sippin' wine\nTakin' time slow\nI got the love birds chirpin' at the window\nBut I don't need love no more\nI'll be fine, sippin' wine\n\n[Chorus: Miguel & Rod Stewart]\nSo every day I spend my time\nDrinkin' wine, feelin' fine\nWaiting here to find the sign\nThat I can understand, yes I am\nEveryday I spend my time\nDrinkin' wine, feelin' fine\nWaitin' here to find the sign\nI don't care if I ever know\nHere I go, here I go, here I go!\n\n[Outro: A$AP Rocky]\nI got the love birds chirpin' at the window\nBut I don't need love no more, oh, no\nI'll be fine, sippin' wine\nTakin' time slow\nI got the love birds chirpin' at the window\nBut I don't need love no more, oh, no\nI'll be fine, sippin' wine\nTakin' time slow", "image": "https://images.genius.com/4aee137bbb0dafffc2d31ec11d3cd151.998x1000x1.jpg"}], "artist": "A$AP Rocky"}