{"songs": [{"title": "Frat Rules", "album": "Cozy Tapes, Vol. 2: Too Cozy", "year": "2017-08-25", "lyrics": "[Chorus: Playboi Carti]\nBitches not fucking, not coming\nBitches not fucking, not coming\nBitches not fucking, not coming\nThese hoes not fucking, not coming\nBitches not fucking, not coming\nBitches not fucking, not coming\nBitches not fucking, not coming\nThese hoes not fucking, not coming\nPull up and we drumming\nPull up and we drumming\nPull up and we stunting\nPull up and we stunting\nBitches not fucking, not coming\nBitches not fucking, not coming\nBitches not fucking, not coming\nThese hoes not fucking, not coming\n\n[Verse 1: A$AP Rocky & Big Sean]\nAll the hoes that you call are not coming\nShe know if she not fuckin, she truckin'\nAll the bitches I fuck are not common\nGuaranteed if I fuck her she cumming\nIf I'm in the room please don't come in\nI beat the pussy like it need production\nAnd all she want from me is reproduction\nGotta ask, \"Why'd she leave her husband?\"\nHeard he called up yelling, tweaking, fussing\nTalkin' 'bout \"it's gon' be repercussions!\"\nI remember last, last nigga, nigga tried to run up\nGot like three concussions\nDo you know what you in for?\nThey copy copy like 10-4\nKeep the money 'cause I been poor\nAll your jewelry like tin foil\nPlease don't tell your friends where we shopping at\nI swear this shit gon' turn into an in-store (straight up)\nFuck you need another man for\nTalking to her like a mentor?\nTalking to her like a nigga Yoda\nAnd she say \"I love you\", I'm like \"Hold up, hold up, hold up\"\nHold up, hold up, hold up (hold up)\n(Hit her, hit her with the back up) Back up (colder) shoulder\n\n[Chorus: Playboi Carti]\nBitches not fucking, not coming\nBitches not fucking, not coming\nBitches not fucking, not coming\nThese hoes not fucking, not coming\nBitches not fucking, not coming\nBitches not fucking, not coming\nBitches not fucking, not coming\nThese hoes not fucking, not coming\nPull up and we drumming\nPull up and we drumming\nPull up and we stunting\nPull up and we stunting\nBitches not fucking, not coming\nBitches not fucking, not coming\nBitches not fucking, not coming\nThese hoes not fucking, not coming\n\n[Verse 2: Big Sean & A$AP Rocky]\nNow every time we in this bitch, you actin' like you owe me favors\nActing like you with the shits but fronting on the homies later\nLook, I could tell you're under pressure, baby time to ease up\nYoung and living single, like your roommate Khadijah\nMy apologies, why I gotta be\nMisogynistic every time we kick it?\nEvery time I visit, something's different\nAnd every time I leave, you know you miss it\nDon't be crying on my shoulder every time I'm coming over\nTalking 'bout a popcorn and soda, Netflix and chill\nWhen you home alone with no Macaulay Culkin\nSex game had her going crazy\nNow I got her ass calling all the time\nAnd I wish I never met her, Carl Thom'\nDriving down my street like it's the Autobahn\nGetting loud, setting off the car alarms\nHere put on my chain, baby you need to chill\nGive it some time, baby, let it rebuild\nQuit running your nose through the Beverly Hills\n\n[Chorus: Playboi Carti]\nBitches not fucking, not coming\nBitches not fucking, not coming\nBitches not fucking, not coming\nThese hoes not fucking, not coming\nBitches not fucking, not coming\nBitches not fucking, not coming\nBitches not fucking, not coming\nThese hoes not fucking, not coming\nPull up and we drumming\nPull up and we drumming\nPull up and we stunting\nPull up and we stunting\nBitches not fucking, not coming\nBitches not fucking, not coming\nBitches not fucking, not coming\nThese hoes not fucking, not coming", "image": "https://images.genius.com/2495230df7bb9f606633eb839e1dfa73.1000x1000x1.jpg"}], "artist": "A$AP Mob"}