{"songs": [{"title": "A Seat", "album": null, "year": "2019-10-25", "lyrics": "[Chorus]\nHave a seat, Ive been waiting for you\nNaturally, this is what i should do\nSo happily,\u2005ive\u2005been saving for\u2005you\nSo have a seat, shes been\u2005waiting\n\n[Verse 1]\nLord knows what i want to do in the morning\nWake up, make love for a moment\nKnow that you been needin it bad, and its yours baby\nSo im bout to take ya down\nOh im bout to put you in the right place, open up pandora get a nice taste\nThe way im touch you, the way im fuckin you\nDoin the things that we do, 69 dinner for two\n\n[Pre-Chorus]\nYea you should know, Yea you should know\nJust how it feels when i dont have you home\nLeave your legs upright\nCome live your best life, take it from me baby\n\n[Chorus]\nHave a seat, Ive been waiting for you\nNaturally, this is what i should do\nSo happily, ive been saving for you\nSo have a seat, shes been waiting\n\n[Verse 2]\nShe should tell me, how youre gonna please me\nImma set this house ablaze, long fuckin hours babe\nAll to see your smiling face, thatll be the only way to change places\n\n[Pre-Chorus]\nYea you should know, just how it is when i dont have you home\nLeave your legs upright, gone and live your best life\nTake it from me baby\n\n[Chorus]\nHave a seat, Ive been waiting for you\nNaturally, this is what i should do\nSo happily, ive been saving for you\nSo have a seat, shes been waiting", "image": "https://images.genius.com/8b83554a5c71038ef85bfe659bfa18fa.750x750x1.jpg"}], "artist": "Arin Ray"}