{"songs": [{"title": "Re:Definition", "album": "Mos Def & Talib Kweli Are Black Star", "year": "1998-08-26", "lyrics": "[Chorus: Mos Def]\nOne, two, three, Mos Def and Talib Kweli\nWe came to rock it on to the tip-top\nBest alliance in hip-hop, wayohh\nI said, one, two, three, Black Star shine eternally\nWe came to rock it on to the tip-top\nAnd Hi-Tek make the beat drop, wayohh\n\n[Verse 1: Talib Kweli]\nRedefinition, turning your play into a tragedy\nExhibit level degree on the mic, passionately\nNiggas is sweet so I bet if I bit I'd get a cavity\nLiving to get high, you ain't flyer than gravity\nWe die hard like the battery thrown in the back of me by the mad MC\nWho think imitation is the highest form of flattery, actually\nDon't be mad at me, I had to be the one to break it to you\nYou get kicked into obscurity like judo\u2014no, Menudo\nCause you pseudo, trying to compete with reality like Xerox\nTowards destruction you spiraling like helix, wipe them teardrops\nChasing stars in your eyes, playing games with your lives\nNow the wives is widows soaking up pillows, weeping like willows\nStill more blacks is dying, cause they live and they trying\n\"How to Make a Slave\" by Willie Lynch is still applying\nRegardless, the Mos is one of my closest partners\nRocking ever since before Prince was called The Artist\nRocking before Funkmaster Flex was rocking Starter\nWhen 'Pac and Biggie was still cool, before they was martyrs\nLife or death, if I'm choosing with every breath I'm enhancing\nStop, there comes a time when you can't run\n\n[Verse 2: Mos Def]\nWhat, lyrically handsome, call collect a king's ransom\nJams I write soon become the ghetto anthem\nWay out like Bruce Wayne's mansion, move like a\nPhantom\nYou'll talk about me to your grandsons\nCats who claiming they hard be mad fags\nSo I run through 'em like flood water through sandbags\nCompetition is mad, what I got, they can't have\nSinking they ship, like Moby Dick to Ahab\nSon I'm way past the minimum, entering millennium\nMy raps will hold a gat to your back like Palestinians\nAncient Abyssinia, sure to hold the Gideon\nOfficial b-boy gentlemen, long term, never the interim\nBorn inside the winter, when?\nDay after December 10\nThese simpletons they mentionin' the synonym for feminine\nSweeter than some cinnamon, the Danish rings by Entenmann's\nRush up on adrenaline, they get they asses sent to them\n(Gentlemen) you got a tenement, well then assemble it!\nLeave your unit trembling like herds of moving elephant\nIntelligent embellishment, follow for your element\nFrom Flatbush settlement, skin possesses melanin\nHotter than tales of crack peddling, making 'em\nWOOP like blue gelatin, swing like Duke Ellington\nBroader than Barrington Levy, believe me\nThe hot Apache red who burn down your chief teepee\nYou see me?\n\n[Chorus: Mos Def]\nOne two three, Mos Def and Talib Kweli\nWe came to rock it on to the tip-top\nBest alliance in hip-hop, wayohh\nI said, one two three, Black Star shine eternally\nWe came to rock it on to the tip-top\nBecause we ruling hip-hop, yes we is rulin' hip-hop\nTalib Kweli is ruling hip-hop\nSay we Black Star, we rule hip-hop-ah-ahh-ah-ahh-ahh\nWhoahhhh!", "image": "https://images.genius.com/719c461e6e5e776918adcb186e1b72b5.820x820x1.jpg"}], "artist": "Black Star"}