{"songs": [{"title": "Lose My Cool", "album": "3:33am", "year": "2017-03-24", "lyrics": "[Verse 1]\nI was so full of pain just stuck in my head\nThere was no one that could get me out of it\nYes I think the drinking was a bit excessive\nJust to be frank the drinking ain't what caused me to be aggressive\n\n[Pre-Chorus]\nMy heart has been taken over\nEveryday I get colder to 'em\nI realize need to let go expression from the get go to 'em\nYeah\n\n[Chorus]\nFeeling it like\nI just need to speak my brain\n(YEAH)\nYes I know it might seem like\nI\u2019m going to cause you pain\n(YEAH)\nBoy you got to realize\nI've got to get all this crazy\nI've got to lose my cool\nLet loose\n\n[Verse 2]\nI was so full of pain, just stuck in my head\nThere was no way for me to get over it\nSo I kept it bottled up all inside of me\n'Til I felt the pressure I could no longer breath\nYeah you know I'm\n\n[Chorus]\nFeeling it like\nI just need to speak my brain\n(YEAH)\nYes I know it might seem like\nI'm going to cause you pain\n(YEAH)\nBoy you got to realize\nI've got to get all this crazy\nI've got to lose my cool\nLet loose\nFeeling it like\nI just need to speak my brain\n(YEAH)\nGOT TO SPEAK MY BRAIN NOW BABY\nYes I know it might seem like\nI'm going to cause you pain\n(YEAH)\nMAY JUST CAUSE YA PAIN NOW BABY\nBoy you got to realize\nI've got to get all this crazy\nI've got to lose my cool\nI'VE GOT TO LOSE MY COOL\n\n[Outro]\nI've got to lose my cool now baby\nI've got to lose my cool now baby\nI may act a fool now baby yeah", "image": "https://images.genius.com/eb42a0eb53e919cd62b7f9f2d7de4fa9.500x500x1.jpg"}], "artist": "Amber Mark"}