{"songs": [{"title": "Candy Shop", "album": "The Massacre", "year": "2005-01-15", "lyrics": "[Intro: 50 Cent]\nYeah, uh-huh\nSo seductive\n\n[Chorus: 50 Cent & Olivia]\nI'll take you to the candy shop\nI'll let you lick the lollipop\nGo ahead, girl, don't you stop\nKeep going 'til you hit the spot, whoaa\nI'll take you to the candy shop\nBoy, one taste what I got\nI'll have you spendin' all you got\nKeep going 'til you hit the spot, whoaa\n\n[Verse 1: 50 Cent]\nYou could have it your way, how do you want it?\nYou gonna back that thing up or should I push up on it?\nTemperature rising, okay, let's go to the next level\nDance floor jam-packed, hot as a tea kettle\nI break it down for you now, baby, it's simple\nIf you be a nympho, I be a nympho\nIn the hotel or in the back of the rental\nOn the beach or in the park, it's whatever you into\nGot the magic stick, I'm the love doctor\nHave your friends teasing you about how sprung I got you\nWhen you show me what you working, baby, no problem\nGet on top, get your bounce around like a low rider\nI'm a seasoned vet when it come to this shit\nAfter you work up a sweat, you could play with the stick\nI'm trying to explain, baby, the best way I can\nI melt in your mouth, girl, not in your hand (uh-huh)\n\n[Chorus: 50 Cent & Olivia]\nI'll take you to the candy shop\nI'll let you lick the lollipop\nGo ahead, girl, don't you stop\nKeep going 'til you hit the spot, whoaa\nI'll take you to the candy shop\nBoy, one taste what I got\nI'll have you spendin' all you got\nKeep going 'til you hit the spot, whoaa\n\n[Bridge: 50 Cent & Olivia]\nGirl, what we do, what we do\nAnd where we do, and where we do\nThe things we do, things we do\nAre just between me and you, yeah, oh yeah, yeah\n\n[Verse 2: 50 Cent]\nGive it to me, baby, nice and slow\nClimb on top, ride like you in a rodeo\nYou ain't never heard a sound like this before\n\u2018Cause I ain't never put it down like this\nSoon as I come through the door\nShe kept pulling on my zipper\nIt's like a race, who can get undressed quicker\nIsn't it ironic, how erotic it is to watch her in thongs?\nHad me thinking about that ass after I'm gone\nI touched the right spot at the right time\nLights on or lights off, she like it from behind\nSo seductive, you should see the way she whine\nHer hips in slow-mo on the floor when we grind\nLong as she ain't stoppin', homie, and I ain't stoppin'\nDripping wet with sweat, man, it's on and poppin'\nAll my champagne campaign, bottle after bottle, it's on\nAnd we gon' sip \u2018til every bubble in every bottle is gone\n\n[Chorus: 50 Cent & Olivia]\nI'll take you to the candy shop\nI'll let you lick the lollipop\nGo ahead, girl, don't you stop\nKeep going 'til you hit the spot, whoaa\nI'll take you to the candy shop\nBoy, one taste what I got\nI'll have you spendin' all you got\nKeep going 'til you hit the spot, whoaa", "image": "https://images.genius.com/acc7d3037daa909ceac98eb42fbcbaf6.1000x1000x1.jpg"}], "artist": "50 Cent"}