{"songs": [{"title": "No Bus", "album": null, "year": "2019-09-25", "lyrics": "[Verse 1: Col3trane]\nTwo drinks, they're the right kind\nAin't no smoke but you get high\nHope you pull up\u2005in\u2005the night time\nI\u2005only see you in the night\u2005time (Yeah)\nWhen the club goes and the light goes (Goes)\nThrough the windows, the days all mine (Mine)\nI hope you pull up in the night time (Skrrt, skrrt)\nI only see you in the night time (Yeah)\nStarin' at these distant faces (Faces) faces, oh (Yeah, what)\nUgly like the girl you came with (Came with) came with, oh\nOnly my guys see the white light\nI'ma call you for the respite\nI hope you pull up in the night time\nI only wanna see you in the night time\n\n[Chorus: Col3trane]\nSo baby, don't trust me\nWe both know that you don't love me\nBut you said that you need honesty\nSo be straight up, tell me what you want from me\nWhat you want from me\nSo baby, don't trust me\nWe both know that you don't love me\nBut you said that you need honesty\nSo I'ma call up about 3\nLet me know where you gon' be, girl\n\n[Verse 2: Col3trane]\nYou hit the (Puff) smoke, I hit the backstroke\nI know what you like, I never been told\nAnd when we pull up out our right minds\nYou gonna stay here all through the night time\nAnd when we re-up, you try and reload\nYou 'bout to pass out, you get the heatstroke\nShe say you selfish, never want me-time\nI'm 'bout to pull out and go with [?]\n\n[Chorus: Col3trane]\nSo baby, don't trust me\nWe both know that you don't love me\nBut you said that you need honesty\nSo be straight up, tell me what you want from me\nWhat you want from me\nSo baby, don't trust me\nWe both know that you don't love me\nBut you said that you need honesty\nSo I'ma call up about 3\nLet me know where you gon' be, girl\n\n[Verse 3: Amber Mark]\nYou keep insistin' omission but don't you get it twisted\nActin' real frigid, that's friction, real talk you mad persistent\nRoll up, let's go make it quick, I got life to be livin'\nOn my grind, hustlin' shit, my nights are all I'm givin'\nYou tell me boy not to trust, already knew that type of-\nFeels like it's you who's enough, but I don't do that type of-\nA player playin' it safe, you tryna play, son\nI recognize all your tricks, takes one to know one\nTrust me, we both know that this end up nothing\nI said that I need honesty\nI'll be straight up, tell you what I want and need\nWhat I want and need\nTrust me, we both know this really end up nothing\nAnd I said that I need honesty\nYou said you'd pull up around 3\nI bet you know where I'm gon' be\n\n[Chorus: Col3trane]\nSo baby, don't trust me\nWe both know that you don't love me\nBut you said that you need honesty\nSo be straight up, tell me what you want from me\nWhat you want from me\nSo baby, don't trust me\nWe both know that you don't love me\nBut you said that you need honesty\nSo I'ma call up about 3\nLet me know where you gon' be, girl", "image": "https://images.genius.com/9186bae01bd027e66d2abf69ec859fdd.1000x1000x1.jpg"}], "artist": "\u200blophiile"}