{"songs": [{"title": "Up There", "album": "Are We Still Dreaming?", "year": null, "lyrics": "[Chorus: jay]\nGot the fam got the clan\nMan we all here\nPour that liquor in our cup\nTill we\u2005up\u2005there\nIt don't feel\u2005alright\nBut we don't care\nPour that liquor\u2005in our cup\nTill we up there\nGot the fam got the clan\nMan we all here\nPour that liquor in our cup\nTill we up there\nIt don't feel alright\nBut we don't care\nPour that liquor in our cup\nTill we up there\n\n[Verse 1: K1D]\nUp there I'm just like a comet\nUp like the stars it's a perfect alignment\nLook at me, momma\nI made some money off ramen\nDon't spend no cash on designer, nopes\nHigh like my hopes\nYoung K.I.D. I'm still doing the most\nBlack like the wave and I surf at the coast\nSurf on my fans when I'm killing these shows (Yeah)\nOh shit god damn\nEvery other city go ham\nBet a young nigga get bands\nEvery time I touch down\nLike I'm in the NFL\nI'm up like balloons\nJust like the movie\nYou know the cartoon\nUp like the prices on gas\nUp like you're bitch when I ask where she at\nThen I'ma smash\n\n[Chorus: jay]\nGot the fam got the clan\nMan we all here\nPour that liquor in our cup\nTill we up there\nIt don't feel alright\nBut we don't care\nPour that liquor in our cup\nTill we up there\nGot the fam got the clan\nMan we all here\nPour that liquor in our cup\nTill we up there\nIt don't feel alright\nBut we don't care\nPour that liquor in our cup\nTill we up there\n\n[Verse 2: pell]\nI need love\nI need peace\nDon't need drugs to feel free\nStill high when you see em\nUp there where I be\nI need more not the least\nI need homes not no lease\nBye bye needing syncs\nPay my bills\nThen watch veep\nShoutout to selina\nRun a campaign\nCause I'm tryna make change\nFor my everyday people\nTalking 'bout home\nLike I barely get to see it\nI be in the dirty\nLike it's muddy\nIn the speakers\nCall home\nNow they all wanna see us\nFirst I made a way\nThen I made a reason\nBrothers still digging\nCause the treasure can't keep it\nSave it all for I ball\nStacking up while dreaming\nUp there\n\n[Chorus: jay]\nGot the fam got the clan\nMan we all here\nPour that liquor in our cup\nTill we up there\nIt don't feel alright\nBut we don't care\nPour that liquor in our cup\nTill we up there\nGot the fam got the clan\nMan we all here\nPour that liquor in our cup\nTill we up there\nIt don't feel alright\nBut we don't care\nPour that liquor in our cup\nTill we up there\n\n[Verse 3: willem ardui]\nBlackwave. on the rise yeah we doin' fine\nTime to pour a drink let my troubles fly\nThat's usually not me but it's on tonight\nSteady shooting three's yeah we outta line\nOutta sight yeah it's been a while\nFor two years I've been missing life\nBut motherfuckers can't do shit when I rap\nI do it for the brand new whip when I crash\nWay too fast for this shit will it last\nUp there with the fam\nAin't no shit too fast\n\n[Chorus: jay]\nGot the fam got the clan\nMan we all here\nPour that liquor in our cup\nTill we up there\nIt don't feel alright\nBut we don't care\nPour that liquor in our cup\nTill we up there\nGot the fam got the clan\nMan we all here\nPour that liquor in our cup\nTill we up there\nIt don't feel alright\nBut we don't care\nPour that liquor in our cup\nTill we up there\n\n[Verse 4: caleborate]\nI'm woke as fuck\nBut still reckless bitch\nHigh as hell right by the jacksons crib\nWant my addy that's where I live\nCali g with impressive grip\nIn the function with a baddie\nRolling while two stepping shit\nI go dumb like I get paid\nSo ho don't expect me to quit\nTold my nigga fill my cup\nI might get scummy when I'm flexing\nFuck my issues roll some more\nIt help make my nights last forever\nThat's my weed it smell like must\nThat's my chick that look like lust\nThat's my song that's in the club\nThat got them hoes going dumb\n\n[Bridge: jay]\nI can not be found until it's dark\nWhen the moon arise when my day start\nLate nite, catch me dancing on 'em stars\nWe all across the globe just like the Starks\nI can not be found until it's dark\nWhen the moon arise when my day start\nLate nite, catch me dancing on 'em stars\nWe all across the globe just like the Starks\n\n[Chorus: jay]\nGot the fam got the clan\nMan we all here\nPour that liquor in our cup\nTill we up there\nIt don't feel alright\nBut we don't care\nPour that liquor in our cup\nTill we up there\nGot the fam got the clan\nMan we all here\nPour that liquor in our cup\nTill we up there\nIt don't feel alright\nBut we don't care\nPour that liquor in our cup\nTill we up there", "image": "https://images.genius.com/32372b69738f51bae8033fed94d43fad.1000x1000x1.jpg"}], "artist": "Blackwave."}