{"songs": [{"title": "Change", "album": null, "year": "2019-08-25", "lyrics": "[Chorus: 38]\nI'm tryna make a lil' change, mummy thinks that I'm insane\nTryna make it out of\u2005the\u2005rain, these niggas\u2005know that I'mma get it\nNow let\u2005me tell you one fact, we ain't defending, we all out attack\nDisrespect Alz and I'm coming right back\nI can tell you 'bout him, man you know he just lack\nTryna double tap waps\nSeparate fake from real, that's rap\nMy nigga tryna make it out the city, that's a fact\n\n[Verse 1: Alz]\nAll my brothers trapping hard up in a bando\nScreaming free my nigga, we've been talking through a zanco\nR.I.P M, all he wanted was them bankrolls\nHard to get it right when you ain't getting it legit\nHitting cells like Vegeta going coo as a kid\nNiggas asking me for favours, I don't owe them shit\nI remembered them days I ain't had a pot to piss\nDon't talk about risks, cah my nigga I'm taking 'em\nAll these one on ones like Cech, I ain't saving 'em\nIf you saw my eyes then you'll probably see the pain in 'em\nI see you hating but, what's all the hate for?\nIs it 'cause we about to blow like some claymores\n\n[Chorus: 38]\nI'm tryna make a lil' change, mummy thinks that I'm insane\nTryna make it out of the rain, these niggas know that I'mma get it\nNow let me tell you one fact, we ain't defending, we all out attack\nDisrespect Alz and I'm coming right back\nI can tell you 'bout him, man you know he just lack\nTryna double tap waps\nSeparate fake from real, that's rap\nMy nigga tryna make it out the city, that's a fact\n\n[Verse 2: 38]\nClaim to be the hardest, my nigga you retarded\nIncrease my blessings, a.k.a that shit is rewarded\nSo much shells in this bitch, this shit is bombarded\nR.I.P Malcom he wasn't guarded\nThe only real nigga that can murder me\nIs me and myself, it's a burglary\nIt's family first, so you heard it b\nSo I'll be barking, it's a family tree\nAll these drugs in my body got me going crazy\nTrapping late nights I don't know about the fucking lady\nI know haters from the west, I know hitters from the north\nShe sucking my dick while standing, she know she a dwarf\nBut lemme just change the flow, one day YMN we gon' blow\nTake my word, my nigga I show\nTrapping late nights, yeah we gon' blow\n\n[Chorus: 38]\nI'm tryna make a lil' change, mummy thinks that I'm insane\nTryna make it out of the rain, these niggas know that I'mma get it\nNow let me tell you one fact, we ain't defending, we all out attack\nDisrespect Alz and I'm coming right back\nI can tell you 'bout him, man you know he just lack\nTryna double tap waps\nSeparate fake from real, that's rap\nMy nigga tryna make it out the city, that's a fact", "image": "https://images.genius.com/08df7f6ecad499d75213aa3d94c2c983.719x719x1.jpg"}], "artist": "38 x Alz (YMN)"}