{"songs": [{"title": "Myth", "album": "The Vision ", "year": "2015-09-25", "lyrics": "[Pre-Hook: Blay]\nPiff\nEvery tune I write is potent piff\nEvery tune I've heard of yours is shit\nRun your mouth, you get boxed in the rib\nI can have man flying in the sky for a drib\nThese mandem don't care where you live\nTom-Tom's got man calm in the bits\nThat guy there was far from a Sith\nWe can all tell you're a pagan myth\n\n[Hook: Blay]\nWhen I wrote your name on YouTube, myth\nWhen I wrote your name on Google, myth\nWhen I wrote your name on iTunes, myth\nWhen I wrote your name on Amazon, myth\nWhen I wrote your name on Yahoo, myth\nWhen I see your name in public, myth\nWait, is my man taking the piss?\nAbout you rep grime, you're a blatant myth\n\n[Verse 1: Blay]\nI don't know these niggas\nMatter of fact, check my iPhone registry\nYou will see I don't phone these niggas\nEverybody wants P but\nNobody wants to put work in and grow these figures\nI went back to the lab with nuttin' but piff and vision\nMan didn't listen, I will spin MCs\nTill man's sit-down pissing\nVision could never be who you are dissing\nFuck that, I ain't coming back with a backpack\nOn my back, slap everyone in your snapbacks\nOne box, leave him on the floor with a bad back\nEverybody's rough till the yard gets ransacked\nGot niggas that I couldn't even ask for\nHave the whole rave swimming on the dancefloor\nThese man don't know about potent piff\n\n[Verse 2: Flirta D]\nWhen you're onstage, they're like \"who's th-this?\"\nWhen I'm onstage, they all know what it is\nSome of them signed but they still sound shit\nCompared to the mandem, compared to the myth\nYou could ask Riv, Big, Napper or Shizz\nAsk H and Dan, I've been doing this\nAll you man do is ruin everything\nWe bawsy as fuck but not doing anything\nSorry, I didn't quite catch your name\nWas that you, bastard? Didn't catch a wave\nWanna hype up? You can catch a flame\nWe can do it old school and I'll smack your face\nYou ain't fucking with Shorty, Flirts or Blay\nViolate, I'mma send a man to space\nYou're a myth, not in a type of way\nYou're just shit and a pile of waste\n\n[Pre-Hook: Blay]\nEvery tune I write is potent piff\nEvery tune I've heard of yours is shit\nRun your mouth, you get boxed in the rib\nI can have man flying in the sky for a drib\nThese mandem don't care where you live\nTom-Tom's got man calm in the bits\nThat guy there was far from a Sith\nWe can all tell you're a pagan myth\n\n[Hook: Blay]\nWhen I wrote your name on YouTube, myth\nWhen I wrote your name on Google, myth\nWhen I wrote your name on iTunes, myth\nWhen I wrote your name on Amazon, myth\nWhen I wrote your name on Yahoo, myth\nWhen I see your name in public, myth\nWait, is my man taking the piss?\nAbout you rep grime, you're a blatant myth\n\n[Verse 3: Shorty]\nYou're a blatant myth\nNobody cares who you are\nNo human, no computer\nNo schoolkids wanna hear you bar\nNo girls wanna roll with you, rudeboy\nEven if you had a new car\nYou've got no plan, got no future\nAnd that badboy act don't suit ya\nIt don't measure up, even with a ruler\nGot bars that your girl sings\nGot bars for the skets and the church tings\nBars for the guys that are hardworking\nThe name's Shorty, check the status\nBare go-getters here, no waiters\nThey tried to catch up but they can't catch up\nBut the flow's that fucked, fam, I'm like laters\n\n[Verse 4: Skepta]\nYeah, yeah, let me spark this loud\nTake two draws and I pass it around\nWhen I touch mic in a dance, security's on the dancefloor\nJust tryna calm tings down\nWhen you touch mic, I'm like \"ah, this clown\"\nNone of my niggas are feeling your sound\nI'm big in my city and I'm big in your town\nSaid you're the best, them man are like how?\nMan wanna war with the Lord of the Mic (go on then)\nMy man must wanna die (go on then)\nI'mma have to slew ten guys\nAnd remind pussyholes how I got my stripes\nI got porn stars that just wanna drink\nVideo girls that just wanna bun\nYou do videos, girls don't wanna come\n'Cause in my last video, I was looking oh so piff\n\n[Pre-Hook: Blay]\nPiff\nEvery tune I write is potent piff\nEvery tune I've heard of yours is shit\nRun your mouth, you get boxed in the rib\nI can have man flying in the sky for a drib\nThese mandem don't care where you live\nTom-Tom's got man calm in the bits\nThat guy there was far from a Sith\nWe can all tell you're a pagan myth\n\n[Hook: Blay]\nWhen I wrote your name on YouTube, myth\nWhen I wrote your name on Google, myth\nWhen I wrote your name on iTunes, myth\nWhen I wrote your name on Amazon, myth\nWhen I wrote your name on Yahoo, myth\nWhen I see your name in public, myth\nWait, is my man taking the piss?\nAbout you rep grime, you're a blatant myth", "image": "https://images.genius.com/d1ba4cd8b3a5cc11277b9fd40678a84a.1000x1000x1.jpg"}], "artist": "Blay Vision"}