{"songs": [{"title": "What Does It Matter", "album": "The Pink Formosa", "year": "2017-09-15", "lyrics": "[Verse}\nLittle grain of sand in the big wild\nJust a single feather in the blue sky\nEverything will go the way the wind blows, so keep moving on\nNothing ever stays\nOnly promise is the change\n\n[Hook]\nSo what does it matter?\nSo what does it matter?\n\n[Verse]\nSo what does it matter\nIf all the shit that matters\nWe leave for latter\nWhen did we stop dreaming?\nWhen did we stop loving?\nWhen did we lose our innocent youth\nWarped and fucked by all the rules\nLittle girl's fascination\nRomantic imaginations\nWhen did she lose it?\n\n[Chorus]\nSo what does it matter?\nWhat does it matter\nWhy we so relentless\nSo what does it matter\nWhat does it matter\nWhy are we just stressin?\n\n[Post]\nFocused on the petty shit\nDont know how to just chill\nAlways wildin out\nJust making such a big deal\nOh what does it matter?\n\nWhat does it, what does it matter?\nWhat does it, what does it matter?\n\n[Outro]\nWe will drift away, everlasting\nPray we find our freedom from the madness", "image": "https://images.genius.com/09624ffb23963eff6868e2e79cca3dd2.1000x1000x1.png"}], "artist": "BAER"}