{"songs": [{"title": "Bring Em Out", "album": "Let\u2019s Work", "year": "2019-02-14", "lyrics": "Bring Em Out\nAll of that money you scream about\nAll of this drip that you sing about\nTalking that shit you must dream about\nAll of these bricks and all of these sticks\nAnd all of that shit that you sing about\nTalking that shit, nigga leave it out\nWe've had enough nigga, bring 'em out, bring 'em out\n\n[AMBUSH]\nSaid I love this shit (love it)\nJust the other day it was trap more nigga I was tripping out a busted whip\nBut we coming with a busted drip\nSaid the drip's so saucy\nSaid they're coming like a mustard dip\nDon't slip, don't trip\nGuaranteed you get (uh!)\nGot four and a bit\nPut another nine and a four and a bit\nNow you're bringing back more than a bit\nBush and Sus in the trap that's mad\nNow you're bringing back more than a hit\nGot more than your man, 'cause I do more than you think\n\n[SUSPECT]\nAnd we do more than bits\nBankroll more than a lick\nAnything I touch gets licked\nAnd still stuff corn in clips\nAnd if I bring 'em out, bring 'em out\nIt's gon 'cause some shit\nShots all ringing out, niggas dipping out, better hide your kids\nAnd you better hide your bitch\n'cah you know when we come tru\nGot the gyallie tryna line their wigs\nMan are tryna buy them drinks\nBut they wanna vibe with us\nThey don't wanna vibe with pricks\nAll of my niggas take risks\nHow you think the y\u00e9's all diff?\nAnd why you think these girls is here?\nMore than 100 bands on me\nWhy you think they on my dick?\nGot this sweet one tryna fuck Weapz\nTalk about can he come with", "image": "https://images.genius.com/c3bdeeb04d414ee98cb4fc56d7c0912a.750x750x1.jpg"}], "artist": "Ambush Buzzworl"}