{"songs": [{"title": "\u200bhot girl bummer", "album": "BB6*", "year": "2019-08-23", "lyrics": "[Intro]\nFuck you, and you, and you\nI hate your friends and they hate me too\nI'm through, I'm through, I'm through\nThis that hot girl bummer anthem\nTurn it up and throw a tantrum\n\n[Verse 1]\nThis that hot girl bummer anthem\nTurn it up and throw a tantrum\nThis that throw up in your Birkin bag\nHook up with someone random\nThis that social awkward suicide\nThat bite your lips and buy your likes\nI swear she had a man\nBut shit hit different when it's Thursday night\n\n[Pre-Chorus]\nThat college dropout music\nEveryday leg day, she be too thicc\nAnd my friends are all annoying\nBut we go dumb, yeah, we go stupid\nThis that 10K on the table just so we can be secluded\nAnd the vodka came diluted\nOne more line, I'm superhuman\n\n[Chorus]\nFuck you, and you, and you\nI hate your friends and they hate me too\nI'm through, I'm through, I'm through\nThis that hot girl bummer anthem\nTurn it up and throw a tantrum\nFuck you, and you, and you\nI hate your friends and they hate me too\nFuck you, and you, and you\nThis that hot girl bummer anthem\nTurn it up and throw a tantrum\n\n[Verse 2]\nThis that hot girl bummer two-step\nThey can't box me in, I'm too left\nThis that drip, it's more like oceans\nThey can't fit me in a Trojan\nOut of pocket, but I'm always in my bag\nYeah, that's the slogan\nThis that, \"Who's all there?\"\nI'm pullin' up wit' a emo chick that's broken\n\n[Pre-Chorus]\nThis that college dropout music\nEveryday leg day, she be too thicc\nAnd my friends are all annoying\nBut we go dumb, yeah, we go stupid\nThis that 10K on the table just so we can be secluded\nAnd the vodka came diluted\nOne more line, I'm superhuman\n\n[Chorus]\nFuck you, and you, and you\nI hate your friends and they hate me too\nI'm through, I'm through, I'm through\nThis that hot girl bummer anthem\nTurn it up and throw a tantrum\nFuck you, and you, and you\nI hate your friends and they hate me too\nFuck you, and you, and you\nThis that hot girl bummer anthem\nTurn it up and throw a tantrum\n\n[Bridge]\nThis that college dropout music\nEveryday leg day, she be too thicc\nAnd my friends are all annoying\nBut we go dumb, yeah, we go stupid\nThis that college dropout music\nEveryday leg day, she be too thicc\nAnd my friends are all annoying\nBut we go dumb, yeah, we go stupid\nWe go stupid, we go stupid, we go\u2014\nAnd you want me to change? Fuck you!\n\n[Chorus]\nFuck you, and you, and you\nI hate your friends and they hate me too\nI'm through, I'm through, I'm through\nThis that hot girl bummer anthem\nTurn it up and throw a tantrum\nFuck you, and you, and you\nI hate your friends and they hate me too\nFuck you, and you, and you\nThis that hot girl bummer anthem\nTurn it up and throw a tantrum", "image": "https://images.genius.com/e5b77e9a87dab915df354ad4489f60f0.1000x1000x1.jpg"}], "artist": "\u200bblackbear"}