{"songs": [{"title": "Stamina", "album": "AggroSantos.com", "year": null, "lyrics": "*Aggro Speaks*\n\nI'll give it to ya\nI'll give it to ya\nAll night long\n(yeah)\nAll night long\n\nI've got stamina stamina\nI know i'm not an amateur amateur\nNo\nAll about peace till I release the beast\nAnd turn into another character\n\n19 Morphs like a power ranger\nLast night I was still a stranger\nYou let me in now i'm here to change ya\nIt's risky but i love the danger\nDanger, danger\nFeels like nothin' major, major\n\nOne last breath keep goin'\nAll night long the life keeps showin'\n\nChorus:\nI can go all night long with you\nIf you can go all night long with me\nLet's see what you're made of\nI'm ready to take of\nAnd I need to know if you're for real\nSo here's how it goes, yeah here's the deal\nCan do whatever, (whatever you want)\nHave you got the stamina?\n\nI'll give it to ya all night long (x2)\n\nAll night long\nIt's round two, guess what? i'm still here\nYou're motivation appear out of thin air\nThey can't see what you do to me\nMy hearts locked and you've got the key\n\nAll night, all night\nMake everything alright, alright\nYou've got what i see\nCome bring it to me\n\nBase drop down hit in the bullseye\nDanger danger\nFeels like nothin' major, major\nOne last breath keep goin'\nAll night long the love keeps showin\n\nChorus:\nI can go all night long with you\nIf you can go all night long with me (With me with me)\nLet's see what you're made of, (what are you made of?)\nI'm ready to take of. (take it all off.)\nAnd I need to know if you're for real\nSo here's how it goes, yeah here's the deal\nCan do whatever\nHave you got the stamina?\n\nI'll give to ya\nI'll give it to ya all night long\nI'll give it to ya all night long\n\nShe said that i'm so hard and i'm nice and i'm strong\nI turned around and gave it to her all night long\nShe said that i'm so hard and i'm nice and i'm strong\nI turned around and gave it to her all night long\n\nI can go all night long with you (all night long with you)\nIf you can go all night long with me (now's you're chance)\n\n*Portuguese phrase*\nPara fazer a noite toda\n\nI can go all night long with you\nIf you can go all night long with me (with me)\nLet's see what you're made of (let's see what you're made of)\nI'm ready to take off (i'm ready to take off)\n\nAnd I need to know if you're for real (yes)\nSo here's how it goes, yeah here's the deal (show me the deal)\nCan do whatever (do whatever)\nHave you got the stamina? (stamina, stamina, stamina)\n\nI'll give it to ya all night long\nI'll give it to ya all night long", "image": "https://images.genius.com/2bea0ab50e2518d36d80b8a884e354dc.300x300x1.jpg"}], "artist": "Aggro Santos"}