{"songs": [{"title": "Intergalactic", "album": "Hello Nasty", "year": "1998-05-12", "lyrics": "[Chorus]\nIntergalactic planetary, planetary intergalactic\nIntergalactic planetary, planetary intergalactic\nIntergalactic planetary, planetary intergalactic\nIntergalactic planetary, planetary intergalactic\nAnother dimension, another dimension\nAnother dimension, another dimension\nAnother dimension, another dimension\nAnother dimension, another dimension\nAnother dimension, another dimension\nAnother dimension, another dimension\n\n[Verse 1: Mike D]\nWell, now, don't you tell me to smile\nYou stick around, I'll make it worth your while\nGot numbers beyond what you can dial\nMaybe it's because I'm so versatile\nStyle, profile\n\n[Verse 2: Ad-Rock]\nI said it always brings me back when I hear, \"ooh child\"\nFrom The Hudson River out to the Nile\nI run the marathon 'til the very last mile\n\n[Verse 3: MCA]\nWell, if you battle me, I will revile\nPeople always saying my style is wild\nYou've got gall, you've got guile (guile)\nTo step to me, I\u2019m a rapophile\n\n[Verse 4: Mike D]\nIf you wanna battle, you're in denial\nComing from Uranus to check my style\nGo ahead; put my rhymes on trial\nCast you off into exile\n\n[Chorus]\nIntergalactic planetary, planetary intergalactic\nIntergalactic planetary, planetary intergalactic\n\n[Verse 5: Ad-Rock]\nJazz and AWOL, that's our team\nStep inside the party, disrupt the whole scene\nWhen it comes to beats, well, I'm a fiend\nI like my sugar with coffee and cream\n\n[Verse 6: MCA]\nWell, I gotta keep it going, keep it going full steam\nToo sweet to be sour; too nice to be mean\nWell, on the tough guy style, I'm not too keen\nTrying to change the world, I will plot and scheme\n\n[Verse 7: Mike D]\nMario C likes to keep it clean (clean)\nGoin' to shine like a sunbeam\nKeep on rapping, 'cause that's my dream\nGot an A from Moe Dee for sticking to themes\n\n[Verse 8: Ad-Rock]\nNow when it comes to envy, ya'll is green\nJealous of the rhyme and the rhyme routine ('tine)\nAnother dimension, new galaxy\nIntergalactic planetary\n\n[Chorus]\nIntergalactic planetary, planetary intergalactic\nIntergalactic planetary, planetary intergalactic\nIntergalactic planetary, planetary intergalactic\nIntergalactic planetary, planetary intergalactic\n\n[Verse 9: MCA]\nWe're from the family tree of old school hip-hop\nKick off your shoes and relax your socks\nThe rhymes will spread just like a pox\n'Cause the music is live, like an electric shock\n\n[Verse 10: Mike D]\nI am known to do the wop (wop)\nAlso known for the Flintstone Flop\nTammy D getting biz on the crop (crop)\nBeat-see Boys known to let the beat\n\"MMM, D-r-r-rop!\"\nDo it\n\n[Verse 11: Ad-Rock]\nNow when I wrote graffiti, my name was Slop\nIf my rap's soup, my beats is stock\nStep from the table when I start to chop\nI'm the lumberjack, DJ Adrock\n\n[Verse 12: MCA]\nIf you try to knock me, you'll get mocked\nI'll stir fry you in my wok\nYour knees'll start shaking and your fingers pop\nLike a pinch on the neck from Mr. Spock\n\n[Chorus]\nIntergalactic planetary, planetary intergalactic\nIntergalactic planetary, planetary intergalactic\nIntergalactic planetary, planetary intergalactic\nIntergalactic planetary, planetary intergalactic\nAnother dimension, another dimension\nAnother dimension, another dimension\nAnother dimension, another dimension\nAnother dimension, another dimension\nAnother dimension, another dimension\nAnother dimension, another dimension\n\n[Outro]\nDo it", "image": "https://images.genius.com/66cb0944f2684137fa342f279ce8e8da.600x600x1.jpg"}], "artist": "Beastie Boys"}