{"songs": [{"title": "Jumper", "album": null, "year": "2018-06-17", "lyrics": "MMLC\n[Chorus]\nPrivate number\nWhen I see you Imma tstt, ah stop it that boy is such a stunter\nGirls make me wonder\nHow you gonna free it up to the gang and then ask why I don't love ya\nBut ooh, she's a stunner\nShe won't take me in, unless I jump out the Hummer\nSo I step with my bruddah\nBig bulge in his coat, I wonder what he's got under his jumper\nJump out the ride he'll jump ya\nThey put my bruddah in bin like a dumpster\nYeah we like fly chicks, big bumper\nCame in the t-shirt, left in my jumper\nYour girl has been around town don't trust her\nSelling dreams to her man, she's a hustler\nI blow trees with the gang I'm a Rasta\nHop on the stage, Imma jump her\n\n[Verse One]\nI just hopped out the E-Class, that's not mine it was an Uber\nWishing that it really came sooner\nShe rushing me down to her crib just to do her\nI told her put an orange dress on, bum looking satsuma\nOoh I love it\nTickles after I buss like ooh don't touch it\nImmigration on my case\nMy nigga sneaked in with a Russian\nWouldn't tempt him ooh he'll buss it\n\nBut I really want an E-Class\nTurn that boy into an astronomer, come to the hood and you'll see stars\nThat's Givenchi on my collarbone\nThat's just how it's gotta go\nIf I call your chick she ain't coming home\n\nHe didn't come out of my mother but he's my brother though\nIf I mash it after one date, she's another hoe\nIt's getting dark in this room, it's not that one it's the other hoe\nOopsi, I think I gotta go\n\n[Chorus]\nPrivate number\nWhen I see you Imma tstt, ah stop it that boy is such a stunter\nGirls make me wonder\nHow you gonna free it up to the gang and then ask why I don't love ya\nBut ooh, she's a stunner\nShe won't take me in, unless I jump out the Hummer\nSo I step with my bruddah\nBig bulge in his coat, I wonder what he's got under his jumper\nJump out the ride he'll jump ya\nThey put my bruddah in bin like a dumpster\nYeah we like fly chicks, big bumper\nCame in the t-shirt, left in my jumper\nYour girl has been around town don't trust her\nSelling dreams to her man, she's a hustler\nI blow trees with the gang I'm a Rasta\nHop on the stage, Imma jump her\n\n[Verse Two]\nI just hopped out the BM\nIt's not mine its my friend's ting\nHe wanna introduce me to a leng ting\nShe's looking at me but I'm looking at her bredrin's breast\nWondering if her bredrin has got bredrin\nOne question\nIf the boy didn't rap fly, or look fly\nWould I even get a mention?\nThey're drooling, did I mention?\nThese gyal are not thirsty, they're quenching\nFuck with my section\nAnd that's entry wounds with no exits\nMy bruddah's trapped in the trap no exits\nI wanna take a flight to America with the whole gang and we'll leave the EU like Brexit\nI make it sound so easy\nNo caller IDs wanna see me\nBut they can't see me\nI tell my South side ting that Imma be 10 minutes now she over the moon like ET\n\n[Chorus]\nPrivate number\nWhen I see you Imma tstt, ah stop it that boy is such a stunter\nGirls make me wonder\nHow you gonna free it up to the gang and then ask why I don't love ya\nBut ooh, she's a stunner\nShe won't take me in, unless I jump out the Hummer\nSo I step with my bruddah\nBig bulge in his coat, I wonder what he's got under his jumper\nJump out the ride he'll jump ya\nThey put my bruddah in bin like a dumpster\nYeah we like fly chicks, big bumper\nCame in the t-shirt, left in my jumper\nYour girl has been around town don't trust her\nSelling dreams to her man, she's a hustler\nI blow trees with the gang I'm a Rasta\nHop on the stage, Imma jump her", "image": "https://images.genius.com/729b03d945a0a30d68be24fa57f94b5b.1000x1000x1.jpg"}], "artist": "Berna"}