{"songs": [{"title": "Lit", "album": null, "year": "2017-03-07", "lyrics": "[Intro: Ayak]\nYeah, Banx n Ranx\nAll night long, it's gon' be lit\nAll night long, it's gon' be lit\n\n[Bridge: Ayak]\nGet it, got it, good\nGet it, got it, good\n(Yeah, it's gon' be lit)\nGet it, got it, good\n(Yeah, it's gon' be lit)\nAll night long, it's gon' be lit\nGet it, got it, good\nEh\n\n[Verse 1: Ayak]\nAin't no one fucking with me, I\u2019m finna be the greatest\nFeelin' so good, I'ma be Stevie Wonder to haters\nGot my drink in the air and I swear it's gon' be lit\nSo faded, I don\u2019t even care, I\u2019m on my shit\nWord to my momma, I'm putting one hand on the bible\nNiggas in Paris, we finna go bigger than Eiffel\nSmoke in the air, I swear its gon' be lit\nSo faded, I don\u2019t even care, I\u2019m on my shit\n\n[Chorus: Ayak]\nAll night long, it's gon' be lit\nAll night long, it's gon' be lit\nGon' be lit\n\n[Bridge: Ayak]\nGet it, got it, good\nGet it, got it, good\n(Yeah, it's gon' be lit)\nGet it, got it, good\n(Yeah, it's gon' be lit)\nAll night long, it's gon' be lit\nGet it, got it, good\nEh\n\n[Verse 2: Ayak]\nNew York, London, LA, 24 hours\nDollar, euro, steady countin' dem pounds\nGot my stacks in the air and I swear it's gon\u2019 be lit\nSpend it and don\u2019t even care, I\u2019m on my shit\nWord to my momma, I\u2019m putting one hand on the bible\nGot my niggas in Paris, I swear we go be bigger than Eiffel\nGot that loud in da air, swear it's gon' be lit\nFaded, I don\u2019t even care, I\u2019m on my shit\n\n[Chorus: Ayak]\nAll night long, it's gon' be lit\nAll night long, it's gon' be lit\nGon' be lit\n\n(Mi seh a who you'a come fi test Banx n Ranx\nUno mad?)\n\n[Bridge: Ayak]\nGet it, got it, good\nGet it, got it, good\n(Yeah, it's gon' be lit)\nGet it, got it, good\n(Yeah, it's gon' be lit)\nAll night long, it's gon' be lit\nGet it, got it, good\nEh", "image": "https://images.genius.com/887da8450ff1cec03d04a20d538b4d21.640x640x1.jpg"}], "artist": "Banx & Ranx"}