{"songs": [{"title": "Numbers", "album": "Rich Forever 4", "year": "2019-08-02", "lyrics": "[Intro]\nBlizzy, what you cookin' up? (Cash)\nBomb man\u201a bomb man\u201a yeah\u201a that's me (Big Bron)\n(Fuck a nigga, huh?)\n(Ayy, let my nuts hang)\nEverything is chrome in the future\n\n[Chorus: TG3 Thr33]\nI be with my three like a number (Three)\nReady to put somethin' under (Yeah)\nYou know we swing like the jungle (Swing)\nYou move\u201a you get hit with that thunder (Yeah)\nI see a thot-thot, won't touch her (Uh-uh)\nA bitch 'bout her bread, I bust her (Yeah)\nI tell her I love her\u201a don't trust her (Uh-uh)\n'Cause mama ain't raisin' no sucka\nI be with my three like a number (Three)\nReady to put somethin' under (Yeah)\nYou know we swing like the jungle (Swing)\nYou move, you get hit with that thunder (Yeah)\nI see a thot-thot, won't touch her (Uh-uh)\nA bitch 'bout her bread, I bust her (Yeah)\nI tell her I love her, don't trust her (Uh-uh)\n'Cause mama ain't raisin' no sucka (N-N-North Carolina)\n\n[Verse 1: TG3 Thr33]\nYou niggas soft, fruit Gushers (They sweet)\nNo cap, know Sosa'll touch 'em\nPipe man, new Glock, new plumber\nBitch, you know we hot like the oven\nYeah, your homie got hit, it's fuck him\nWanna act like a killer, you busta\nSee, I shoot this bitch up in public\nYou know we on that dumb shit\nI'm pourin' lean in my stomach\nShe want me up in her stomach (Goddamn)\nI know she gon' eat like a luncheon (Eat it up)\nI told her be quiet, get to fuckin'\nShoot a nigga, no tustlin'\nBring back the Act', fuck the 'Tussin\nThese niggas trap, we hustlin'\nWe loaded up, brought the bus in\n\n[Chorus: TG3 Thr33]\nI be with my three like a number (Three)\nReady to put somethin' under (Yeah)\nYou know we swing like the jungle (Swing)\nYou move, you get hit with that thunder (Yeah)\nI see a thot-thot, won't touch her (Uh-uh)\nA bitch 'bout her bread, I bust her (Yeah)\nI tell her I love her, don't trust her (Uh-uh)\n'Cause mama ain't raisin' no sucka\nI be with my three like a number (Big 3)\nReady to put somethin' under (Yeah)\nYou know we swing like the jungle (Swing)\nYou move, you get hit with that thunder (Yeah)\nI see a thot-thot, won't touch her (Uh-uh)\nA bitch 'bout her bread, I bust her (Yeah)\nI tell her I love her, don't trust her (Uh-uh)\n'Cause mama ain't raisin' no sucka\n\n[Verse 2: Setitoff83]\nThuggin' it, OKC with that thunder\nC3, I put a hole in his back like he Russian\nYou know me, Big 3, and I stand on that three\nSo he diss on that three, I'ma bust him\nIf a bitch cute to me, I'ma fuck her\nI guess I hit your lil' ho with a rubber\nMe, Tresh, YBT ridin' 'round with the pokers\nIf we catch an opp, we gon' slump 'em\nIn my city, they treat me like 2Pac\nBy myself, bitch, I'm ridin' with two Glocks\nThey tell me don't go to the hood 'cause I'm too hot\nBitch, I'm in love with them 'jects, I can't stop\nThey tell me stop spendin' and billin', I can't stop\nWe just upped the score so I'm smokin' a new opp\nJudge tell me I can't tote no guns 'til my case dropped\nThis a whole lot of smoke, bitch, I rde with that stick out\n\n[Verse 3: Yung Boss Tevo]\n(Y'all know what the fuck goin' on, boss, ayy)\nI just got a brand new chopper\nLike I'm lookin' for a brand new problem (Come here)\nCatch an opp, we ain't doin' no talkin'\nAll these bodies, we gettin' exhausted\nAll I got for a opp is a coffin\nPut that bread on his top and they bought it\nNow put that chop his top and then toss it\nHe tell 'em go get it, they ran and caught it\nAyy, whole lotta shots in here\nWhole lotta Glocks in here\nBitch, don't get shot in here\nRunnin' with the opps in here\nPlus, we got a whole lotta mops in here\nSo don't know why the cops are here\nBitch, you bound to get dropped in here\nNah, bitch, you bound to get rocked in here\nAyy, I just got a brand new K\nLookin' for a brand new opp\nWe just got a brand new stolo\nTryna ride on a brand new block\nWe just got a brand new handgun\n'Cause we just came off with the Glock\nIn the city, we gotta lay low\n'Cause the score just went up on an opp\n\n[Chorus: TG3 Thr33]\nI be with my three like a number (Three)\nReady to put somethin' under (Yeah)\nYou know we swing like the jungle (Swing)\nYou move, you get hit with that thunder (Yeah)\nIf she a thot-thot, won't touch her (Uh-uh)\nA bitch 'bout her bread, I bust her (Yeah)\nI tell her I love her, don't trust her (Uh-uh)\n'Cause mama ain't raisin' no sucka\nI be with my three like a number (Big 3)\nReady to put somethin' under (Yeah)\nYou know we swing like the jungle (Swing)\nYou move, you get hit with that thunder (Yeah)\nIf she a thot-thot, won't touch her (Uh-uh)\nA bitch 'bout her bread, I bust her (Yeah)\nI tell her I love her, don't trust her (Uh-uh)\n'Cause mama ain't raisin' no sucka\n\n[Outro]\n3 talk\nYeah, fuck goin' on, bitch\nMovie gang", "image": "https://images.genius.com/5a2bdef8d2b08b35a7b3e5b1fd681ed7.750x750x1.jpg"}], "artist": "TG3 Thr33 & 83 Babies"}