{"songs": [{"title": "Still Not a Player", "album": "Capital Punishment", "year": "1998-03-28", "lyrics": "[Chorus: Joe & Big Pun]\nI don't wanna be a player no more\nI'm not a player, I just fuck a lot\nBut Big Punisher, still got what you're lookin' for\nFor my thug niggas, for my thug niggas\nUptown, baby, uptown\nDon't wanna be, don't wanna be\nI don't wanna be a player no more\nI'm not a player, I just fuck a lot\nBut you know Big Pun and Joe still down by law\nWho's down to fuck tonight?\n\n[Verse 1: Big Pun]\nI'm still not a player, but you still a hater\nElevator to the top, hah, see you later\nI'm gone, Penthouse suite, Penthouse freaks\nIn-house beats, French comtesse, 10 thou' piece\nRent-out lease with an option to buy\nCoppin' a 5-0 Benz for when I'm not far up in the sky\nPuffin' the lye from my Twinzito\nUp in the Benzito with my kiko\nFrom Queens nicknamed Perico\nWe go back like PA's and wearin' PJ's\nNow we reach the peakage, runnin' trains for three days\nWho want to ride it? Won't cost you a dollar\nWhether soft or harder, of course you still gonna holla\nMama, I'm big, huh? I'll rip my prick through your hooters\nI'm sick, you couldn't measure my dick with six rulers\nHold up, Chula, I'm all about gettin' loot\nBut I knock that boot if you out to get koofed\n\n[Chorus: Joe & Big Pun]\nI don't wanna be a player no more\nI'm not a player, I just fuck a lot\nBut Big Punisher, still got what you're lookin' for\nFor my thug niggas, for my thug niggas\nUptown, baby, uptown\nDon't wanna be, don't wanna be\nI don't wanna be a player no more\nI'm not a player, I just fuck a lot\nBut you know Big Pun and Joe still down by law\nWho's down to fuck tonight?\n\n[Verse 2: Big Pun]\nI love from butter pecan to blackberry molass'\nI don't discriminate, I regulate every shade of the ass\nLong as you show class and pass my test\nFat ass and breasts, highly intelligent bachelorettes\nThat's the best, I won't settle for less\nI want a ghetto brunette with unforgettable sex\nI lay your head on my chest, and feel my heartbeat\nWe can park the Jeep\nPump Mobb Deep and just spark the leaf\nIt's hard to creep since I found Joe\nEvery pretty, round, brown ho wanna go down low\nBut this Boogie Down professional, I'ma let you know\nOnce I put the blows, get your clothes, \u2018cause you got to go\nI could go downstairs, little brown hairs everywhere\nYou nasty, Twin, I don't care\n'Round here they call me Big Pun, if you with the big guns\nThick tongue, known to make the chicks come\n\n[Bridge: Big Pun & Joe]\nIn the hot tub, poppin' bubbly\nRubbin' your spot, love\nGot you screamin', \"Punish me!\"\nBut it don't stop, watch the Pun get wicked\nWhen I stick it even Luke be like\n\"Don't stop, get it, get it!\"\nIn the hot tub, poppin' bubbly\nRubbin' your spot, love\nGot you screamin', \"Punish me!\"\nBut it don't stop, watch the Pun get wicked\nWhen I stick it even Luke be like\n\"Don't stop, get it, get it!\"\n\n[Chorus: Joe & Big Pun]\nI don't wanna be a player no more\nI'm not a player, I just fuck a lot\nBut Big Punisher, still got what you're lookin' for\nFor my thug niggas, for my thug niggas\nUptown, baby, uptown\nDon't wanna be, don't wanna be\nI don't wanna be a player no more\nI'm not a player, I just fuck a lot\nBut you know Big Pun and Joe still down by law\nWho's down to fuck tonight?\n\n[Outro: Joe]\nBoricua, morena\nBoricua, morena\nBoricua, morena\nBoricua, morena\nBoricua, morena\nBoricua, morena\nNo more rollin' with an entourage\nUnless it\u2019s Pun and the Terror Squad\nPunisher, Punisher, Punisher (beatin' niggas down somethin' silly)\nBig Punisher, Punisher, Big Punisher\nBoricua, morena\nBoricua, morena\nBoricua, morena\nBoricua, morena\nBoricua, morena\nBoricua, morena\nBoricua, morena\nBoricua, morena\nBoricua, morena\nBoricua, morena\nBoricua, morena\nBoricua, morena", "image": "https://images.genius.com/c5f730da8b588b780899faca0cece648.600x600x1.jpg"}], "artist": "Big Pun"}