{"songs": [{"title": "Como No", "album": "El Negreeto", "year": "2019-08-06", "lyrics": "[Letra de \"Como No\" ft. Becky G]\n\n[Intro]\nOh-oh, eh, mam\u00e1\nOh-oh, eh, mam\u00e1\n\n[Verso 1: Akon & Becky G]\nMe dijeron que t\u00fa quer\u00edas conversar\nEntre t\u00fa y yo no hay nada que hablar\nSabemos los dos lo que va a pasar\nAqu\u00ed vamo' directo a la cama\nMe vuelvo loco yo\nCada vez que yo te toco, yo\nSe me est\u00e1 partiendo el coco en do'\nCada vez que yo te toco, te toco\n\n[Coro: Akon, Becky G]\n\u00bfC\u00f3mo no? Si t\u00fa a mi me tiene' temblando (Temblando)\n\u00bfC\u00f3mo no? Si yo a ti te tengo sudando, seguimo' bajando\n\u00bfC\u00f3mo no? (\u00a1Shiuf!), si la noche est\u00e1 comenzando (-zando)\n\u00bfC\u00f3mo no? Si la cama est\u00e1 calentando, seguimos bajando\n\n[Post-Coro: Becky G]\n\u00a1Ehh!, mam\u00e1\n(Yeh-yeh)\n\u00a1Ehh!, mam\u00e1\n(Yeh-yeh-yeh)\n\n[Verso 2: Becky G]\n\u00bfQui\u00e9n dijo que yo lo que quiero es hablar? (Hablar)\nQue lo que quiero es darle y no parar (\u00a1Shiuf!)\nQue-que a m\u00ed ADN quiere que lo desordene\nY yo no puedo esperar\nAy, me mareo-eo\nSi yo me aguanto el deseo-eo\nAy, me mareo-eo\nCada vez que yo te toco, te toco\n\n[Coro: Akon & Becky G]\n\u00bfC\u00f3mo no? Si t\u00fa a mi me tiene' temblando (-blando)\n\u00bfC\u00f3mo no? Si yo a ti te tengo sudando, seguimo' bajando (\u00a1Shiuf!)\n\u00bfC\u00f3mo no? Si la noche est\u00e1 comenzando (-zando)\n\u00bfC\u00f3mo no? Si la cama est\u00e1 calentando, seguimos bajando\n\n[Post-Coro: Becky G]\n\u00a1Ehh!, mam\u00e1\n(Yeh-yeh-yeh)\n\u00a1Ehh!, mam\u00e1\n(Yeh-yeh-yeh)\n\u00a1Ehh!, mam\u00e1\n(Yeh-yeh-yeh)\n\u00a1Ehh!, mam\u00e1\n\n[Verso 3: Akon, Becky G]\nY suena (Prr)\nT\u00fa me est\u00e1s llamando, suena y suena (Prr)\nPorque tiene' fri\u00f3, te congela' (Prr)\nQue no para de temblar y quiere (Prr)\nQue te (Prr-prr), que te (Prr)\nYo te estoy llamando, suena y suena (Prr)\nPorque tengo fri\u00f3, me congela' (Prr)\nQue no para de temblar y suena (Prr)\nQue te (Prr-prr), que te (Prr)\n\n[Coro: Akon, Becky G, Ambos]\n\u00bfC\u00f3mo no? Si t\u00fa a mi me tienes temblando (C\u00f3mo no, no, no)\n\u00bfC\u00f3mo no? Si yo a ti te tengo sudando, seguimos bajando\n\u00bfC\u00f3mo no? (Yeh), si la noche est\u00e1 comenzando (No, no, no, no; uoh)\n\u00bfC\u00f3mo no? Si la cama est\u00e1 calentando, seguimo' bajando\n\n[Outro: Becky G]\n\u00a1Ehh!, mam\u00e1\n(Yeh-yeh-yeh)\n\u00a1Ehh!, mam\u00e1\nAkon\nBecky, Becky G\n\u00a1Ehh!, mam\u00e1 (Oh-oh-oh)\n\u00a1Ehh!, mam\u00e1", "image": "https://images.genius.com/65e7c0850d6cc2d0b0095493331ab382.1000x1000x1.jpg"}], "artist": "Akon"}