{"songs": [{"title": "Zone", "album": null, "year": "2017-10-08", "lyrics": "[Chorus: Arizona Zervas]\nI think that I'm finally in my zone\nGot a ting out west\nGot a ting back home, yeah\nI think that I'm finally in my zone\nLiving on a high boo\nKeeping on the low, yeah\nI think that I'm finally in my zone\nDon't know where I'm going\nI'm just going with the flow, yeah\nI think that I'm finally in my zone\nYeah, I think that I'm finally in my zone\nIn my zone, oh yeah\n\n[Verse 1: Arizona Zervas]\nHey, bitch\nI've been doing well\nSee me making plays\nYeah I know that you can tell\nLike, ou\nDamn, four hundred for the bell\nI need my money giant\nGot me feeling like Odell, uh\nSipping on the cup\nYeah I'm in the whip I'm riding\nI don't give a fuck\nI peep her IG then I slide in\nAll about my business\nSo that's what I've been minding\nGot a brand new watch\nSo what you call that, perfect timing?\nLately I've been making moves in silence, aye\nTryna change my gold chains into diamonds, aye\nCall me Nyjah Huston how I'm grinding, aye aye\nYou gon' need some Ray-Ban's when I'm shining\nYeah, cause\n\n[Chorus: Arizona Zervas]\nI think that I'm finally in my zone\nGot a ting out west\nGot a ting back home, yeah\nI think that I'm finally in my zone\nLiving on a high boo\nKeeping on the low, yeah\nI think that I'm finally in my zone\nDon't know where I'm going\nI'm just going with the flow, yeah\nI think that I'm finally in my zone\nYeah, I think that I'm finally in my zone\nIn my zone, oh yeah\n\n[Verse 2: John Wolf]\nHey, bitch yeah\nI been on my grind\nIf you always out of sight\nThen you prolly out of mind\nGot an angel out west\nShe live in Anaheim\nWhen I pull up in her city\nWe ain't really wasting time\nLabels fly me to they state\nYeah they put me in a Westin\nWant to have you over\nBut you got to bring your best friend\nSaying that its luck\nBitch I told you this was destined\nKeep your two cents\nGive a fuck about suggestion\nWhy you always on the line?\nAll this shit that's going on\nIts kind of hard to keep it quiet\nI'm not in it for the image\nBitch, I'm in it for the pride\nAnd if AZ is in the cut\nThen I'm prolly on the side, ah\n\n[Chorus: Arizona Zervas]\nI think that I'm finally in my zone\nGot a ting out west\nGot a ting back home, yeah\nI think that I'm finally in my zone\nLiving on the high boo\nKeeping on the low, yeah\nI think that I'm finally in my zone\nDon't know where I'm going\nI'm just going with the flow, yeah\nI think that I'm finally in my zone\nYeah, I think that I'm finally in my zone\nIn my zone, oh yeah\nI think that I'm finally in my zone\nGot a ting out west\nGot a ting back home, yeah\nI think that I'm finally in my zone\nLiving on the high boo\nKeeping on the low, yeah\nI think that I'm finally in my zone\nDon't know where I'm going\nI'm just going with the flow, yeah\nI think that I'm finally in my zone\nYeah, I think that I'm finally in my zone\nIn my zone, oh yeah", "image": "https://images.genius.com/b138798c2fe72a69eb124d5440eaa4d6.500x500x1.jpg"}], "artist": "Arizona Zervas"}