{"songs": [{"title": "Invitation", "album": "Unlikeable", "year": "2018-10-12", "lyrics": "[Intro]\nFuck you mean you need it?\n\n[Verse 1: Ashnikko]\nHe says he needs it or he'll die\nTouching on my inner thigh\nDirty seedy kinda guy\nHis castration would be nice\nAnd I\u2019m just cruising on my bike\nSummertime, my T-shirt tight\nHe say I'm the type he like\nLike I'm a biscuit he could bite\n\n[Pre-Chorus: Ashnikko]\nI can\u2019t even wear my skin\nWithout them asking where I've been\nWithout them asking for a spin\nThis is not an invitation\n\n[Chorus: Ashnikko]\nThis is not an invitation\nFuck you mean you need it?\nFuck you mean you RSVPed?\nI don't need a reason\nThis is not an invitation\nFuck you mean you need it?\nFuck you mean you need it?\n\n[Verse 2: Ashnikko]\nI could be lickin' on a lolly\nDolled up like a dolly\nShort skirt lil hottie\nDon't you comment on my body\nPut a jiggle in my titties\nI can giggle like I'm silly\nCall me prudish call me bitchy\nKnock you out with all that's in me\n\n[Pre-Chorus: Ashnikko]\nI can't even wear my skin\nWithout them asking where I\u2019ve been\nWithout them asking for a spin\nThis is not an invitation\n\n[Chorus: Ashnikko]\nThis is not an invitation\nFuck you mean you need it?\nFuck you mean you RSVPed?\nI don\u2019t need a reason\nThis is not an invitation\nFuck you mean you need it?\nFuck you mean you need it?\n\n[Verse 3: Kodie Shane]\nThis is not an invitation\nShe like to talk a lot, when I pull up, can't say shit\nI don\u2019t want that girl because she can't be patient\nCome with me right now we 'bout to switch locations\nSo fuck with me you need it\nI ain't fucking with these boys I got my reasons\nDiamonds on me just like ice they change the seasons\nI think you gotta do way more if you wanna please me\nDiamonds look like water on my girl it look like Fiji\nDiamonds freeze me, no for real, diamonds 3D\nShe can\u2019t see me, VVS the TV, watch me in HD\nI think you know it's no debating, you can't replace me\n\n[Chorus: Ashnikko]\nThis is not an invitation\nFuck you mean you need it?\nFuck you mean you RSVPed?\nI don't need a reason\nThis is not an invitation\nFuck you mean you need it?\nFuck you mean you need it?\n\n[Outro: Ashnikko]\nThis is not an invitation\nFuck you mean you need it?\nFuck you mean you RSVPed?\nI don't need a reason\nThis is not an invitation\nFuck you mean you need it? (shut up)\nFuck you mean you need it?", "image": "https://images.genius.com/752461eb1a8f9f2391edf8d8724c1704.500x500x1.jpg"}], "artist": "Ashnikko"}