{"songs": [{"title": "Best to You", "album": "Freetown Sound", "year": "2016-06-28", "lyrics": "[Verse 1: Empress Of]\nCall it all for nothing\nBut I'd rather be nothing to you\nThan be a part of something\nOf something that I didn't do\n\n[Chorus: (Dev Hynes) + Empress Of]\n(Do you really want to?)\nI can't be the only one\n(Did he even notice?)\nWho can be the best to you, be the best to you\n(Do you really want to?)\nI can't be the only one\n(Did he even notice?)\nWho can be the best to you, be the best to you\n\n[Verse 2: Empress Of]\nPart of me is faking\nFaking it all just for fun\nPart of me is breaking\nBreaking apart when you come\n\n[Chorus: (Dev Hynes) + Empress Of]\n(Do you really want to?)\nI can't be the only one\n(Did he even notice?)\nWho can be the best to you, be the best to you\n(Do you really want to?)\nI can't be the only one\n(Did he even notice?)\nWho can be the best to you, be the best to you\n\n[Bridge: Empress Of]\nI feel my bones, I feel my bones, I feel my bones crack in your arms\nAnd I can tell you what you want but I tell you all the things I like\nAnd if I keep myself away, would you chase in the dead of night?\nAnd I can't be the girl you want but I can be the thing you\nThrow away, throw away, throw away\nThrow away, throw away, you throw away\nThrow away, throw away, throw away\nThrow away, throw away, you throw away\n\n[Chorus: (Dev Hynes) + Empress Of]\n(Do you really want to?)\nI can be the only one\n(Did he even notice?)\nI can be the best to you, be the best to you\n(Do you really want to?)\nI can be the only one\n(Did he even notice?)\nI can be the best to you, be the best to you", "image": "https://images.genius.com/e9eb86645e548e65d3d9776ea220ca28.1000x1000x1.jpg"}], "artist": "Blood Orange"}