{"songs": [{"title": "No Brainer", "album": "Unlikeable", "year": "2018-11-23", "lyrics": "[Intro]\nUgh, yeah\nUgh, yeah\n\n[Verse 1]\nThis is it, this is all you ever wanted\nThis is all because you want to say you done it\nNow you mixing with the greatest, laughing ha-ha-ha-ha-ha\nNow you're laced with all the ladies now it's na-ah-ah-ah-not\nHe's a ride or die, I'll ride his face forever\nFlip me over I like all types of pressure\nTippy toppy, tip me over now its oh my, oh my god\nFuture brighter like it's solar now it's always summertime\n\n[Pre-Chorus]\nTell me what you need\nTell it to my manager, he'll tell you pay a fee\nOoh, I fuck it up, I can't wait for you to see\nYou said your girlfriend wanna marry you\nBut now she's here with me\n\n[Chorus]\nI say it's a no brainer now\nNow I'm in this bitch, vibrator now\nNow I'm making waves and craters now\nTell me, tell me who's gonna restrain me now?\nI say it's a no brainer now\nNow I'm in this bitch vibrator now\nNow I'm making waves and craters now\nTell me, tell me who's gonna restrain me now?\n\n[Verse 2]\nWho's who, who's made it, who's nameless\nYou're still taught the same shit, talking out your anus\nYou big head you're brainless\nYou skidmarks, I'm stainless\nI'm fresh out of patience, I'm sick of all the sameness\nI'm not in your circle, baby\nI'm hot like a thermal baby\nAnd I'm a controversial lady\nI'm popping like a kernel lately\n\n[Pre-Chorus]\nTell me what you need\nTell it to my manager, he'll tell you pay a fee\nOoh, I fuck it up, I can't wait for you to see\nYou said your girlfriend wanna marry you\nBut now she's here with me\n\n[Chorus]\nI say it's a no brainer now\nNow I'm in this bitch, vibrator now\nNow I'm making waves and craters now\nTell me, tell me who's gonna restrain me now?\nI say it's a no brainer now\nNow I'm in this bitch vibrator now\nNow I'm making waves and craters now\nTell me, tell me who's gonna restrain me now?\n\n[Outro]\nUgh, yeah\nUgh, yeah", "image": "https://images.genius.com/34d4c1b1cd12876023165312509865d8.400x400x1.png"}], "artist": "Ashnikko"}