{"songs": [{"title": "RIDE", "album": "CHASE", "year": "2018-11-30", "lyrics": "[Intro]\nFor the culture\nReal culture\n(Ego)\nFor all my niggas\n\nYeah, yeah, yeah, yeah, yeah\nYeah, yeah, yeah, look\n\n[Verse 1]\nWhen it payback with a Maybach\nI'ma lay back on the low\nFor the meantime, let me fuck once til' I say I gotta go\nTell her stay back, tell her A$AP, I don't play that with a ho\nShe gon' hate that, she gon' say that I'm an asshole but I know\nListen, nigga\nYou ain't really 'bout the shit\nI been balling from the start and now I'm really 'bout to spit\nWho you fuckin' with?\n'Bout to kill the game with a hit\nStarted eating tracks and we ain't never starved ever since\nGoddamn\nI say damn too much\nI feel like my niggas buying grams too much\nGoddamn\nThink I am too much\nMaking moves but I think I plan too much\nGod..damn\nThey don't hand too much, even when they do I never plan to touch\nI stand with the fam too much\nFuck with us and they gon' say he ran too much\n\n[Chorus]\nI promise all my niggas gon' ride\nRide, ride, ride, ride\nI promise all my niggas gon' ride\nAnd we gon' push you to the side, to the side, to the side\nI promise all my niggas gon' ride\nRide, ride, ride, ride\nI promise all my niggas gon' ride (yuh)\nAnd we gon' push you to the side, to the side, to the side\n\n[Verse 2]\nListen ho\nDon't ask me for the word\nI'm the type that don't give a fuck about what you heard\nYou the type to let any bullshit get on your nerves\nWe the type to get anything we think we deserve and splurge\nI'm going big, bitch I'm going big\nI been saying that shit ever since I was a kid\nI been doing shit I thought I never woulda did\nThere's no sleeping in the crib, but they sleeping on the kid\nWhoa, oh man\nI don't think I wanna go through this again\nCousin told me that my flow would probably purchase me a Benz\nMama told me \"watch your back, don't be depending on a friend\"\nThat's why all my niggas real you see ain't none of this pretend, oh man\nI don't think them other niggas understand\nStarted rapping so they'd listen and they still don't comprehend\nWhat a nigga got to do to let 'em know we coming in\nIt don't finish, it don't end\nBeen working since I was ten\n\n[Chorus]\nI promise all my niggas gon' ride\nRide, ride, ride, ride\nI promise all my niggas gon' ride\nAnd we gon' push you to the side, to the side, to the side\nI promise all my niggas gon' ride\nRide, ride, ride, ride\nI promise all my niggas gon' ride (yuh)\nAnd we gon' push you to the side, to the side, to the side", "image": "https://images.genius.com/6c8d8201248d198500c88936c9d0e0ed.337x339x1.png"}], "artist": "Aaron May"}