{"songs": [{"title": "Mumbai Power", "album": "Show Tracks", "year": "2019-07-19", "lyrics": "[Verse: BEAM]\nWho gonna do this shit like your boy (Ooh!)\nYou learnin' in the whip your boy like (Ohh!)\nThat's my thing\nLiving that life like a G\nLiving life like a\nDo you still know me, one day doing our thing\nWe play them, this time when I sing to our thing\nCan't let go of your love\nNever gonna let go of our love\n\n[Refrain]\nDr-dr-dr-dr-dr-drop", "image": "https://images.genius.com/aa814ea015e2f7469ff10c7c8ebe94ae.1000x1000x1.jpg"}], "artist": "Skrillex"}