{"songs": [{"title": "Tongue Song", "album": "Her - EP", "year": "2016-05-31", "lyrics": "[Woman on the phone]\nHey, why're you ignoring me?\nLet me know what day you're free this week\nI'm coming to see you, I'll drive up to you after work\n\n[Intro]\nOh girl I think it's just the way you touch me\n\n[Verse 1]\nIt was all just a drink and a convo\nWe were chillin' in the condo\nIt was hard by the pool in the lando\nWith a cup filled with juice and my candle\nStarted getting dirty with my hand though\nYeah I knew she light the candle\nWe started foreplay, need a mango\nDo me dirty, then she let her man go\n\n[Pre-Chorus]\nThat chick was random as shit\nBet you never thought I would've branded shit\nKnock the pussy out like David Haye\nAlways wanna beat like anime\nAin't nobody in her genre\nAll them other niggas better honour her\nCause once she get freaky and back the fuck up\nAnd there's no turning back and you can't get enough, it's like\nOh!\n\n[Chorus]\nDon't you remember where we used to play those games?\nOh girl I think it's just the way you touch me\nOh girl I think it's just the way you touch me\nI kept that shit on the D low, that clip on the reload\nYou were down in the night when it came to the freak show\n\n[Verse 2]\nShe was not just a thing in the bando\nShe would pull up in the Lambo\nIt was back to the house for the Rambo\nFucked on the couch at an angle\nNever really thought that you would handle\nThen we started holding hands though\nWe started foreplay, need a mango\nDo me dirty, then she let her man go\n\n[Pre-Chorus]\nThat chick was random as shit\nBet you never thought that I would brand that shit\nKnock the pussy out like David Haye\nAlways wanna beat like anime\nAin't nobody in her genre\nAll them other niggas better honour her\nCause once she get freaky and back the fuck up\nAnd there's no turning back and you can't get enough, it's like\n\n[Chorus]\nDon't you remember where we used to play those games?\nOh girl I think it's just the way you touch me\nOh girl I think it's just the way you touch me\nI kept that shit on the D low, that clip on the reload\nYou were down in the night when I came to the freak show", "image": "https://images.genius.com/3bb05e32ec17444f6c98d68363a00b29.500x500x1.jpg"}], "artist": "Angel"}