{"songs": [{"title": "Let Go", "album": "CHASE", "year": "2019-01-29", "lyrics": "[Intro]\nThe time, can't erase, together, oh\nThe time, can't erase, together, oh\nThe time, can't erase, together, oh\nThe time, can't erase (Yeah), together, oh (Yeah, uh)\n\n[Verse]\nFucked up nigga, I don't want your pity\nI just wanted love, but I'm way too busy\nRap moving up, I might come to your city\nIt's hot in the H, but my heart still chilly\nI just need a gram, some bread, and a quickie\nIf I ain't your man, I don't want no hickey\nRight now I ain't shit 'cause the road look shitty\nBeen like that for months, I might roll a blunt\nAnd hit that shit once 'cause a nigga been sober (Goddamn)\nGod, I can't wait 'til the day this shit over (Goddamn)\nUsed to walking 'round with a chip on my shoulder\nFor every last person I loved who folded (I know)\nI would give grace, but I'd rather give closure (I know)\nI would take breaks, but I'd rather move forward (I won't)\nI done been chewed up, spit out, kicked out, let down\nBut I'm still a motherfucking soldier\nSo fuck what you told me if you showed me different\nFuck what you showed me if you came up missing\nI know that actions speak louder than words\nThe thing about yours, they never consistent\nI done got paid more than I paid attention\nI done felt pain more than I like to mention\nHeart on my sleeve 'til it's left on the curb\nWhen I smoke this herb I can't make good decisions\nYou niggas be bitches, you bitches be hoes\nYou switching up more than you switch your clothes\nI push that work 'til I get it in gold\nAnd light up that heat when the nights get too cold\nThe only thing keeping me up from the lows\nBesides all the bread I'ma make from these shows\nMy life going fast and I like moving slow\nAnd I've been on numb four, five days in a row\n\n[Chorus]\nI might fly away, yeah, yeah\nI might fly away, yeah, yeah\nI'll be fine today, yeah, yeah\nI'll be fine today, yeah, yeah\nI might fly away, yeah, yeah (Fly away, go fly)\nI might fly away, yeah, yeah (Fly away, go fly)\nI'll be fine today, yeah, yeah (Fine, you gon' be fine)\nI'll be fine today, yeah, yeah (Fine, you gon' be fine)\nYeah, yeah\n\n[Outro]\nThe time, can't erase, together, oh\nThe time, can't erase, together, oh\nThe time, can't erase, together, oh\nThe time, can't erase, together, oh", "image": "https://images.genius.com/8a9333fb6edb165b3d87b75f8d4bd19f.500x500x1.jpg"}], "artist": "Aaron May"}