{"songs": [{"title": "Blowing Up My Phone", "album": "High Art EP", "year": "2019-05-03", "lyrics": "[Verse 1]\nWhat you think this is?\nTry to comprehend it for me\nRather go and spend\nAll your common sense on nothin'\nLet's tie up our loose ends\nBefore it becomes a problem\n\n[Pre-Chorus]\nBaby, believe me, there's nothin' wrong\nTell me what's been goin' on\nBaby, believe me, there's nothin' wrong\nTell me what's been goin' on\n\n[Chorus]\nIf you're blowin' up my phone\nThat's how I know you're in love\nTell me what you want (Ooh, ooh)\nIf you're blowin' up my phone\nThat's how I know you're in love\nShow me what you got (Ooh, ooh)\nMessed around, lost somethin' I love\nLittle high, got a little too drunk\nSilly boy just tryna have fun (Ooh, ooh)\nMessed around, lost somethin' I love\nLittle high, got a little too drunk\nSilly boy just tryna have fun\n\n[Verse 2]\nBlood rushin' from my head\nFaded, try to find somebody\nDon't try and pretend\nThat you're not fallin' for me\nDid I think too far ahead\nOr are we up to somethin'?\n\n[Pre-Chorus]\nBaby, believe me, there's nothin' wrong\nTell me what's been goin' on\nBaby, believe me, there's nothin' wrong\nTell me what's been goin' on\n\n[Chorus]\nIf you're blowin' up my phone\nThat's how I know you're in love\nTell me what you want (Ooh, ooh)\nIf you're blowin' up my phone\nThat's how I know you're in love\nShow me what you got (Ooh, ooh)\nMessed around, lost somethin' I love\nLittle high, got a little too drunk\nSilly boy just tryna have fun (Ooh, ooh)\nMessed around, lost somethin' I love\nLittle high, got a little too drunk\nSilly boy just tryna have fun\n\n[Bridge]\nI know you're fine sleepin' on your own\nBut maybe, can I come on over?\nI know you're fine sleepin' on your own\nBut maybe, could I be by your side?\n(Before we get too caught up)\nI know you're fine sleepin' on your own\n(Just smoke one more)\nBut maybe, can I come on over?\n('Cause I'm at your door)\nI know you're fine sleepin' on your own\n('Cause I'm at your door)\nBut maybe, could I be by your side?\n\n[Chorus]\nIf you're blowin' up my phone\nThat's how I know you're in love\nTell me what you want (Tell me what you want, ooh, ooh)\nIf you're blowin' up my phone\nThat's how I know you're in love\nShow me what you got (Ooh, ooh)\nMessed around, lost somethin' I love\nLittle high, got a little too drunk\nSilly boy just tryna have fun (Ooh, ooh)\nMessed around, lost somethin' I love\nLittle high, got a little too drunk\nSilly boy just tryna have fun", "image": "https://images.genius.com/a52062b2824e66e606dd1cb7d9cbaae2.1000x1000x1.jpg"}], "artist": "B00TY"}