{"songs": [{"title": "Working Bitch", "album": "Hi, It\u2019s Me", "year": "2019-07-12", "lyrics": "[Intro]\nI'm working, bitch\nAin't got no time for dick\nYou wish you could sway my attention\nI'm working, bitch\nAin't got no time for dick\nSure as fuck can't sway my attention\n\n[Verse 1]\nToo tired to entertain little boys\nI'm the boss of my business, I should invoice him\nOne strike two, I'm self-employed\nSwear my blue vibrator brings me more joy\nIf you wanna play second fiddle to my job\nWanna be side-dick in a one-stop shop\nLet me know\nLet me know\n\n[Pre-Chorus]\n'Cause I do well for myself, nothing you do is extraordinary\nTaxing on my mental health and my last boyfriend was cautionary\n\n[Chorus]\nI'm working, bitch\nAin't got no time for dick\nYou wish you could sway my attention\nI'm working, bitch\nAin't got no time for dick\nSure as fuck can't sway my attention\n\n[Verse 2]\nI love my, I love my, I love my, I love my\nI love my day job, fuck a blowjob, what's the point?\nIt's all d\u00e9j\u00e0 vu, they don't give me what I want\nMoney, make some, makin' money better than the dick\nPussy Play-Doh, pussy like her pockets: thick\nNow he look stressed, 'cause he know that I don't need him\nMouth open, baby bird, I'm not gonna feed him\nYah, I'm big, I'm boss\n\n[Chorus]\nI'm working, bitch\nAin't got no time for dick\nYou wish you could sway my attention\nI'm working, bitch\nAin't got no time for dick\nSure as fuck can't sway my attention\n\n[Post-Chorus]\n'Cause I do well for myself,  nothing you do is extraordinary\nTaxing on my mental health and my last boyfriend was cautionary\n\n[Bridge]\nI'm working, bitch\nWorking, bitch\nWorking, bitch\n\n[Chorus]\nI'm working, bitch\nAin't got no time for dick\nYou wish you could sway my attention\nI'm working, bitch\nAin't got no time for dick\nSure as fuck can't sway my attention\n\n[Outro]\nI'm working, bitch\nWorking, bitch\nWorking, bitch\nI'm working, bitch\nWorking, bitch\nWork-working, bitch\nI'm working, bitch", "image": "https://images.genius.com/d1de21cbca05cc3972e282b72dc47f82.1000x1000x1.jpg"}], "artist": "Ashnikko"}