{"songs": [{"title": "Ringtone", "album": null, "year": "2019-02-20", "lyrics": "[Intro]\nBad B's\nBa-Bad B's\nBad B's\nBa-Bad B's\n\n[Chorus]\nBad B's banging my brick phone\nSame time banging my iPhone too\nSweet one, answer this ringtone\nDid my time and I'll time it, phew\nThis one bad and I've been told\nYoung one, help me come line this yute\nGolden phone match her skin tone\nCome round here, that's a stupid move\n\n[Verse 1]\nYou can phone this number\nRingtone sounds nice in summer\nSweet one, golden lover\nAnd I had a iPhone same colour\nBros on a ride, take cover\nThree man step three hunna\nFour man dash, three suffer\nCell sight trap mans runner\nMissed call, emoji sent\nOne line round, four spent\nCharged up 40%\nShotgun only possessed\nMy darg, you'll find your scent\nBully van came round and went\nBust left and I found my breath\nKenny Bop don't dance we step\n\n[Chorus]\nBad B's banging my brick phone\nSame time banging my iPhone too\nSweet one, answer this ringtone\nDid my time and I'll time it flew\nThis one bad and I've been told\nLeng one, help me come line this yute\nGolden phone match her skin tone (Peng)\nCome round here, that's a stupid move\n\nBad b's banging my brick phone\nSame time banging my iPhone too\nSweet one, answer this ringtone\nDid my time and I'll time it flew\nThis one bad and I've been told\nLeng one, help me come line this yute\nGolden phone match her skin tone (Peng)\nCome round here, that's a stupid move\n\n[Verse 2]\nAnd I had a 5s in school\nIn maths, had incoming calls\nCan't ride out indoors\nDora backpack explores\nRise up, smoking war\nSmall firing tool\nYou don't drill, why you lying for?\nSlip from a sliding door\nAnd it's mad that my phone don't ring\nMust be the phone, no sim\nCould be the one pop or twin\nHit bro, where your last of kin?\nAnd it's mad that my phone don't ring\nMust be the phone, no sim\nCould be the one pop or twin\nHit bro, where your last of kin?\n\n[Chorus]\nBad B's banging my brick phone\nSame time banging my iPhone too\nSweet one, answer this ringtone\nDid my time and I'll time it flew\nThis one bad and I've been told\nLeng one, help me come line this yute\nGolden phone match her skin tone (Peng)\nCome round here, that's a stupid move\n\n[Outro]\n(Bad b's banging my brick phone\nSame time banging my iPhone too\nSweet one, answer this ringtone\nDid my time and I'll time it flew\nThis one bad and I've been told\nLeng one, help me come line this yute\nGolden phone match her skin tone\nCome round here\nThat's a stupid move, that's a stupid move\nThat's a stupid move, that's a stupid move)", "image": "https://images.genius.com/e3b1c2afb795c402d6cecb667030e3e4.640x640x1.jpg"}], "artist": "Dr. Vades"}