{"songs": [{"title": "Can I Kick It?", "album": "People\u2019s Instinctive Travels and the Paths of Rhythm", "year": "1990-04-17", "lyrics": "[Chorus: Q-Tip]\nCan I kick it? (Yes, you can!)\nCan I kick it? (Yes, you can!)\nCan I kick it? (Yes, you can!)\nCan I kick it? (Yes, you can!)\nCan I kick it? (Yes, you can!)\nCan I kick it? (Yes, you can!)\nCan I kick it? (Yes, you can!)\nWell, I'm gone (Go on then!)\n\n[Verse 1: Q-Tip]\nCan I kick it? To all the people who can Quest like A Tribe does\nBefore this, did you really know what live was?\nComprehend to the track, for it's why cuz\nGettin measures on the tip of the vibers\nRock and roll to the beat of the funk fuzz\nWipe your feet really good on the rhythm rug\nIf you feel the urge to freak, do the jitterbug\nCome and spread your arms if you really need a hug\nAfrocentric living is a big shrug\nA life filled with fun that's what I love\nA lower plateau is what we're above\nIf you diss us, we won't even think of\nWill Nipper the doggy give a big shove?\nThis rhythm really fits like a snug glove\nLike a box of positives it's a plus, love\nAs the Tribe flies high like a dove\n(Can I kick it?)\n\n[Chorus: Phife Dawg]\nCan I kick it? (Yes, you can!)\nCan I kick it? (Yes, you can!)\nCan I kick it? (Yes, you can!)\nCan I kick it? (Yes, you can!)\nCan I kick it? (Yes, you can!)\nCan I kick it? (Yes, you can!)\nCan I kick it? (Yes, you can!)\nWell, I'm gone (Go on then!)\n\n[Verse 2: Phife Dawg]\nCan I kick it? To my Tribe that flows in layers\nRight now, Phife is a poem sayer\nAt times, I'm a studio conveyor\nMr. Dinkins, would you please be my mayor?\nYou'll be doing us a really big favor\nBoy this track really has a lot of flavor\nWhen it comes to rhythms, Quest is your savior\nFollow us for the funky behavior\nMake a note on the rhythm we gave ya\nFeel free, drop your pants, check your ha-ir\nDo you like the garments that we wear?\nI instruct you to be the obeyer\nA rhythm recipe that you'll savor\nDoesn't matter if you're minor or major\nYes, the Tribe of the game we're the player\nAs you inhale like a breath of fresh air\n(Can I kick it?)", "image": "https://images.genius.com/bb694d2329470f0f08852feacfb5a02a.600x600x1.jpg"}], "artist": "A Tribe Called Quest"}