{"songs": [{"title": "Answerphone", "album": "Now That\u2019s What I Call Music! 100 [UK]", "year": "2018-03-16", "lyrics": "[Chorus: Ella Eyre & Ayak]\nI've been talking to your answerphone, na na\nSomething tell me you don't want to know, na na\nWhen I call you, you don't answer phone, na na\nYou don't love me, you should let me know, na na\nYeah, Banx & Ranx\n\n[Verse 1: Ella Eyre]\nI got a feeling\nI'm over thinking 'bout thinking you're thinking of leaving\n(Yeah yeah, yeah yeah, yeah yeah)\nBut real talk, I need some honesty\nHonestly, you better speak up\n(Yeah yeah, yeah yeah, yeah yeah)\n\n[Pre-Chorus: Ella Eyre]\nDays and nights, I lie beside my phone\nWhen you gonna let me know?\nWhen you gonna let me know?\nAll I hear is, \"please leave your message after the tone\"\nWhen you gonna let me know?\n\n[Chorus: Ella Eyre]\nI've been talking to your answerphone, na na\nSomething tell me you don't want to know, na na\nWhen I call you, you don't answer phone, na na\nYou don't love me, you should let me know, na na\nLet me know, na na\n\n[Verse 2: Ella Eyre]\nMan down\nSaid it was nothing but nothing is all that we have now\n(Yeah yeah, yeah yeah, yeah yeah)\nAnd now I found out that you got a problem\nA problem you don't wanna talk about\n(Yeah yeah, yeah yeah, yeah yeah)\n\n[Pre-Chorus: Ella Eyre & Yxng Bane]\nDays and nights, I lie beside my phone\nWhen you gonna let me know?\nWhen you gonna let me know?\nAll I hear is, \"please leave your message after the tone\"\nWhen you gonna let me know?\n\n[Chorus: Ella Eyre]\nI've been talking to your answerphone, na na\nSomething tell me you don't want to know, na na\nWhen I call you, you don't answer phone, na na\nYou don't love me, you should let me know, na na\nLet me know, na na\n\n[Bridge: Yxng Bane]\nRinging up my line and that leads me to overthink\nSee you in the club last night, lead me to overdrink\nLet me fall for you, you know I'm on the brink\nLet me know how deep your love goes\nDon't save me, let me say\n\n[Pre-Chorus: Ella Eyre & Yxng Bane]\nDays and nights, I lie beside my phone\nWhen you gonna let me know?\nWhen you gonna let me know?\nAll I hear is, \"please leave your message after the tone\"\nWhen you gonna let me know?\n\n[Chorus: Ella Eyre]\nI've been talking to your answerphone, na na\nSomething tell me you don't want to know, na na\nWhen I call you, you don't answer phone, na na\nYou don't love me, you should let me know, na na\nLet me know, na na\n\n[Outro: Ella Eyre & Yxng Bane]\nDays and nights, I lie beside my phone\nWhen you gonna let me know?\nWhen you gonna let me know?\nAll I hear is, \"please leave your message after the tone\"\nWhen you gonna let me know?\nI've been talking to your answerphone, na na", "image": "https://images.genius.com/81e22be8e557ebe12397943db686899e.800x800x1.jpg"}], "artist": "Banx & Ranx & Ella Eyre"}