{"songs": [{"title": "Peaches & Cream", "album": "Part III", "year": "2001-04-03", "lyrics": "So hot, hot\nIt's the S the L the I the M\n\n[Verse 1 - Slim]\nLet me tell you what I wanna do\nLet me show you that I'm feelin' you\nWanna freak, wanna ride with you\nWanna taste, wanna put my lips all over you\nCan't get enough of you\nAlways again with you\nSo sweet, I can't forget\nSo good, girl you make me sweat\nGirl I'm talkin' 'bout\n\n[Hook  - 112 (Slim)]\nPeaches and cream (Oooh)\nI need it cause you know that I'm a fiend (That's right)\nGettin' freaky in my Bentley limousine\nIt's even better when it's with ice cream\nKnow what I mean\nPeaches and cream\nI need it cause you know that I'm a fiend\nGettin' freaky in my Bentley limousine\nIt's even better when it's with ice cream\n(Girl you taste so good to me)\nKnow what I mean, peaches and cream\n\n[Verse 2 - Q]\nI never thought that I would be\nSo addicted to you\nOn top, underneath, on the side of you\nBetter yet baby right next to you\nLove the way you're just flowin down\nAnd I can feel it all around\nIn the front, in the back of you\nOoh I love the smell of you\nGirl you know what I'm talking about\n\n[Hook - 112 (Q)\nPeaches and cream\nI need it cause you know that I'm a fiend (ooh)\nGettin' freaky in my Bentley limousine (ooohhh)\nIt's even better when it's with ice cream\nKnow what I mean\nPeaches and cream\nI need it cause you know that I'm a fiend\nGettin' freaky in my Bentley limousine\nIt's even better when it's with ice cream\nKnow what I mean, peaches and cream\n\n[Rap breakdown - Mike (112)]\nWon't stop girl you know I can't get enough\nWanna taste it in the morning when I'm waking up\nLike peach cobbler in my stomach when I eat it up\nGot your arms around my neck and I can't get up\nSee the boys 112 we from the A'\n(A' - shorty we don't play)\nAnd when it comes to eating peaches, shorty we don't play\nSo all the ladies in the house if your peach the shit\nPut your hands in the air represent your clique\n\n[Hook - 112 (Slim)]\nPeaches and cream (Oooh)\nI need it cause you know that I'm a fiend (That's right)\nGettin' freaky in my Bentley limousine  (Girl you are tasty)\nIt's even better when it's with ice cream\nKnow what I mean\n\nPeaches and cream\nI need it cause you know that I'm a fiend\nGettin' freaky in my Bentley limousine\nIt's even better when it's with ice cream\nKnow what I mean, peaches and cream\n\nOh girl I need it\nI gotta have it\nIt's always on my mind\nKnow what I mean\nPeaches and cream\nI like it in my car\nOr even in my bed\nOr baby on the stairs\nKnow what I mean\nPeaches and cream\n\nOh girl I need it\nI gotta have it\nIt's always on my mind\nKnow what I mean\nPeaches and cream\nI like it in my car\nOr even in my bed\nOr baby on the stairs\nKnow what I mean\nPeaches and cream\n\nI need it cause you know that I'm a fiend\nGettin' freaky in my Bentley limousine\nIt's even better when it's with ice cream\nKnow what I mean\n\nPeaches and cream\nI need it cause you know that I'm a fiend\nGettin' freaky in my Bentley limousine\nIt's even better when it's with ice cream\nKnow what I mean, peaches and cream", "image": "https://images.genius.com/08674b48dd202c68775f28e463f3f299.300x300x1.jpg"}], "artist": "112"}