{"songs": [{"title": "Whisper", "album": "Church on Sunday", "year": "2019-11-29", "lyrics": "[Verse 1: Yung Miami]\nHow you doin' there daddy, can we rap for a minute?\nI know you got a\u2005girl,\u2005but I ain\u2019t\u2005really trippin'\nIf you don't, that\u2019s cool,\u2005I'ma play my position\nSo you know where I'm goin', let's get back to the business\nI was gettin' my hair did and I heard some hoes talkin'\nName came up and I don't do that shit often\nHe drop a little bit, they was talkin\u2019 \u2019bout the dick\nYou'll fuck a bitch lights out and you ain\u2019t 'bout shit\nSo, I said, \"I wanna see him\"\nI had to get up on his 'Gram, in his DM\nDon't care about his bitch or his BM\nPull up on a bitch, nine o\u2019clock PM sharp\nTie his shit, knot, big dick, hard\nDon't worry 'bout the grass, you can park on the lawn\nReal niggas, I don't fuck with the marks\nCertified niggas qualified for the job\n\n[Chorus: Blac Youngsta]\nGive you what you lookin' for (Ho)\nShake it while you cookin' for me (Ho)\nHater, what you lookin' for? (Ho)\nShake you while you lookin' for me (Lookin' for me)\nGive you-give you what you lookin' for (Ho)\nShake it-shake it while you cookin' for me (Ho)\nHater, what you lookin' for? (Ho)\nShake you while you lookin' for me\n\n[Verse 2: Blac Youngsta]\nI ain't shit, and your mama, she can see that (So?)\nI don't leave my cars at her house 'cause she key that (Ho)\nInto my liquor with my side bitch, I be that (Huh)\nGet the high place, high house, where we meet at? (Come in)\nI know she a ho 'cause she did this befo' (Go down)\nTold her I was cool, but she still went below (Lowdown)\nI got plenty money, but I still want some more (Ching)\nI got plenty bitches, but I still want a ho\nI'm the goat, pussy, and I still want the smoke (Bow)\nConvicted felon, but I still wanna vote (Gang, gang)\nI like 'em black, but I still want a snow\nBunny in them blocks, go and steal for the low (Brr)\nGot a flow, but they still steal my flow\nKnow she got a deep throat, but I steal for the throat\nI run up behind draws, you can see it when it poke\nI ain't moving love to that bitch, I'ma leave her, so\n\n[Chorus: Blac Youngsta]\nGive you what you lookin' for (Ho)\nShake it while you cookin' for me (Ho)\nHater, what you lookin' for? (Ho)\nShake you while you lookin' for me (Lookin' for me)\nGive you-give you what you lookin' for (Ho)\nShake it-shake it while you cookin' for me (Ho)\nHater, what you lookin' for? (Ho)\nShake you while you lookin' for me\n\n[Verse 3: JT]\nI'll let 'em fuck it if a nigga gon' cut it\nYou can lick it-lick it, but a bitch won't suck it\nHow the fuck you gon' cuff it if you ain't got a budget?\nBig face hundreds keep a real bitch comin'\nStacks on stacks in my Chanel purse\nYou ain't gotta check, lil' homie, it won't work\nBetter hit your baby mama if you wanna hit it for free\nOld poor-ass nigga, keep sucking your teeth\nYou will never getting 'tween these cheeks or in these sheets\nIf you keep playin' cheap, uh\nLet him hit it with his Nikes on\nLet me shine wit' it baby, keep the lights on\nWhat you workin' wit', baby, is your pipe long?\nCut your phone off, baby, leave your wife home, straight up\nYou want two bitches, boy, you gotta pay us\nThis ain't a hotel where motherfuckers lay up\n\n[Chorus: Blac Youngsta]\nGive you what you lookin' for (Ho)\nShake it while you cookin' for me (Ho)\nHater, what you lookin' for? (Ho)\nShake you while you lookin' for me (Lookin' for me)\nGive you-give you what you lookin' for (Ho)\nShake it-shake it while you cookin' for me (Ho)\nHater, what you lookin' for? (Ho)\nShake you while you lookin' for me", "image": "https://images.genius.com/1ad6b6d2ccda3782ea066f1b8f1cb581.1000x1000x1.jpg"}], "artist": "Blac Youngsta"}