{"songs": [{"title": "Fortnights", "album": null, "year": "2019-11-08", "lyrics": "[Verse]\nMeet in center city for the nightlife\nBut i was still 19, I was still 19\nWe\u2005smoke\u2005bowls in the\u2005backyard\nAnd I would tell you my\u2005pipe dreams\nLike how you scared of heights when\nGrew up in the mountains\nDaddy ain't been 'round since\nLunch in the nose bleeds\nOne trip the groceries\nUnzip the proceeds\nLight the blunt on the stove when your mom gone\nTell me put my new songs on your iPhone\nNow you 25 where the time gone\nFuck it I just wanna smoke\u2026\n\n[Hook]\nCall me when you make it in I know you good nigga\nI might just pull up in a crown I\u2019m still a hood nigga\nAnd you ain't even gotta say I know what\u2019s good witcha\nMy god\n\nCall me when you make it in I know you good nigga\nI might just pull up in a crown I\u2019m still a hood nigga\nAnd you ain't even gotta say I know what\u2019s good witcha\n\nCall me when you make it in I know you good nigga\nI might just pull up in a crown I\u2019m still a hood nigga\nAnd you ain't even gotta say I know what\u2019s good witcha", "image": "https://images.genius.com/51eb8e406249044bb91810b9c619017a.1000x1000x1.jpg"}], "artist": "Armani White"}