{"songs": [{"title": "Fall Off", "album": "Content with Content", "year": "2018-09-21", "lyrics": "[Chorus - Big Zuu]\nThey just wanna talk like they are on things but we know that they ain't on nuttin'\nSo (oohh) if they hate I ain't fussing\nSaid he's on that, I'll brush him\nMan are winning that's the reason that they're cussing\nAbout I'm due to blow mana been buzzing, buzzing\nThe hate on my name comes in the discussion\nBecause my bars them bug out their brain, concussion\nMe I'm saying what you're favourite rapper doesn't\n169\nSpit real facts [repercussion?], duppy any beat that I'm touching\n\n[Verse 1 - Big Zuu]\nI don' care 'bout the ting they supposedly clutchin (no, no)\nWhat about your balance it ain't got much in (ah)\nFall off, fall off, little pipsqueak munchkin\nT-T-Talking rubbish you ain't dumping\nMana put her to sleep and start slumping (slap slap slap)\nB-I-G I'll get the place jumping (B-I B-I)\nUse your face like speaker\nWhen I set pace then man feel the thumping (ah)\nStill I chase bread not beef\nCuh deep down mans up to something\nThey wanna hold man down with a lease\nMe I left that there for the outright funding\nThey tryna be stuck in the ends\nTalk about who bunned who and who bunned him (nah)\nWho buns that and who runs this (ah)\nBut worked their whole life and still they ain't got shit (no, no, no)\nDumb kids think mans rich 'cause they got bricks\nThey ain't got nothing to show and that's the plot twist\nFam they need to retire because they lost grip (skrr)\nMan think they're bad but their block's in the posh bit\n(ah, ah, ah, ah)\nMe I just laugh got my stacks from the moshpit (ah)\nI came far from a black box\nBut you still can't measure man's speed though (no)\nAnd no I didn't come up off a crackpot\nBut still I get Ps from a reload (yeah)\n\n[Chorus - Big Zuu]\nThey just wanna talk like they are on things but we know that they ain't on nuttin'\nSo (oohh) if they hate I ain't fussing\nSaid he's on that, I'll brush him\nMan are winning that's the reason that they're cussing\nAbout I'm due to blow man ah been buzzing (been buzzing)\nThe hate on my name comes in the discussion\nBecause my bars bug out their brain, concussion\nMe I'm saying what you're favourite rapper doesn't\nSpit real facts that [we're cushion?], duppy any beat that I'm touching\n\n[Verse 2 - Jme]\nDon't respond to nothin' but action\nIt's on the rules no claxon (trust)\nDon't spit nothing but facts\nAnd manna on top from heat from acts\nOn them stations there, got packed in\nBut us man still on the mad ting (trust)\nJme Integrity got an award for Oscar and I ain't actin'\nBrought up in poverty, so my dream was to afford the best\nThen I got clocked I'm only out the red when I can afford to rest\nGrew up in T, obviously\nWith road mentality\nI had to make sure man's still in these streets (yeah)\nSo on the mic man's killing these beats (woo)\nSee man's face man's winning big T\nOn all the best tunes man's winning with feasts (trust)\nMy vocals teetotal, these man are out here raving killing with cheese\nMan are gassing up their Insta story\nI pretend like shit's hunky-dory\nThey're still living at home with nothing to show by the time they get to forty\nMan are still lying to the youth, so I'ma give you nuttin' but truth\nWhether you play by the rules or stay on road t\nThere ain't no easy route (trust)\nThey all have a price to pay\nI know it sounds mad when I say if you reach success\nEnd up in jail, or in a grave, you learnt the hard way\n\n[Chorus - Big Zuu]\nThey just wanna talk like they are on things but we know that they ain't on nuttin'\nSo (oohh) if they hate I ain't fussing\nSaid he's on that, I'll brush him\nMan are winning that's the reason that they're cussing\nAbout I'm due to blow manna been buzzing\nThe hate on my name comes in the discussion\nBecause my bars bug out their brain, concussion\nMe I'm saying what you're favourite rapper doesn't\nSpit real facts that [?], duppy any beat that I'm touching", "image": "https://images.genius.com/a637aee9bf4aade7cd44caa29b2e9bf7.1000x1000x1.jpg"}], "artist": "Big Zuu"}