{"songs": [{"title": "Lullaby", "album": "Home Is Where the Art Is", "year": "2018-09-21", "lyrics": "[Chorus: Tom Misch]\nLullaby\nI hope you see me standing on the other side\nLullaby\nColours seem seep away\nRun and hide\n\n[Verse 1: Barney Artist]\nI\u2019ve been sleeping just to see you I\u2019m hoping you\u2019re still around\nSlumberin\u2019 the summer rain holdin\u2019 out for a cloud, ya know\nVivid visions have got me up in the Alps, weh\nHold me closer I wanna feel in your blouse, I ain\u2019t lyin\u2019\nWe\u2019ve been ridin\u2019\nOn the back of the stars looking for islands\nYeah, I picked up these cards hopin\u2019 you\u2019d find \u2018em\nThere\u2019s still a mirage, hopin\u2019 you find it\n\n[Chorus: Tom Misch]\nLullaby\nHope you see me standing on the other side, mmm\nLullaby\nColours seem seep away\nRun and hide\n\n[Verse 2: Barney Artist]\nYo, uh\nThe sun is in the rain\nPoems in my brain\nConversation move this dream while keeping me well awake\nI\u2019ve been seeing you again\nVivid all the same\nNow I\u2019m sinking in your melanin, clutching onto your frame\nI ain\u2019t letting go ever\nAnd then we hold tight\nAnd let our souls find us\nLucid dreaming was something I never felt\nUntil I fell in love with this girl\u2026 well\n\n[Speaking sample]\nI tie bows with the rain\nI sign love notes with your gaze\nI hold you in a love lock, with no key\nYou close your eyes, so that we can be free\nThese clouds are slides in this playground\nWe play hide and seek \u2018til the sun lays down\n\n[Chorus: Tom Misch x2]\nLullaby\nI hope you see me standing on the other side\nLullaby\nColours seem seep away\nRun and hide\n\n[Outro: Barney Artist]\nYeah\nOverloaded poems in my mind\nFill up all the spirit with the light\nEvery time I\u2019m with you is divine\nSleeping just to see you all the time\nOverloaded poems in my mind\nFilling up my spirit with the light\nEvery time I\u2019m with you is divine\nSleeping just to see you one more time", "image": "https://images.genius.com/84b9df63d27a9ce4c487817e9b1e97d5.1000x1000x1.jpg"}], "artist": "Barney Artist"}