{"songs": [{"title": "Baby, I\u2019m Back", "album": "Super Saucy", "year": "2004-06-29", "lyrics": "[Intro: Akon] + (Baby Bash)\nOooh... Yeah\nAnd anything that you wanna do, I'll do it\n(Tell me what the word is, already) {*4X*}\nBaby\n\n[Hook: Akon]\nDon't look no further\nBaby I'm back (yeah)\nI'm here to cater to you\nAnything that you want me to, I'll do it\nCause I'll be your lover\nI'll be your best, friend\nTell me what I gotta do\nTell me what I gotta do and I'll do it (Do, for you)\n\n[Baby Bash]\nNow I'm back in the flesh, feelin' so blessed\nBack in your corner, Suga Suga, don't stress\nForget about the rest, let's go inside\nI'm back in your zone, baby, back in your vibe\nNow I can't be denied, I can't lie, I'm on ya\nAnd never, ever wanna say \"Sayonara\"\nSomebody told me that the grass was greener\nOn the other side, andele, ariba\nNever really intended on being a cheater\nWhat I gotta do to be your keeper?\nThese words comin' out the speaker\nTrill love is off the meter\n\n[Hook]\n\n[Baby Bash] + (Akon)\nI was gone for a minute, but now I'm home\nPlease forgive me for being a Rolling Stone\nPlease forgive me, let me polish it up, like chrome\nGet off the phone, tell 'em squares to leave you alone\nLet me spark your interest\nNow there's no more dating on the internet\nCause you already know how I get it wet\nHow I keep it softly and I get respect\nYou don't have to look no further (No)\nYou dealin' with the whole enchilada (Yeah)\nYou don't have to look no further (No)\nYou hotter than a fire starter (Yeah)\n\n[Hook]\n\n[Baby Bash] + (Akon)\nI was gone for a minute (Oh) {*4X*}\nNow I'm back, let me hit it (Oh) {*4X*}\n\n[Hook] - 2X", "image": "https://images.genius.com/3bbeca42281816def7889910eb5416f9.220x220x1.jpg"}], "artist": "Baby Bash"}