{"songs": [{"title": "I Dont Care", "album": "A Family Portrait", "year": "2017-09-01", "lyrics": "Sweet\n\nOh, so this guy named Mikey\nHe tells me, Will, you're not gonna get to far unless you learn your musical theory\nYou're Bill Evans, you're Charlie Parker\n\"Peter Parker? I know Spiderman\", I said\nHe shook his head at the gig and said, play the chords\nAnd I was like \"the what? All I know is numbers\nTwo plus two is four, three plus three is six\nOh what? Oh you learned something about that?\"\n\nSo yeah, he kept pushing me, push, push, push\nLike a push pop, I love push pops, I love lollies\nBut seriously, I'm not gonna learn that stuff I have no idea what i'm doing because\n\n(I don't care)\nBecause I don't care\n(I don't care)\nYou can tell me to go to Monash, but\n(I don't care)\nYou should probably go to VCA world, Box Hill\n(I don't care)\nLearn your theory, I don't want to\n\nHow dare that Billy Davis do music\nAnd not learn how to read or know what chords are\nTrue, yeah\n\nAnyway, I just kept chugging along\nAnd I got the opportunity, um, to play\nOther people's' songs\nMultiple times a week\nNo thanks, like thats cool, but\nI've done a bit of writing and all that stuff and I thought\nLike maybe I could take my writing and produce\nAnd make my own music\n\nWhat do you mean that's not cool?\n(I don't care)\nSo, it's better to play other people's songs?\n(I don't care)\nBut I d-d-d-d-d-don't care\n(I don't care)\nPractise is always fun, but come on\n(I don't care)", "image": "https://images.genius.com/9a625603b82d91376325580130f421f2.268x268x1.jpg"}], "artist": "Billy Davis"}