{"songs": [{"title": "Whasgood?!", "album": "Whasgood?!", "year": "2018-06-08", "lyrics": "[Verse 1: jay.]\nRaw, live, direct from the dome\nIt\u2019s the funk master blast ya with ridiculous tone\nWe set the rhythm, the groove, with nu\u2019n to lose\nBox\u2019s all up in your face hit like dominick cruz\nWe brought the juice, the food to get ya system improved\nTo get ya head bop, that head bop what I try to induce\nWhen I mix up, consume, leave the crowd with amazement\nOnce they sync to my frequency like radio station\nCause the flow is fire, style is gifted as shown\nOnce it\u2019s delivered, see you shiver from ya flesh to the bone\nLeave the speaker\u2019s status blown when I get on that microphone\nWith \u2018em rhymes in my pocket I pop it, I rock it, I own\nYa energy, energy, all i need to get you what you need\nEvery, every, enemy, turned to friend for I proceed\nYou dig it, you feel it, right? Which was the intention\nHey, thanks for being subject to my latest invention\n\n[Chorus: will.]\nCruising all night long\nGet things off my mind\nAll I ever wanted was\nGood life, good love\nCan\u2019t get things off my mind\nAnd all I ever wanted was\n\n[Verse 2: jay.]\nGimme a break (Give him a break)\nI gots to go and get it, no debate (No debate)\nAll this trouble on my mind, I gotta shake it (Shake it)\nKick it out my dome and get to playing (Playaa!)\nPush the gas, the gas, rev the engine, make it blast\nBetter get my ass to class, make it fast cuz\u2019 I\u2019m tryna pass and twist\nEvery single plot, on every single shot\nExceed them expectations as expected round the clock\n\n[Verse 3: will.]\nThat\u2019s why I ain\u2019t pushing no breaks\nUntil this shit breaks me\nUntil all hell breaks loose and\nThey ask me: \u2018What\u2019s good?\u2019\nImma tell \u2018em: \"All good, still at it\nWorking on myself like an ill medic\nStill headed to the top with the top off\nNeed a Cadillac \u2018for I can take some time off\"\n\n[Chorus: will.]\nCruising all night long\nGet things off my mind\nAll I ever wanted was\nGood life, good love\nCan\u2019t get things off my mind\nAnd all I ever wanted was\n\n[Guitar solo]\n\n[Chorus: will.]\nCruising all night long\nGet things off my mind\nAll I ever wanted was\nGood life, good love\nCan\u2019t get things off my mind\nAnd all I ever wanted was", "image": "https://images.genius.com/1418a1042b5b250e97609a71599a087b.1000x1000x1.jpg"}], "artist": "Blackwave."}