{"songs": [{"title": "Communication", "album": "Platinum Fire", "year": "2018-03-09", "lyrics": "[Pre-Hook: Arin Ray]\nWon't lie I'm still trying to get through\nBut you're still my love, love, love\nIn time we'll be fine don't confuse\n'Cause you're still my love, love, love\n\n[Hook: Arin Ray]\nYou're still my love\nI thought you knew better\nI thought you knew better\nI thought you knew better\nI thought you knew better\nYou're still my love\nI thought you knew better\nI thought you knew better\nI thought you knew better\nI thought you knew better\n\n[Verse 1: Arin Ray]\nI know better\nKnow better than to leave her\nThen trusting in the team\nNo trusting in me\nI know better\nKnow better than to cheat\nYou deserve the best from me\nI know I'll always take the lead\nI love your taste\nI love your wild\nI love your confidence\nAnd in return I know you need an honest man?\nAnd all the moments that we spend are just so hard to match\nYou got me so bad\nWant you so bad\n\n[Pre-Hook: Arin Ray]\nWon't lie I'm still trying to get through\nBut you're still my love, love, love\nIn time we'll be fine don't confuse\n'Cause you're still my love, love, love\n\n[Hook: Arin Ray]\nYou're still my love\nI thought you knew better\nI thought you knew better\nI thought you knew better\nI thought you knew better\nYou're still my love\nI thought you knew better\nI thought you knew better\nI thought you knew better\nI thought you knew better\n\n[Verse 2: DRAM]\nI could lay roses at your feet\nSo only morning dew is what is on your shoes\n(But I want you to want me too)\nAnd I come over a little slowly\nSlower than you do or so you know I'm cool\n(But I want you to want me too)\nAnd I could perform hat tricks to make sure magic happens for you\n(But I want you to want me too)\nAnd I'ma fuck you with passion\nJust to make it climactic for you\n(But I want you to want me too)\n\n[Pre-Hook: Arin Ray]\nWon't lie I'm still trying to get through\nBut you're still my love, love, love\nIn time we'll be fine don't confuse\n'Cause you're still my love, love, love\n\n[Hook: Arin Ray]\nYou're still my love\nI thought you knew better\nI thought you knew better\nI thought you knew better\nI thought you knew better\nYou're still my love\nI thought you knew better\nI thought you knew better\nI thought you knew better\nI thought you knew better", "image": "https://images.genius.com/a40de415a3fb750e6edd890b82b86d0f.600x600x1.png"}], "artist": "Arin Ray"}