{"songs": [{"title": "MY BED", "album": "DROPPED OUTTA COLLEGE", "year": "2019-11-22", "lyrics": "[Intro]\nYou wanna play, I'm not with the games, so don't even try, yeah\nHit up my\u2005phone,\u2005leave me alone,\u2005get out of my head\nYou was\u2005tryna break my heart, that's what they all said\nSwear that you ain't been the same since you left my bed\n\n[Chorus]\nYou wanna play, I'm not with the games, so don't even try, yeah\nHit up my phone, leave me alone, get out of my head\nYou was tryna break my heart, that's what they all said\nSwear that you ain't been the same since you left my bed, hey\n\n[Verse]\nYou been actin' different, baby (Uh)\nWhat you been sippin' on? 'Cause that don't look like Lipton, baby (No)\nI wanna take you back, you know that you could get it, baby (Yeah)\nBut you keep sayin' that you done and that you fucking hate me (Woah), you really drive me crazy\nI just wanna know, do you even wanna be mine?\nUp at three AM, girl, what happened to your bedtime?\nYou was all on my mind, thought I was the right guy\nLost her to the night light, guess she wasn't my type\n\n[Chorus]\nYou wanna play, I'm not with the games, so don't even try, yeah\nHit up my phone, leave me alone, get out of my head\nYou was tryna break my heart, that's what they all said\nSwear that you ain't been the same since you left my bed\nYou wanna play, I'm not with the games, so don't even try, yeah (No)\nHit up my phone, leave me alone, get out of my head (My head)\nYou was tryna break my heart, that's what they all said (All said)\nSwear that you ain't been the same since you left my bed (My bed)\nYou wanna play, I'm not with the games, so don't even try, yeah (No)\nHit up my phone, leave me alone, get out of my head (My head)\nYou was tryna break my heart, that's what they all said (All said)\nSwear that you ain't been the same since you left my bed", "image": "https://images.genius.com/924b494d7ea32ee03e4a815caea4be65.1000x1000x1.png"}], "artist": "24kGoldn"}