{"songs": [{"title": "Big Man Ting", "album": null, "year": "2017-10-02", "lyrics": "[Chorus: Ayo Beatz]\nYo big man ting, boy can't chat i'm on a big man ting\nMake a boy fall back I'm on a big man ting\nSpin a mans cap on a big man ting\nYo big man ting, boy can't chat i'm on a big man ting\nMake a boy fall back I'm on a big man ting\nSpin a mans cap on a big man ting\n\n[Verse 1: Ayo Beatz]\nYo check out the [?] gang\nCaptain me na hava were armband\nBig chain swinging on me like tarzan\nTryna see twenty racks up a [?]\nMan on a grow go ting\nWe get gyal you don't know no tings\nTeam full of stunters no stone cold ting\nCah we pull in cop no robo ting\nRoadrunner flow gutter\nDo it for the whole summer the rolls [?]\nI ain't got to lift up an am my bro [?]\nThat's when them bruddas wanna [?] on us\nLikkle man know if you [?]\nYou could get hit with the toast no butter\nI just wanna cop a lambo or humma\nWith a peng ting with a big bloodclart bumper\n\n[Chorus: Ayo Beatz]\nYo big man ting, boy can't chat i'm on a big man ting\nMake a boy fall back I'm on a big man ting\nSpin a mans cap on a big man ting\nYo big man ting, boy can't chat i'm on a big man ting\nMake a boy fall back I'm on a big man ting\nSpin a mans cap on a big man ting\n\n[Verse 2: Ayo Beatz]\nAlways on point never have a felon\nI just get a [?] in the [?] then I [?]\nAlways keep something in the pot like jollof\nBig man ting likkle man can't tell off\nAnd I know big dargs I ain't talking wellard\nBlack ting [?] white ting said [?]\nI be on the grizzy for the lizzy tell him well off\nYeah were gonna rain better get an umbrella-ella\nThe war is on I calm the storm\nI stop the armoured charm with [?]\nRolling in an armoured car the R and R\nI don't mean joey I give you the [?]\nThem bruddas making me laugh hardy har\nCan't go bar for bar I'm harder darg\nThey talk greeze but talk to officers\nSend them round with the ting that's karma darg\n\n[Chorus: Ayo Beatz ]\nYo big man ting, boy can't chat i'm on a big man ting\nMake a boy fall back I'm on a big man ting\nSpin a mans cap on a big man ting\nYo big man ting, boy can't chat i'm on a big man ting\nMake a boy fall back I'm on a big man ting\nSpin a mans cap on a big man ting\n\n[Verse 3: Ratlin]\n[?] Hustle on the road but you live in the jungle\n[?] Hustle on the road but you live in the jungle\nI said the gyaldem said they wanna know cause we getting abundance\nI said the boydem say they wanna make a man sit in a dungeon\nYeah but manna on a-\n\n[Chorus: Ayo Beatz ]\nYo big man ting, boy can't chat i'm on a big man ting\nMake a boy fall back I'm on a big man ting\nSpin a mans cap on a big man ting\nYo big man ting, boy can't chat i'm on a big man ting\nMake a boy fall back I'm on a big man ting\nSpin a mans cap on a big man ting", "image": "https://images.genius.com/82669909ba6944172215d08f1792733a.500x500x1.jpg"}], "artist": "Ayo Beatz"}