{"songs": [{"title": "\u200bbloodstains", "album": "100 gecs - EP", "year": "2016-07-15", "lyrics": "[Verse 1]\nI'm just staring at my empty cans that sprawl across my floor\nI'm smoking dope in empty cans I got from corner stores\nThere's broken glass from broken pieces lying in my sink\nI'll wash them down with water getting harder ending blinks\nI'll hang with this old feeling, treat it like another friend\nWe'll sit and watch some YouTube videos, we're staying in\nWe'll feed a doggo playing looking good with new veneer\nThen end the night in covers whisper nothings in my ear\n\n[Pre-Chorus]\nDon't say it's personal\n'Cause I'm fine I can do anything\nI don't need you\nI don't need you\n\n[Chorus]\nI've got bloodstains in my bathtub, I've got vomit on my floor\nI've got Popov in my vomit, smell it as I leave my door\nI've got three cans of Four Loko just to go and see your face\nGoing through it every weekend just to Steven leave my place\n\n[Verse 2]\nIt's really just a doggo feeling shy about their teeth\nI'm walking feeling fall, I might just catch a falling leaf\nI'll catch it in my mouth and I'll refuse to tear it up\nI'll take it home and put it on my table in a cup\nI notice it looks good, sitting with all this empty shit\nI'll clean just a little, just to show it to my friend\nI'll notice that they're leaving, but they leave their bags unpacked\nThey say it's nothing major and they promise to be back\n\n[Pre-Chorus]\nDon't say it's personal\n'Cause I'm fine I can do anything\nI don't need you\nI don't need you\n\n[Chorus]\nI've got bloodstains in my bathtub, I've got vomit on my floor\nI've got Popov in my vomit, smell it as I leave my door\nI've got three cans of Four Loko just to go and see your face\nGoing through it every weekend just to Steven leave my place", "image": "https://images.genius.com/c6c21614e155a1ab1c0746914dd4d889.500x500x1.jpg"}], "artist": "100 gecs"}