{"songs": [{"title": "Leave It All", "album": "Bikes Are Bikes ", "year": "2019-08-09", "lyrics": "[Verse 1]\nConnection close I'm seeing you for miles\nLate-night talks on the phone hearing you out\nSaying that your job is tough holding you down\nHours of encouragement but you're leaving it now uh\nDream talks on the regs\nTold you how I believed in everything that you did\nSpoke about your family, how you're feeling neglect\nHow your mum damaged you now you're feeling the stress\nYes\u201a pretty clear how I thought I was\nTripped in emotions how I fell in love\nSay that you struggle being intimate\nCause the last guy touched you now you feel corrupt uh\nYou said Barn baby give me some time\nTears roll down your cheek now I'm feeling obliged right\nGod I ain't figured it out\nBut I know that I'm thinking aloud so let me shout uh\n\n[Chorus: Barney Artist & Naomi Scarlett]\nLeave it all\u201a leave it all\nYeah\u201a I wonder if I leave you alone\nGot me from the start baby seeing your gold\nFunny how my heart is becoming your home go\nLeave it all, leave it all\nYeah, I wonder if I leave you alone\nGot me from the start baby seeing your gold\nFunny how my heart is becoming your home go\n\n[Verse 2]\nAnother year gone by\u201a still I'm here no lie\nI been 'round your friends I've fulfilled those ties\nCan you see my works\nTryna heal those vibes\nYou said how I'm cute should I read those lines\nOr in-between baby in-between\nConfused by your words or what they mean?\nNot introvert but I lose my speech when you said to wait I copped a seat uh\n\n[Bridge]\nPatience\nYou say\nI ain't wrong to feel this way\nHear the song and feel the same\nAnswer calls and hear the pain\nPatience\nYou say\nI ain't wrong to feel this way\nHear this song and feel the same\nUntil your friend said that you've got a boyfriend... shame\n\n[Chorus: Barney Artist & Naomi Scarlett]\nLeave it all, leave it all\nYeah, I wonder if I leave you alone\nGot me from the start baby seeing your gold\nFunny how my heart is becoming your home go\nLeave it all\u201a leave it all\nYeah, yeah, yeah uh I wonder if I leave you alone\nGot me from the start baby seeing your gold\nFunny how my heart is becoming your home go\nLeave it all, leave it all\nLeave it all, leave it all", "image": "https://images.genius.com/9bb99302a01f9daf0ec2c12ca5fd3cdc.700x700x1.jpg"}], "artist": "Barney Artist"}