{"songs": [{"title": "Electric Relaxation", "album": "Midnight Marauders", "year": "1993-11-09", "lyrics": "[Produced by A Tribe Called Quest]\n\n[Hook]\nRelax yourself girl, please set-tle down\nRelax yourself girl, please set-tle down\nRelax yourself girl, please set-tle down\nRelax yourself girl, please set-tle down\n\n[Verse 1: Q-Tip]\nHoney, check it out, you got me mesmerized\nWith your black hair and your fat-ass thighs\nStreet poetry is my everyday\nBut yo, I gotta stop when you trot my way\nIf I was working at the club you would not pay\nAyo, my man Phife Diggy, he got something to say\n\n[Verse 2: Phife Dawg]\nI like 'em brown, yellow, Puerto Rican or Haitian\nName is Phife Dawg from the Zulu Nation\nTold you in the jam that we can get down\nNow let's knock the boots like the group H-Town\nYou got BBD all on your bedroom wall\nBut I'm above the rim and this is how I ball\nA gritty little something on the New York street\nThis is how I represent over this here beat\nTalking 'bout you\n\n[Verse 3: Q-Tip]\nYo, I took you out\nBut sex was on my mind for the whole damn route\nMy mind was in a frenzy and a horny state\nBut I couldn't drop dimes 'cause you couldn't relate\n\n[Hook]\nRelax yourself girl, please set-tle down (you couldn't relate)\nRelax yourself girl, please set-tle down (you couldn't relate)\nRelax yourself girl, please set-tle down\nRelax yourself girl, please set-tle down\n\n[Verse 4: Q-Tip]\nStretch out your legs, let me make you bawl\nDrive you insane, drive you up the wall\nStaring at your dome-piece, very strong\nStronger than pride, stronger than Teflon\nTake you on the ave and you buy me links\nNow I wanna pound the poontang until it stinks\nYou can be my mama and I'll be your boy\n\n[Verse 5: Phife Dawg]\nOriginal rude boy, never am I coy\nYou can be a shorty in my ill convoy\nNot to come across as a thug or a hood\nBut hon, you got the goods, like Madelyne Woods\nBy the way, my name's Malik\nThe Five-Foot Freak\nLet's say we get together by the end of the week\nShe simply said, \"No\", labelled me a ho\nI said, \"How you figure?\" \"My friends told me so\"\nI hate when silly groupies wanna run they yap\nWord to God, hon, I don't get down like that\n\n[Verse 6: Q-Tip]\nI'll have you weak in the knees that you could hardly speak\nOr we could do like Uncle L and swing an ep in my jeep\nKeep it on the down, yo, we keep it discreet\nSee, I'm not the type of kid to have my biz in the streets\n\n[Verse 7: Phife Dawg]\nIf my mom don't approve, then I'll just elope\nLet me save the little man from inside the boat\nLet me hit it from the back, girl I won't catch a hernia\nBust off on your couch, now you got Seaman's Furniture\n\n[Verse 8: Q-Tip]\nShaheed, Phife and the Extra P\nStacy Beadle, PJ and my man L.G\nThey know the Abstract is really soul on ice\nThe character is of men, never ever of mice\nShorty let me tell you about my only vice\nIt has to do with lots of loving and it ain't nothing nice\n\n[Hook]\nRelax yourself girl, please set-tle down (it ain't nothing nice)\nRelax yourself girl, please set-tle down (it ain't nothing nice)\nRelax yourself girl, please set-tle down\nRelax yourself girl, please set-tle down\n\n[Outro]\nKeep bouncing", "image": "https://images.genius.com/fee035239c8e59350a375102f9ff1432.600x600x1.jpg"}], "artist": "A Tribe Called Quest"}