{"songs": [{"title": "Calm Down", "album": "Bikes Are Bikes ", "year": "2019-08-09", "lyrics": "(Verse 1)\nYou said that you don\u2019t know man still\nWay that you rolled in like a\u2005gold\u2005wheel\nFlames are evolving\u2005let me hold still\nHolding your waist\u2005while you notice my skills\nGirl wanna mess with A G\nG check anybody wanna mess with the team\nTeam bless\nAin\u2019t gonna flex in a scene\nThe real is back babe let me save you a seat\n\n(Chorus)\nOh\nLet me calm down\nBuss a skank let me get your guard down\nFelt the bassline in the bar now\nArch your back baby put your glass down\nLet me calm down\nBuss a skank let me get your guard down\nFelt the bassline in the bar now\nArch your back let me put your glass down\n\n(Verse 2)\nMandem say that they like your boat\nRain in the club let me find a float\nWaves in my brain let me try and coast\nSame with my heart babe let me hide the vault\nNight night babe\nHigh life when I\u2019m on a hype now babe\nSidelined everytime I write now babe\nSo I\u2019m hiding my heart till you find that page\nPages will turn when you\u2019re in the them\nPages will burn like they\u2019re incense\nFragrance of her in my system\nAble to firm what I\u2019m drinking\nSlurring her words in my ear\nSo I\u2019m holding her close so she\u2019s knows that I\u2019m near\nShe\u2019s younger than me\nDutch girl so she moves older you see\n\n(Chorus)\nOh\nLet me calm down\nBuss a skank let me get your guard down\nFelt the bassline in the bar now\nArch your back baby put your glass down\nLet me calm down\nBuss a skank let me get your guard down\nFelt the bassline in the bar now\nArch your back let me put your glass down\n\n(Verse 3)\nThis place feels weird\nStuck in a maze\nWith a map full of tears\nGaze in my face as I\u2019m facing my fears\nTambourine is the way I been shaking for years\nDrunk yet I\u2019m feeling sober\nShots ain\u2019t enough to fulfil the closure\nRammed in this club yet I\u2019m still a loner\nGirl that I\u2019m with wants to lips to soca\nI ain\u2019t gonna front when she stepped in\nI was in love with the way she was dressing\nI was infatuated no messing\nThen I realised that she looked like my Ex and damn\nThat\u2019s why liked I liked her\nThat\u2019s why I wanted to wife ya\nThat\u2019s why I\u2019m dancing now\nBut thinking I\u2019m of you in this club in south\n\n(Chorus X2)\nOh\nLet me calm down\nBuss a skank let me get your guard down\nFelt the bassline in the bar now\nArch your back baby put your glass down\nLet me calm down\nBuss a skank let me get your guard down\nFelt the bassline in the bar now\nArch your back let me put your glass down", "image": "https://images.genius.com/9bb99302a01f9daf0ec2c12ca5fd3cdc.700x700x1.jpg"}], "artist": "Barney Artist"}