{"songs": [{"title": "ROXANNE", "album": null, "year": "2019-10-10", "lyrics": "[Intro]\nAll for the 'Gram\nBitches love the 'Gram\nOh wait shit\nBrr, brr (Ayy, yeah, yeah, yeah, ayy)\nBrr,\u2005brr,\u2005brr, ayy\nSkrr skrr\nNinety\u2005four don't need no brakes, nah\n\n[Chorus]\nRoxanne,\u2005Roxanne\nAll she wanna do is party all night\nGod damn, Roxanne\nNever gonna love me but it's alright\nShe think I'm a asshole\nShe think I'm a player\nShe keep running back though\nOnly 'cause I pay up\nRoxanne, Roxanne\nAll she wanna do is party all night\n\n[Verse 1]\nMet her at a party in the hills, yeah\nShe just wanna do it for the thrill, yeah\nShorty drive a poodle with no top (Top, top, top)\nBut if I throw this money, she gon' drop, ayy\nShe don't wait in lines if it's too long\nShe don't drive the whip unless the roof off\nOnly want to call when the cash out\nOnly take the pic when her ass out\n\n[Bridge]\nShe from Malibu, uh, Malibu\nIf you ain't gotta foreign, then she laugh at you, uh\nMalibu, Malibu\nSpending daddy's money with an attitude\n\n[Chorus]\nRoxanne (Roxanne), Roxanne (Roxanne)\nAll she wanna do is party all night\nGod damn (God damn), Roxanne (Roxanne)\nNever gonna love me but it's alright\nShe think I'm a asshole\nShe think I'm a player\nShe keep running back though\nOnly 'cause I pay up\nRoxanne (Roxanne), Roxanne (Roxanne)\nAll she wanna do is party all night\n\n[Interlude]\nI just wanna have fun!\n\n[Verse 2]\nIn LA, yeah\nGot no brakes, yeah\nLiving fast, Ricky Bobby shake and bake, yeah\nSee the chain? Yeah\nIssa lake, yeah\nSwipe the Chase, ooh\nNow she wanna date, yeah\nStraight to Nobu\nOn the coast, ooh\nShorty only like cocaine and Whole Foods\nYeah\nSnappin' all up on the 'Gram, ass going crazy\nNow she wanna fuck me in the foreign, goin' 80\n\n[Bridge]\nUp in Malibu, uh, Malibu\nIf you ain't gotta foreign, then she laugh at you, uh\nMalibu, Malibu\nSpending daddy's money with an attitude\n\n[Chorus]\nRoxanne (Roxanne), Roxanne (Roxanne)\nAll she wanna do is party all night (All night, yeah)\nGod damn (God damn), Roxanne (Roxanne)\nNever gonna love me but it's alright (Alright, yeah)\nShe think I'm a asshole\nShe think I'm a player\nShe keep running back though\nOnly 'cause I pay up\nRoxanne (Roxanne), Roxanne (Roxanne)\nAll she wanna do is party all night", "image": "https://images.genius.com/b01fecace8b0e5c1eb93cb519fc79bfb.500x500x1.jpg"}], "artist": "Arizona Zervas"}