{"songs": [{"title": "Money on the Road", "album": "The Mixtape: Episode 1", "year": "2017-03-24", "lyrics": "[Intro: TG Millian & Naira Marley]\nI get money on the road\nGet money in the trap and\nGet money on the roads, get money cos my line bang\nPolice come yeah we're still trapping\nI'm on my job of department\nI get money on the road\nGet money on the road\nGet money on the road\nGet money in the trap and\n\n[Chorus: TG Millian]\nI get money on the road\nGet money in the trap and\nPolice on man, we're still banging\nShe said the Ha-r-lem flow is a mad ting\nCannabis in the spliff mad ting\nPolice on man, we're still trapping\nSkrr-skrr, drop top car\nI dabble in the kitchen with the magic\nCaramel brown she attractive\nI get money on the road, in the trap and\nPolice on man we're still banging\nShe said the Harlem flow is a mad ting\nCannabis in the spliff mad ting\nPolice on man, we're still trapping\nSkrr-skrr, drop top car\nI dabble in the kitchen with the magic\nCaramel brown she attractive\n\n[Verse 1: TG Millian]\nI dabble in the kitchen with the magic\nEspa\u00f1ol, link my plug he's Spanish\nWanna ride with gang, yeah we active\nYou on ride with your gang and you panic\nSitting in the trap with some addicts\nNow I got me some bands, she attracted\nI never had nobody but the gangdem\nI'm a big bro, so I have them\nGG, Bis, that's Sparta\nSA, Miz, that's Sparta\nLoski Loose, JoJo too\nMyself, TG, I'm Spartan\nKennington crew with the armour\nI'm with Blancs, no blanks with a Beretta\nSplash, ching, mad ting, Max Mad, match\nDraw for the sword\n\n[Verse 2: Naira Marley]\nI get money on the roads\nGet money coz my line bangs\nPolice come, yeah we're still trapping\nShe said the NM flow is the mad ting\nI'm on my job of departmant\nPolice come yeah we're still trapping\nSkrr-skrr, jump out nab man\nI caught the boy lacking by the traffic\nBack out my ting, get active\nHow can I beef dem guys, dey jump out assaulting the parked up car?\nHow can you rate them guys they ride out to becah people's house?\nCaught that nigga at a red light\nGod damn it man, he should\u2019ve locked his car\nThen it's neck shot, chest shot, head shot (What?)\nHow the fuck did he survive (Sket)\nThe four fizzy make you do me dance\nBut they saying that we hooligans\nYour girlfriend wann' chill with gang\n.38 in my jack-pocket and I'll let it bang\nGiving me verbals, they see me they run\nNo drive-by, we walk up, we shoot you and run\nI'm getting this money, wan' go get you some yeah\nTool on the block, yeah don't get it wrong yeah\n\n[Chorus: TG Millian]\nI get money on the road\nGet money in the trap and\nPolice on man we're still banging\nShe said the Ha-r-lem flow is a mad ting\nCannabis in the spliff mad ting\nPolice on man we're still trapping\nSkrr-skrr, drop top car\nI dabble in the kitchen with the magic\nCaramel brown she attractive\nI get money on the road, in the trap and\nPolice on man we're still banging\nShe said the Harlem flow is a mad ting\nCannabis in the spliff mad ting\nPolice on man we're still trapping\nSkrr-skrr, drop top car\nI dabble in the kitchen with the magic\nCaramel brown she attractive\n\n[Verse 3: Blanco]\nNow all these other rappers tryna pattern\nWe the Outkast, Ms. Jackson\nThe Xman, I was mad Hugh Jackman\nA friend to D took it twice like aspirin\nCrawled out there tag team like you'd back him\nMy toes in the street\nWe assault on the street, stolen whips like on GTA (Dingers)\nBro cooks like Narcos Pablo now the Jakes on me like the DEA\nI need a brown one a PTA\nYour my friend man ya mean got a yo SA\nPull up made the driver stay\nNo shank tryna wrestle come on TNA\nHS in my DNA\nOn the ride, in the ride no one DVA\nClothes off, off your B-R-A\nLight brown, back round ey yo geo L-A\nJoJo kway in the S-E-A\nTrap more green bud looking PEA\n(I get money on the roads get money in the)\nMore cunch you get DEAO\n(Money on the roads get money in the)\nEnds with a pack tryna CE May\n\n[Chorus: TG Millian]\nI get money on the road\nGet money in the trap and\nPolice on man we're still banging\nShe said the Ha-r-lem flow is a mad ting\nCannabis in the spliff mad ting\nPolice on man we're still trapping\nSkr skr, drop top car\nI dabble in the kitchen with the magic\nCaramel brown she attractive\nI get money on the road, in the trap and\nPolice on man we're still banging\nShe said the Harlem flow is a mad ting\nCannabis in the spliff mad ting\nPolice on man we're still trapping\nSkr skr, drop top car\nI dabble in the kitchen with the magic\nCaramel brown she attractive", "image": "https://images.genius.com/5d3c31834ca7ad852372d3ac35fa8852.300x300x1.jpg"}], "artist": "Harlem Spartans"}