{"songs": [{"title": "Who Came Up Missin", "album": "Platinum Fire", "year": "2018-03-09", "lyrics": "[Chorus: Arin Ray]\nWho came up missin\u2019?\nI know who didn\u2019t (I think it was me)\nYou heard about it\nI wouldn\u2019t doubt it (Ooh, i don\u2019t want her)\n\n[Bridge]\nLet\u2019s groove to the beat of our hearts\nEven though they could tell on you (Follow me)\nOnly have it be us\nAnd touch\nIn love\n(In love)\n\n[Chorus: Arin Ray]\nWho came up missin\u2019?\nI know who didn\u2019t\nI heard about it\nI wouldn\u2019t doubt it\n\n[Outro]\nLet\u2019s groove\nWho came up missin\u2019? (Let\u2019s groove, let\u2019s groove)\nWho came up missin\u2019?\nWho came up missin\u2019?\nWho came up missin\u2019?", "image": "https://images.genius.com/a40de415a3fb750e6edd890b82b86d0f.600x600x1.png"}], "artist": "Arin Ray"}