{"songs": [{"title": "Living Single", "album": "Hip Hop Alternative", "year": "2016-12-17", "lyrics": "[Intro: Big Sean]\nUh-huh, oh, yeah, look\n\n[Verse 1: Big Sean]\nOkay I know what it feel like to be young and single\nYou know the life when your pockets got a bunch of singles\nYou know taking double shots, saying fuck a single\nYou know, hardly getting sleep but it's the fuckin' dream though\nLook, I know what it feel like to think you found the one\nTold mom that so many times that I'm sounding dumb\nCause she started to mix Ashley up with Tanesha\nAnd saying \"Hi Britney\" when I'm on the phone with Lisa\nFuck it, I got some new hoes, I mean some XXX girls\nPussy get wet as an S-Curl\nThen I started thinkin' 'bout my ex-ex-ex girl\nAnd how it was the worst times but she was the best girl\nYou know, good girl, bad time, right place, wrong mind\nGot my mind right, hit her back, brrr, the wrong line\n(The number you dialed has been disconnected)\nMan, but before I started feeling bad\nMy nigga text me like \"I got some hoes, hit me back\"\nFuck it\n\n[Chorus: Jeremih]\nOh I could let you down\nWhen you trip, I'll take you anywhere, I take ya\nWe get ahead, yup, she give me head, damn right\nYou know it ain't right if she ain't by my side\nWith this crazy, crazy world\nThank God I'm with my girl\nWe get ahead, yup, she give me head, damn right\nYou know it ain't right if she ain't by my side\nWith this crazy, crazy world\nThank God I'm with my girl\n\n[Verse 2: Chance The Rapper]\nYou be the momma, you be the daddy\nBaby, we could play house, I'll change your addy\nOr even change my palate and fuck with salad\nPut me in the picture, let's change your avi, oh, oh, oh\nCan't even stunt I was sprung from the jump\nNever got head while flaming up the blunt\nYou were my first, I'm just saying\nMore folks should try it, it's crazy\nFocus, selfish moments, on road, I done have my share\nFlying out of town like baby don't mind my player\nSleepy arguments via texts while I buy my beer\nAnd the air so tired I forget to recline my chair\nPicture you in my head, a souvenir by my legs\nSome scuba gear for the bed, we do it 'cause Simon says\nAin't a single living thing that likes living single\nWe good over here, that's all that we know\n\n[Chorus: Jeremih]\nOh I could let you down\nWhen you trip, I'll take you anywhere, I take ya\nWe get ahead, yup, she give me head, damn right\nYou know it ain't right if she ain't by my side\nWith this crazy, crazy world\nThank God I'm with my girl\nWe get ahead, yup, she give me head, damn right\nYou know it right if she ain't by my side\nWith this crazy, crazy world\nThank God I'm with my girl\n\n[Verse 3: Big Sean]\nTo the one girl guys who claim they don't need more\nLike my nigga Henry, he married at 24\nI'm like why nigga, why?\nYou supposed to be with her longer than your ass been alive?\nHe like, \"ahhh\"\nFuck it, we about to do therapy\nAye, at least when I hit the doctor I'm carefree with no plan b's\nYou probably never got tested and have that type of clarity\nI'd rather live my life with that lifetime guarantee\nBut I'm down to hear the stories about what your hoes do\nIt\u2019s probably more entertaining than me talking about my wife down in Whole Foods\nOr how when I'm with her I feel whole too\nGo on, keep living that life you niggas know you too old too\nFuck it, I started laughing and pretend like I ain't listen\nEven though he on target with everything I've been missing\nThe closest thing I had to that came in at 4 AM and out at 8 for work\nAnd I'm the reason we ain't make it work\nThat's what makes it worse\nDamn\n\n[Chorus: Jeremih]\nOh I could let you down\nWhen you trip, I'll take you anywhere, I take ya\nWe get ahead, yup, she give me head, damn right\nYou know it ain't right if she ain't by my side\nWith this crazy, crazy world\nThank God I'm with my girl\nWe get ahead, yup, she give me head, damn right\nYou know it ain't right if she ain't by my side\nWith this crazy, crazy world\nThank God I'm with my girl", "image": "https://images.genius.com/8cee1ceafea4837521f269f1c19c7c1c.1000x1000x1.jpg"}], "artist": "Big Sean"}