{"songs": [{"title": "Best View", "album": "MANGO", "year": "2016-11-04", "lyrics": "[Intro]\nBecause I've got the best view in the city\nEven the sunset can't compare\n\n[Verse 1]\nI'm not on the top floor\nNo penthouse life for me\nI'm not on the ocean shore\nWith water as far as eyes can see\n\n[Pre-Chorus]\nI'm sittin' here starin' at you\nAnd I'm liking what I see\nI'm sittin' here starin' at you\nAnd there's nothin' I'd rather see, darling\n\n[Chorus]\nBecause I've got the best view in the city\nEven the sunset can't compare\nBecause I've got the best view in the city\nSo forgive me if I stare\n\n[Verse 2]\nI'm not on the Vegas strip\nWith all the lights on the boulevard\nI'm not on the Hollywood strip\nWith famous people and fancy cars\n\n[Pre-Chorus]\nSittin' here right next to you\nAnd there's no place I'd rather be\nI'm sittin' here right next to you\nAnd there is nothin' I'd rather see\n\n[Chorus]\nBecause I've got the best view in the city\nEven the sunset can't compare\nBecause I've got the best view in the city\nSo forgive me if I stare", "image": "https://images.genius.com/0d43f4e494da3c98fe208cf3ac4891d5.730x730x1.jpg"}], "artist": "\u200bbLAck pARty"}