{"songs": [{"title": "Hope", "album": "Negro Swan", "year": "2018-08-24", "lyrics": "[Intro: Devont\u00e9 Hynes]\nFollow that sea\nChase what you know\nCover your weave\nJump in the flow\n\n[Verse 1: Tei Shi & Puff Daddy]\nYo, yeah, yo\nUh, uh, uh\nIs this the way that you want it to end?\nIs this the way that you leave me?\nAlready told you I don't wanna be friends\nWhat's it gonna take for you to believe me?\nIs this the way that you want it to end?\nIs this the way that you leave me?\nIs this the way that you wanna pretend?\nIs this the way that you see me?\n\n[Chorus: Tei Shi & Diddy]\nIs this the way that you, way that you are?\nYeah, bring hope when you come around\nYeah, I still smile when you come around\nIs this the way that you, way that you are?\nYeah, bring hope when you come around\nYeah, I still smile when I come around\nIs this the way that you, way that you are?\nIs this the way that you leave me?\nYo, yo, yeah, bring hope when you come around\nYeah, I still smile when you come around, yeah\n\n[Verse 2: Tei Shi]\nWhat's it like where you are from?\nAre you the star of your town?\nPower up and make it your home\nApparitions of your love\nHave you seen them falling short?\n\n[Chorus: Tei Shi & Diddy]\nIs this the way that you, way that you are?\nYeah, bring hope when you come around\nYeah, I still smile when you come around\nIs this the way that you, way that you are?\nYeah, bring hope when you come around\nYeah, I still smile when you come around\nIs this the way that you, way that you are?\nYeah, bring hope when you come around\nYeah, I still smile when you come around\nYeah, I bring hope, what\nIs this the way that you leave me?\nI bring hope, yeah\nI bring hope, yeah\nI bring hope, yeah\nBring hope when you come around\n\n[Interlude: Puff Daddy & Tei Shi]\nYeah, gee, I don't, sometimes I ask myself, like\nYou know, what is it going to take for me not to be afraid\nTo be loved the way, like, I really wanna be loved?\nBut that I know how I really wanna be loved\nBut I'm, but I'm, like, scared to really, really feel that\nYou know, it's like you want something\nBut you don't know if you can handle it\nI'll love again\nYou are the only one\nYou give me that hope that, um\nI'll love again\nMaybe one day I'll get over my fears and I'll receive\nYou'll be the only one\nYou'll be the only one\n\n[Outro: Devont\u00e9 Hynes & Tei Shi]\nFollow that sea\nChase what you know\nCover your weave\nJump in the flow\nFollow that sea\nChase what you know\nYou'll be the only one\nCover your weave\nJump in the flow", "image": "https://images.genius.com/aad8d9928bbae76247e27513da5d6e6a.1000x1000x1.jpg"}], "artist": "Blood Orange"}