{"songs": [{"title": "Somebody", "album": null, "year": "2019-11-14", "lyrics": "[Intro]\n[Woman talking Spanish]\n\n[Chorus]\nDon't wanna fall but you're still falling\nYou know you gotta come back\nDon't wanna fall but\u2005I'm\u2005still falling\nYou know\u2005I gotta come back\nAll you need's\u2005right here, baby\nTalk is cheap, baby\nBut you can always count on me\nNow you've found that somebody\nOh!\n\n[Verse 1]\nYeah\nIf you come around for the weekend\nDon't hold back on the feeling\nIf you come around, are we dealing?\nFor I don't mind, baby\nIf you don't move away from me\nIf you don't tell somebody\n\n[Chorus]\nDon't wanna fall but you're still falling\nYou know you gotta come back\nDon't wanna fall but I'm still falling\nYou know I gotta come back\nAll you need's right here, baby\nTalk is cheap, baby\nBut you can always count on me\nNow you've found that somebody\nOh!\n\n[Verse 2]\nYou say you wanna come back to me\nWhat you say has never been fair to me\nThese days, it's really been hard to see\nWith you is where I'd rather be\nDon't go, baby girl, don't go\nStay close, baby girl, stay close\nIf you love me, say so\nDon't go\n\n[Chorus]\nDon't wanna fall but you're still falling\nYou know you gotta come back\nDon't wanna fall but I'm still falling\nYou know I gotta come back\nAll you need's right here, baby\nTalk is cheap, baby\nBut you can always count on me\nNow you've found that somebody\nDon't wanna fall but you're still falling\nYou know you gotta come back\nDon't wanna fall but I'm still falling\nYou know I gotta come back\nAll you need's right here, baby\nTalk is cheap, baby\nBut you can always count on me\nNow you've found that somebody\nOh!\n\n[Outro]\n[Woman talking Spanish]", "image": "https://images.genius.com/0f100bd8836fea1f4e4702ea3718f387.1000x1000x1.jpg"}], "artist": "BenjiFlow"}