{"songs": [{"title": "The Game", "album": null, "year": "2019-03-29", "lyrics": "Because it feels good\nBecause your mind feels at ease\nBecause your eyes are locked\nKnowing my smile could kiss yours\nBecause I\u2019m worth all that\nAnd you can see into me\n\u2018Cause we could fall in mmmmm\nBecause there\u2019s nothing to fear\n\nBecause you feel good\nBecause your touch makes me weak\nBecause I love your words\nAnd the way your fingers play\nBecause your voice sings out\nIn more than one key\nBecause the lovin\u2019s mmmm\n\u2018Cause I\u2019m lovin\u2019 you here\n\nLose control stay in the game\nTake your time get in it\u2019s real\nSlow your roll before you\u2019re crumbling\nDown into your own mind\n\nLose control stay in the game\nTake your time get in it\u2019s real\nSlow your roll before you\u2019re crumbling\nDown into your own mind\n\nWhen you saw me, dance up on the stage\nYou took my hand, and you led me astray\nWe lived the kind of lust\nThat took me from me\nGuess it was for none\nSo I\u2019m walking away\n\nLose control stay in the game\nTake your time get in it\u2019s real\nSlow your roll before you\u2019re crumbling\nDown into your own mind\n\nLose control stay in the game\nTake your time get in it\u2019s real\nSlow your roll before you\u2019re crumbling\nDown into your own mind\n\nThat mind keeps running wild\nSo far you\u2019ll get left behind\nJust go, don\u2019t waste my time\nI can\u2019t stay this time\nYour mind keeps running wild\nSo far you\u2019ll get left behind\nJust go, don\u2019t waste my time\nI can not stay this time\n\nYou think you\u2019re so good\nBabe you\u2019re not fooling me\nI need you to unlock\nSeparate you from me\nBecause I\u2019m worth all that\nNow I can so clearly\nThat I am not in love\nSo just leave me be\n\nLose control stay in the game\nTake your time get in it\u2019s real\nSlow your roll before you\u2019re crumbling\nDown into your own mind\n\nLose control stay in the game\nTake your time get in it\u2019s real\nSlow your roll before you\u2019re crumbling\nDown into your own mind\n\nMmmm get out of your mind", "image": "https://images.genius.com/d26f081fb4402caad76e967242fb3075.640x640x1.jpg"}], "artist": "Quench"}