{"songs": [{"title": "Something True", "album": "Home Is Where the Art Is", "year": "2018-09-21", "lyrics": "[Verse 1]\nMy aim's clear when I'm looking in your eyes\nNo words, you know I'm feeling you right?\nThe alter is where we headed tonight\nI prayed for you and then you came in my life\nWait yes did the prayer just work like that?\nClose eyes, hoping that you learn like that\nNo lies and all these bruddas have served you that\nAnd I ain't even tryna front, with this promise I'mma run\nCloser and closer to your dreams\nEndeavour to love you and all things\nAnd pleasure you more than some gold rings\nAnd be with you, provide with the core things\nLife ain\u2019t real when you lie and you kill\nI ain\u2019t tryna be grime, but that heart I'mma steal\nYeah, my girl in this real\nI hope that you vibe that you still ride\n\n[Chorus]\nYeah, yeah, yeah\nI want something, I need something true\nI want something, I need something true, oh\nI want something, I need something true\nI want something, I need some ooh\n\n[Verse 2]\nThis is that wedding night vibe, steady by itself\nGrab you and hold tight, I never been slow right\nFamily around, we\u2019re skanking the whole night\nMarvin Gaye playing, I\u2019m hopin\u2019 you don\u2019t cry\nAnyway, this is like a dream, uh\nFlying, I just found my wings and\nSwam with you in this life and thing\nHeart pounds, and I think I just found my queen\nI ain\u2019t tryna play though fam\nI ain\u2019t tryna bait no scams\nI\u2019m just tryna claim the fact that I will love you right\nI stay close, watch our souls ignite yeah\nBoth hands on your waist while\nWe lock eyes in this moment embrace, I\u2019ll\nNever lie to you, never lie to you\nKeep you home where no one can find you and that\u2019s that real\n\n[Chorus]\nYeah, yeah, yeah\nYeah, yeah, yeah\nYeah, yeah, yeah\nI want something, I need something true (need something true, need something true)\nI want something, I need something true (yeah)\nI want something, I need something true\nI want something, I need something true", "image": "https://images.genius.com/9026c3214176561d08386e684569e3fa.500x500x1.jpg"}], "artist": "Barney Artist"}