{"songs": [{"title": "Abu Dabbin\u2019", "album": "#GOODMORNINGDUBAI", "year": "2016-05-18", "lyrics": "[Hook: Ayo Beatz]\nI'm dabbin' out in Abu Dhabi\nI'm dabbin' out in Abu Dhabi\nI'm dabbin' out in Qatar\nYeah that's Arab money\nI'm dabbin' out in Dubai\nAnd you know that I'm fly\n(G-g-g-g-ood morning Dubai!)\n\nI'm dabbin' out in Abu Dhabi\nI'm dabbin' out in Abu Dhabi\nI'm dabbin' out in Qatar\nYeah that's Arab money\nI'm dabbin' out in Dubai\nAnd you know that I'm fly\n\n[Verse 1: Fresh]\nWe carry the wave\nYou can sea it\nSwear we've been on for a minute\nSelling out shows, pay a visit\nYour girl she been calling for tickets\nArab money with the currency\nI pull up and dab in that foreign shit\nI pull up in Bentley's with foreign chicks\nShut down the club and they know it's lit\nThe bottles is coming\nYour girl she gon' twerk and she know that it's nothing\nWe all bout' the numbers\nWe grind through the city and leave for the summer cause...\n\n[Bridge: Elias Brown]\nMoney to make\nSo I dab in Doha and Kuwait\nIf you ain't talking bout' dough - huh\nThat shit could wait\n\n[Hook: Ayo Beatz]\nI'm dabbin' out in Abu Dhabi\nI'm dabbin' out in Abu Dhabi\nI'm dabbin' out in Qatar\nYeah that's Arab money\nI'm dabbin' out in Dubai\nAnd you know that I'm fly\n\nI'm dabbin' out in Abu Dhabi\nI'm dabbin' out in Abu Dhabi\nI'm dabbin' out in Qatar\nYeah that's Arab money\nI'm dabbin' out in Dubai\nAnd you know that I'm fly\n\n[Verse 2: NIICO]\nI've seen some people change\nGood thing I keep some change on me now\nSome change on me now...\nAnd I know they watch us move\nThat's why they act so strange to me now\nSo strange to me now...\n\nSo let them niggas know we're coming for em'\nRed Ferrari, looking devilishscious\nGetting money, oh we got it\nCross my team and you'll be sleeping with the fishes\nSwitching lanes in all positions\nTake a sip and you'll be peaking\nI'm peaking, I'm peaking, I'm peaking\nI'm peaking in Abu Dhabi for the weekend\n\n[Hook: Ayo Beatz]\nI'm dabbin' out in Abu Dhabi\nI'm dabbin' out in Abu Dhabi\nI'm dabbin' out in Qatar\nYeah that's Arab money\nI'm dabbin' out in Dubai\nAnd you know that I'm fly\n\nI'm dabbin' out in Abu Dhabi\nI'm dabbin' out in Abu Dhabi\nI'm dabbin' out in Qatar\nYeah that's Arab money\nI'm dabbin' out in Dubai\nAnd you know that I'm fly\n\n[Verse 3: T. Jones]\nMe, I'm the life of the party\nOh, you could ask anybody\nWalk in the room, they say \"ANO! IKOM!\"\nThat's how you know it's a body\nI'm dabbin' out in Abu Dhabi\nI'm switching lanes in Al Ain\nI'm dabbin' in Dubai\nYou probably never should've doubted, huh?\nWe got decisions and money to make\nOh man, we just turn up in Hatta\nKeep it one hunnid, it's not a mistake\nGo H.A.M. when we turn up in Qatar\n\n[Bridge: Elias Brown]\nMoney to make\nSo I dab in Doha and Kuwait\nIf you ain't talking bout' dough - huh\nThat shit could wait\n\n[Hook: Ayo Beatz]\nI'm dabbin' out in Abu Dhabi\nI'm dabbin' out in Abu Dhabi\nI'm dabbin' out in Qatar\nYeah that's Arab money\nI'm dabbin' out in Dubai\nAnd you know that I'm fly\n\nI'm dabbin' out in Abu Dhabi\nI'm dabbin' out in Abu Dhabi\nI'm dabbin' out in Qatar\nYeah that's Arab money\nI'm dabbin' out in Dubai\nAnd you know that I'm fly", "image": "https://images.genius.com/4f0c878751e5818784d3daf8133a2bcd.638x640x1.jpg"}], "artist": "Ayo Beatz x SOS Music"}