{"songs": [{"title": "I Got This", "album": null, "year": null, "lyrics": "P110 business\n\nYo, look\nBeen slacking with the work rate\nBut I'm allowed to, Cause I'm sick with it\nThese other niggas are shit with it\nPisses me off, These other niggas are bitch niggas\nTryna get props but ain't even on the job\nMe I'm on the block I might be standing there with Datty\nAbout to get the RM out an' cause some madness\nI throw man on the back an get about like I'm a taxi\nPull up at the drive-through at maccies casually\n(Look, I'm anti-social) I'm everywhere you man are local\nBeats get finished once I lace 'em with a vocal\nIn total I've got about a hundred million views on the tube I'm still counting, You're strugglin' to get a hundred thousand\nPlus I'm better than most these rappers that are out now\nGo tell 'em that tell 'em check the freestyle and get back to me\nThey'll probably want to do a tune check the flow mastery\n\nLook I got this, Nigga you ain't got shit\nI'm like a sniffer dog when it comes to sniffin' crops\nI'll be all up in your shit straight snippin' an choppin'\nDuvet full of weed then I'm dippin' an boppin'\nOver peoples walls, Ill be hippin an hoppin\nAn into peoples gaffs Ill be slippin' a crop in\nI'm a problem, Run up on a nigga with that 1 pop\nJust me an one goblin have his baby mother sobbin'", "image": "https://images.genius.com/72a61af77e210049af4423a50e3b4a41.570x570x1.jpg"}], "artist": "Aystar"}