{"songs": [{"title": "Baby Powder", "album": "Dingo Christmas Season", "year": "2018-03-23", "lyrics": "[Intro: Ida Emerson, Joseph E. Howard & Bandingo]\nHello, ma' baby, hello, ma' honey\nHey, Whoa, Yuh\nHello, ma' ragtime gal\nHitemup, Hitemup, Hitemup\nLil Bih, Lil Bih\nSend me a kiss by wire\nHey, Hey\nBaby, my hearts on fire\nYou finna' die, baby!\n\n[Verse 1]\nNigga run up then I swear he gon get it\nFuck the police I ain't taking no ticket\nWho gave you scary ass niggas some bread\nLookin at yall like a chicken and biscuit\nDon\u2019t play with me, Cause I swear I get wicked\nBeast of the West, Get shit jumpin like crickets\nSo many hoes don\u2019t you ask can I diggit\nShe ask how long do I last girl no limit\nUnless the head too good\nThen I might bust in a minute(hm hm)\n30 on me put a hole in yo fitted\nHow you a boss but don\u2019t handle yo business\nNiggas moving weird they got crablegs\nReally smart girl but she give bad head\n\n[Verse 2]\nPlease don\u2019t end up onna news bitch\nGet Bagged up like a new fit\nBad bitch sucked Two dicks\nShe ain\u2019t a hoe she just Too lit\nGot 2 hoes and they both chirpin\nYou can say I got two chicks\nWake up and get another bag\nYou can find dat inna blueprint\nGodamn I ain\u2019t really feeling you\nAnd I don\u2019t really wanna deal with you\nYOUNG GRIMEY NIGGA ENTERTAINMENT\nSwear to God we a different Crew\nYou better keep this shit lyrical\nCause If I gotta get physical\nYou gon end up on a respirator in condition thats quite critical\nHitemup, Hitemup, Hitemup\n\n[Verse 3]\nI gotta run all these Benjis up\nYGNE gon' pull up inna Bentley Truck\nI make a mess, Paramedics come pick it up\nSurrender all of yo shit nigga Give it up\nShoot at yo niggas aim at they chest\nJust like yo wife they get titty fucked\nShoot at yo niggas aim at they chest\nJust like yo wife they get titty fucked\nAin\u2019t none my niggas gettin frightened\nSwear to God all my niggas vikings\nThis shit bite ya ear Mike Tyson\nTurn ya lifeline to a hyphen\nThen I\u2019m gone when I hear sirens\nAnd I heard that bitch straight trifling\nShe gon suck me up I ain\u2019t wifing\nI don\u2019t even think I wanna dive in\n\n[Chorus]\nYou shooting shots at me\nSo many bricks you could make a tower\nYo mixtape really stank\nEvery song needa take a shower\nIf I take you shoppin don\u2019t take an hour\nCause that mean that I gotta wait an hour\nBabygirl keep acting childish\nI might have to smack her with some Baby Powder\nYou shooting shots at me\nSo many bricks you could make a tower\nYo mixtape really stank\nEvery song needa take a shower\nIf I take you shoppin don\u2019t take an hour\nCause that mean that I gotta wait an hour\nBabygirl keep acting childish\nI might have to smack her with some Baby Powder", "image": "https://images.genius.com/1153d97c3410bf98a79b876916ccbc4c.500x500x1.jpg"}], "artist": "Bandingo YGNE"}