{"songs": [{"title": "4 AM", "album": "Pretty Girls Like Trap Music", "year": "2017-05-30", "lyrics": "[Intro: 2 Chainz]\nYeah, yeah, yeah\nM-M-M-Murda\nYeah, yeah\nDamn right, bro\n\n[Verse 1: 2 Chainz]\n4 AM, I'm just gettin' started\nFor my birthday I threw me a surprise party\nReminiscin' 'bout the trap, playin' the first Carter\nMy life changed when I had my first daughter\nGot my first quarter flippin' 50 dollar slabs\nYour nigga's lookin' at the bills, askin' you for half\nCut from a different cloth, take pride in results\nAnytime she wanna dip I'm providin' the sauce\nYou on side of the boss, so you kind of the boss\nYou keep playin' with me, I end up signing your boss\nDrop an EP on a nigga for the free-free on a nigga\nYeah you ZZ on a nigga, king like BB on you niggas\nRock with Champagne P\nIf it wasn't for the struggle then I wouldn't be me\nCall me Deuce or Dos, anything but broke\nGot my aim from the scope, got the game by the throat, damn!\n\n[Chorus: Travis Scott]\nOkay, you popped up on me by surprise (Yeah, yeah)\nYou see I never took you for the poppin' type (Straight up)\nDamn, it's 4 AM so please believe the hype (It's lit)\nHit the lights (Yeah), I'm way over top\nPop it, flick it\nDrop a pin, send a location (Skrrt, skrrt)\nI'ma pull up in that bullet-coupe spaceship (Skrrt, skrrt)\nDrop off a bag of some dangerous (Yeah)\nI'ma hit you, 4 AM, see if you make it (Yeah)\n\n[Verse 2: 2 Chainz]\nI dropped ColleGrove out the sky, ooh\nIn a group with the best rapper that's alive, ooh\nNever turn my back on my slime, ooh\nI ain't wanna fuck the bitch but she was fine, ooh\nHold up baby, let me take my time, ooh\nHard to get some head and try to drive, ooh\nJumpin' out the cake and that's surprisin', ooh\nPickin' up the duffel bag like exercisin', ooh\nBought mama new house 'cause she deserve it, ooh\nPractice makes perfect but nobody's perfect, ooh\nEscobar is not open for service, ooh\nSend you to Dr. Miami for your surgery, ooh\n\n[Chorus: Travis Scott]\nOkay, you popped up on me by surprise (Yeah, yeah)\nYou see I never took you for the poppin' type (Straight up)\nDamn, it's 4 AM so please believe the hype (It's lit)\nHit the lights (Yeah), I'm way over top\nPop it, flick it\nDrop a pin, send a location (Skrrt, skrrt)\nI'ma pull up in that bullet-coupe spaceship (Skrrt, skrrt)\nDrop off a bag of some dangerous (Yeah)\nI'ma hit you, 4 AM, see if you make it (Yeah)\n\n[Verse 3: 2 Chainz & Travis Scott]\nOoh, Riccardo Tisci on the crewneck\nOoh, on a killin' rapper spree and nigga, you next\nOoh, they talkin', chillin', watchin' Netflix (Straight up)\nOoh, I used to trap and watch bootlegs\nOoh, I'm on my wave like a durag\nOoh, I see your boo, now where your crew at?\nOoh, talkin' tequila for the pipe-up\nOoh, I hope you got a clean vagina, yeah\nDrench god, drench god, really\nRepresentin', we the squad, really (Oh, yeah)\nTec got the Rollie, now I get it\nI used to sell drugs for a living\nGot me a job sellin' records\nHad to use my jeweler for a reference\nMight buy a charm with the extras\nMight use her legs for a necklace\n\n[Chorus: Travis Scott]\nOkay, you popped up on me by surprise (Yeah, yeah)\nYou see I never took you for the poppin' type (Straight up)\nDamn, it's 4 AM so please believe the hype (It's lit)\nHit the lights (Yeah), I'm way over top\nPop it, flick it\nDrop a pin, send a location (Skrrt, skrrt)\nI'ma pull up in that bullet-coupe spaceship (Skrrt, skrrt)\nDrop off a bag of some dangerous (Yeah)\nI'ma hit you, 4 AM, see if you make it (Yeah)\n\n[Outro]\nDon't stop trappin', boy\nGot 'bout 12 racks this mornin'\nGot 'bout 12 racks\nStarted last night, still goin'\n12 racks strong\nGot the pitbull in the corner, she pregnant\nGot the crackhead in the corner, she pregnant\nEverybody in here pregnant, 'cept my partner and them\nBut we gettin' this money though, I'm tellin' you that", "image": "https://images.genius.com/5bd323ade6b909c1f9c74dd88643813d.1000x1000x1.jpg"}], "artist": "2 Chainz"}