{"songs": [{"title": "Candy", "album": "AggroSantos.com", "year": null, "lyrics": "Ooh, come and getcha some, come and getcha some candy\nOoh, ooh, come and getcha some, come and getcha some candy\nOoh, come and getcha some, come and getcha some candy\nOoh, ooh, come and getcha some, come and getcha candy\n\nOoh, come and getcha some, come and getcha some candy\nOoh, ooh, come and getcha some, come and getcha some candy\nOoh, come and getcha some, come and getcha some candy\nOoh, ooh, come and getcha some, come and getcha candy\n\nHot girl, you're doin' it well\nThe way your hips move got me under a spell\nRight now I don't really care who's watchin'\nI wanna dance all night long, no stoppin'\n\nYou, you, you, yeah, you\nPretend they're not here just do what you do\nI'm a kick back 'cause I got a nice view\nWow, this feels like a d\u00e9j\u00e0 vu\n\nGirl, you look familiar, where do I know you from?\nHave you been to visit me at aggrosantos.com?\nStep into my world, I am sure you want to come\nCheck my Facebook, I got pictures I'ma give you some, ooh\n\nOoh, come and getcha some, come and getcha some candy\nOoh, ooh, come and getcha some, come and getcha some candy\nOoh, come and getcha some, come and getcha some candy\nOoh, ooh, come and getcha some, come and getcha candy\n\nEla e bela, ja era, eu quero da pra ela\nEla e bela, ja era, eu quero da pra ela\nEla e bela, ja era, eu quero da pra ela\nEla e bela, ja era, eu quero da pra ela pronto\n\nA sweet touch comes handy man\nDon't be afraid of the candy man\nI got a sweet tooth, now I want a sweet girl\nAnd we're straight up, if we do kiss, we do tell\n\nYou, you, you, yeah, you\nPretend they're not here just do what you do\nI'm a kick back 'cause I got a nice view\nWow, this feels like a d\u00e9j\u00e0 vu\n\nGirl, you look familiar, where do I know you from?\nStep into my world, I am sure you want to come\nCheck my Facebook, I got pictures I'ma give you some\n\nGirl, you look familiar, where do I know you from?\nThe way that this is goin' you are gonna get me sprung\n'Cause your love is sweet like candy, and I want me some, ooh\n\nOoh, come and getcha some, come and getcha some candy\nOoh, ooh, come and getcha some, come and getcha some candy\nOoh, come and getcha some, come and getcha some candy\nOoh, ooh, come and getcha some, come and getcha candy\n\nOoh, come and getcha some, come and getcha some candy\nOoh, ooh, come and getcha some, come and getcha some candy\nOoh, come and getcha some, come and getcha some candy\nOoh, ooh, come and getcha some, come and getcha candy", "image": "https://images.genius.com/2bea0ab50e2518d36d80b8a884e354dc.300x300x1.jpg"}], "artist": "Aggro Santos"}