{"songs": [{"title": "FEELS LIKE HOME", "album": null, "year": "2019-08-23", "lyrics": "[Verse 1: Jessie Reyez]\nYou're so sweet to me\nYou fill me in when I  black out\nPull my dress\u2005down\u2005when my ass\u2005out\nLove me despite my big mouth\nUp\u2005the ladder, to the billboard\nOff the edge just so we could feel more\nBuy some liquor, now we piss poor\nFuck your curfew, let's just kiss more\n\n[Pre-Chorus: Jessie Reyez]\n'Til we see the lights over the city\nIf I gotta go soon, will you miss me?\nYou say you like old school, so my phone's playin' Biggie\nWe're playing Truth or Dare and 21 Questions\n\n[Chorus: Bea Miller]\nIf you ask me where I'm from\nI say, \"You\", 'cause you feel like home\nAsk me, \"Is this love?\"\nI say, \"I feel it in my bone\"\nI need you to know the feelings new\nBut if you ask me where I'm from\nI say, \"You\", 'cause you feel like home\n\n[Post-Chorus: Bea Miller]\nHome, feel like I'm at home\n\n[Verse 2: Bea Miller]\nYou don't know what you mean to me\nEven when you're the reason I'm pissed off\nYou make me smile when I'm pissed off\nCheer me on when I miss shots\nThe moon is tired, doesn't matter\nCan't go home, I'm tired of mastur-\nBating Beta, I need an alpha\nWe're hella faded, could we stay laughing?\n\n[Pre-Chorus: Bea Miller]\nTill we see the lights over the city?\nIf I gotta go soon, will you miss me?\nYou say you like old school, so my phone's playin' Biggie\nWe're playing Truth or Dare and 21 Questions\n\n[Chorus: Bea Miller]\nIf you ask me where I'm from\nI say \"You\", 'cause you feel like home\nAsk me, \"Is this love?\"\nI say, \"I feel it in my bone\"\nI need you to know the feelings new\nBut if you ask me where I'm from\nI say, \"You\", 'cause you feel like home\n\n[Post-Chorus: Bea Miller]\nHome, feel like I'm at home\n\n[Verse 3: Jessie Reyez & Bea Miller]\nPinky promise you'll still be nice\nIn three months when we're on thin ice\nPerfect doesn't last past tonight\nBut I pinky promise I'll try\nNo games, unless you wanna play\nWe could play 21 Questions\n\n[Chorus: Bea Miller & Jessie Reyez]\nIf you ask me where I'm from\nI say, \"You\", 'cause you feel like home\nAsk me \"Is this love?\"\nI say, \"I feel it in my bones\"\nI need you to know the feelings new\nBut if you ask me where I'm from\nI say, \"You\", 'cause you feel like home\n\n[Post-Chorus: Bea Miller]\nHome, feel like I'm at home\n\n[Outro: Bea Miller]\nHome, feel like I'm at home", "image": "https://images.genius.com/277c7e5992be238b273b1f57286f6587.939x939x1.jpg"}], "artist": "Bea Miller & Jessie Reyez"}