{"songs": [{"title": "Booty", "album": "I\u2019m Innocent", "year": "2017-06-09", "lyrics": "[Intro]\nBeatmonster\nYung Lan on the track\n\n[Chorus]\n(Twerk twerk), twerk\nGirl, I wanna see you twerk\nI'll throw a lil' money if you twerk\nI don't really think you can twerk\n(Twerk twerk), twerk\nIf you broke, go to work\nMake that big booty twerk\nMake that big booty twerk\n(Twerk twerk)\nCan I touch that booty?\nThat booty, that big old booty?\nShake that booty, can I lay on the booty?\nMike Tyson on the booty\nCopyright that booty (Twerk twerk)\n\n[Verse 1]\nBounce that booty on the floor (shake)\nShake it 'til you get a lil' sore (Shake)\nShow 'em your mama made a ho (Shake, twerk twerk)\nGo ahead, get a little low (Shake)\nShake that booty in the car (Shake)\nShake that booty in the store (Shake)\n(Twerk twerk, shake)\nPop it, stop it, drop it, pop it\nIf I hit Alexis Skyy, I'ma motherfuckin' rock it (Twerk twerk, shake)\nI ain't got no fucking heart\nI can't be loyal to you, whore\nYou weren't here from the start (Twerk twerk)\n\n[Chorus]\n(Twerk twerk), twerk\nGirl, I wanna see you twerk\nI'll throw a lil' money if you twerk\nI don't really think you can twerk\n(Twerk twerk), twerk\nIf you broke, go to work\nMake that big booty twerk\nMake that big booty twerk\n(Twerk twerk)\nCan I touch that booty?\nThat booty, that big old booty?\nShake that booty, can I lay on the booty?\nMike Tyson on the booty\nCopyright that booty (Twerk twerk)\n\n[Verse 2]\nDamn, skinny petite (Damn)\nI know my bitch love me (Damn)\n'Cause she rub my feet (Damn)\n(Twerk twerk, damn)\nYou don't touch me, somebody gon' touch me\nYou don't fuck me, somebody gon' fuck me\nYou don't love me, somebody gon' love me (Twerk twerk, damn)\nMoney don't walk, I gotta go and get it\nShake that booty, I'll come visit\nIf you thick, I might hit it (Twerk twerk, damn)\nShake that booty for a ride (Damn)\nShake that booty on Live (Damn)\nShake that booty outside (Damn)\n\n[Chorus]\n(Twerk twerk), twerk\nGirl, I wanna see you twerk\nI'll throw a lil' money if you twerk\nI don't really think you can twerk\n(Twerk twerk), twerk\nIf you broke, go to work\nMake that big booty twerk\nMake that big booty twerk\n(Twerk twerk)\nCan I touch that booty?\nThat booty, that big old booty?\nShake that booty, can I lay on the booty?\nMike Tyson on the booty\nCopyright that booty (Twerk twerk)", "image": "https://images.genius.com/36b399b863f4154f6d8925ff37245a49.400x400x1.jpg"}], "artist": "Blac Youngsta"}