{"songs": [{"title": "THAT BITCH", "album": "sunsets in outerspace", "year": "2019-11-01", "lyrics": "[Verse 1]\nI've been runnin' my mouth around the corner\nChasin' it down the street (Bitch)\nCashing my words\u2005like\u2005I'm a billionaire\nBut\u2005I don't have food to eat\nAnd\u2005I keep talkin' like I'm taller than the trees (Bitch)\nBut my eyes never see much higher than five feet\nAnd I keep on tellin' everyone the truth\nBut maybe that's not the move (Bitch)\nAnd everyone wants to hear a strong opinion\nIf it's the same as you (You're a crazy bitch)\nAnd they say honesty is the best policy (Bitch)\nIf that were true, don't think all of my friends would hate me\n\n[Chorus]\nSociety is suckin' on your dick\nAnd since I got a pussy, I'm a bitch\nAnd since you are a dude, yeah, you can tell the truth\nBut as soon as I do, I'm a bitch (You're a crazy bitch)\nSociety is suckin' on your dick\nAnd since I got a pussy, I'm a bitch\nAnd since you are a dude, yeah, you can tell the truth\nBut as soon as I do, I'm a bitch\n\n[Verse 2]\nThere was a time, this guy, he tried to tell me\n\"Men can cheat, women can't\" (Bitch) (Fuck, I can't)\nThen he proceeded to ask me out on a date\nAnd I fuckin' laughed\nIf you're a woman, you were made to pleasure me (Bitch)\nBut out in public, hide them shoulders underneath\n\n[Chorus]\nSociety is suckin' on your dick\nAnd since I got a pussy, I'm a bitch\nAnd since you are a dude, yeah, you can tell the truth\nBut as soon as I do, I'm a bitch (You're a crazy bitch)\nSociety is suckin' on your dick\nAnd since I got a pussy, I'm a bitch\nAnd since you are a dude, yeah, you can tell the truth\nBut as soon as I do, I'm a bitch\n\n[Bridge]\n(If I have to be, I'ma be that bitch)\nI'm that motherfuckin' bitch\n(If I have to be, I'ma be that bitch)\nYou should be suckin' on my clit (You're a crazy bitch)\n(If I have to be, I'ma be that bitch)\nI said, I'm a, I'm a, I'm a bitch\n(If I have to be, I'ma be that bitch)\nI dare you, stop me\n\n[Chorus]\nSociety is suckin' on your dick (On your dick)\nAnd since I got a pussy, I'm a bitch (I'm a bitch)\nAnd since you are a dude, yeah, you can tell the truth\nBut as soon as I do, I'm a bitch\nSociety is suckin' on your dick (On your dick)\nAnd since I got a pussy, I'm a bitch (I'm a bitch)\nAnd since you are a dude, yeah, you can tell the truth\nBut as soon as I do, I'm a bitch (You're a crazy bitch)\n\n[Outro]\n(If I have to be, I'ma be that bitch)\nWatch me\n(If I have to be, I'ma be that bitch)\nI said, I'll be that bitch\nSo stop me\nWell, that song's done\nSong's done, you're done\nFuck! Fuck!\nOh my god! A banger!", "image": "https://images.genius.com/52e2ff6687edc9af7c2ec445ad4c1a54.1000x1000x1.jpg"}], "artist": "Bea Miller"}