{"songs": [{"title": "Kenny Allstar Freestyle", "album": null, "year": "2018-07-13", "lyrics": "Part 1\n\n[Verse 1]\nYeah, warm up\nMan know when I step in I'm bound to get Shelly\nOi, Kenny run the 'riddim, don\nI'm ready when you're ready\nI be swaying in the booth, I get heavy on the Henny\nAfter this, I'm linking Bethany and Kelly, uh\nAll these brothers say they got me\nThey don't get me, no one stop me\nSo don't stress me, I think properly\nI move steady, I'm tryna buy a gaff\nI ain't stressin' 'bout no Fendi\nGyal love a man with jewels\nBut I still be getting plenty\nI ain't got a chain, fam\nI'm tryna make the dough grow\nWon't see me in the Range\nI'll pick your gal up in the Polo\nYou ain't getting low blow off no hoe\nJust go home, get back in your Mercedes on your solo\nWrap it up rapid, got the studio blasting\nPack my bag, I got a package\nBag of lyrics, it's a madders\nCatch me in the back, I'm getting toppers off a badders\nShe don't really F with man\nShe just love to F with rappers\n\n[Verse 2]\nMan know when I step in I'm bound to get Shelly\nOi, Kenny run the 'riddim, don\nI'm ready when you're ready\nI be swaying in the booth, I get heavy on the Henny\nAfter this, I'm linking Bethany and Kelly, uh\nAll these brothers say they got me\nThey don't get me, no one stop me\nSo don't stress me, I think properly\nI move steady, I'm tryna buy a gaff\nI ain't stressin' 'bout no Fendi\nGyal love a man with jewels\nBut I still be getting plenty\nI ain't got a chain, fam\nI'm tryna make the dough grow\nWon't see me in the Range\nI'll pick your gal up in the Polo\nYou ain't getting low blow off no hoe\nJust go home, get back in your Mercedes on your solo\nWrap it up rapid, got the studio blasting\nPack my bag, I got a package\nBag of lyrics, it's a madders\nCatch me in the back, I'm getting toppers off a badders\nShe don't really F with man\nShe just love to F with rappers\n\n[Verse 3]\nOi, chick, I gotta dip for a bit\n'Cause my shit's so sick, I'm making quids for a vid\nSo, quick slip, I just blitz through the bits\nArrive at the destination like I'm rich in the bitch\nYour boats sailing, now I'm sinking your ship\nI'm not thinking I'm sick, I just literally is\nThem man are stood hating while they're pickin' the spliff\nI'ma rip him to bits, while I build up my quids\nOriginality is key, I've more than mastered it\nThey didn't like admitting that I'm sick because they're flapping it\nDropped \"Straight Rhymez,\" the vibes nuttin' but nice\nI know little white kids and man in prison who are blasting it\nIt's nuttin', all the Manny bees are buzzing\nBig up Rags, that's big bro'\nHella Manny man are coming\nI'm tryna visualize it, like Sami with the camera\nBut there's man up on the screen that shouldn't be seen because they're bluffin'\nSick with the lyrics, the way I flip it\nI fucking kill it, give me the figures\nI want it, trust me to get it finished\nAitch is the illest, you dig it\nYou know I rip it, init\nThis gal got ---\nI lick it, I movin' sickly with it\nI took my shades off, she fucked all her mates off\nShe was acting shy until the jeans, dem came off\nEnough about gyal, you still see me with the same squad\nFrom Jay plug to A1, it's my time, game on\n\nPart 2\n\n[Verse 4]\nYou see me, I'm tryna get rich before I turn twenty\nTwo years left to keep the P steady\nBut you know what the white boy's like\nI'll spend it tonight and be coming home messy\nGet me? Nah you don't, you're not ready\nThey ask if you rate me, you just say \"semi\"\nStandard, bring like 10 of your favourite MCs\nTrust me don, I'll spin any\nCome then, who spits first?\nGet a penny and flip it\nRip it to fuck, man's going on livid\nPlease quit it, know your limits\nYou're outside 'cause you can't get a ticket\nI'm backstage with the girl\nBut I'm driving tonight so I just got a WKD\nMight go pay my girl a quick visit\nHang on a minute, I don't have one, bin it\nYo, tell me the truth, who's testing?\nA-I-T-C-H, I'm the best 'cause I say I am\nI'm putting in work everyday\nI plan to accomplish, dun know, I got this\nFuck up and popped it, ugh\nSo gwarn then, hate, I don't give two fucks\nR kid, you can tell man later fam\nYour gyal told me she got cake for man\nYou're not big, you're a little bit sick\nBut you're still not levs', not touching the kid\nYou're out here doing 24 shifts, I'm ripping the 'riddim\nAnd linking a bitch\nI don't spit about guns and shit\nYou're all boring me, I have fun with this\nBeat gets sore 'cause I stump this quick\nBlast the mic off stage with a kung-fu kick\nCheck\n\n[Verse 5]\nYou see me, I'm tryna get rich before I turn twenty\nTwo years left to keep the P steady\nBut you know what the white boy's like\nI'll spend it tonight and be coming home messy\nGet me? Nah you don't, you're not ready\nThey ask if you rate me, you just say \"semi\"\nStandard, bring like 10 of your favourite MCs\nTrust me don, I'll spin any\nCome then, who spits first?\nGet a penny and flip it\nRip it to fuck, man's going on livid\nPlease quit it, know your limits\nYou're outside 'cause you can't get a ticket\nI'm backstage with the girl\nBut I'm driving tonight so I just got a WKD\nMight go pay my girl a quick visit\nHang on a minute, I don't have one, bin it\nYo, tell me the truth, who's testing?\nA-I-T-C-H, I'm the best 'cause I say I am\nI'm putting in work everyday\nI plan to accomplish, dun know, I got this\nFuck up and popped it, ugh\nSo gwarn then, hate, I don't give two fucks\nR kid, you can tell man later fam\nYour gyal told me she got cake for man\nYou're not big, you're a little bit sick\nBut you're still not levs', not touching the kid\nYou're out here doing 24 shifts, I'm ripping the 'riddim\nAnd linking a bitch\nI don't spit about guns and shit\nYou're all boring me, I have fun with this\nBeat gets sore 'cause I stump this quick\nBlast the mic off stage with a kung-fu kick\n\n[Verse 6]\nCheck, watch how I come through slick\nBefore I spit tell the mic I'm gonna bun you quick\nGrime is a bitch and I love that chick\nI said grime is a bitch and I love that chick\n(Keep that one running Kenny, keep that one running\nWe're going one more time you know)\nYo, I just creep on beats like an evil beast\nGo calm with the flow, I'm deceiving G\nGot a gyal to my left and she's feeling me\nBut I told her 'I don't catch feelings B\nTrue say I'm above these guys\nYou can find me where the ceiling be\n'Cause recently I been eating beats so frequently\nOne day I hope Maddie will jump in the Addison Lee with me\nSwerve that, she can jump in the passy\nLike a trampoline, how I jump on a batty\nNot taking the run, man jump in a cabby\nTrue say I'm moving all scatty\nBut that's what you get when you F with a boy from Manny\nAbout Loub's, step in the trackie\nExcellent flow, still doing it classy\nI'm tryna blow you know, and trust in a couple of years\nIf you're doubtin' me now, I be saying \"I told you so\"\nThey all think that I've got a big head, that's dead\nSee me, I'm not known to boast\nBut soon come, I be on a boat with loads of hoes\n[?] in a cup, blowin' loads of smoke\nWoah, fill up my cup in the shubz\nShow nothing but love\nIt's all good, Aitch still fucking it up\nThem man not fucking with us, trust\nMy time, it's my type of shine\nSlide through with the guys on positive vibes\nSend for me, get the shock of your life\n'Cause I'll show man about mocking a guy\nI just take the piss with the bop and a slide, uh\nIt gets hot when I'm dropping a rhyme\nIf you say that I've got it on lock, then you're right\nAnd if you heard I ain't the guy, that's a lie\nNot ain't rich yet, but I still get by\nAnd I won't get spun 'cause no one will try", "image": "https://images.genius.com/37becd2d689365c7f17d2ede0fd461ab.399x399x1.jpg"}], "artist": "Aitch"}