{"songs": [{"title": "STUPID", "album": "Hi, It\u2019s Me", "year": "2019-07-12", "lyrics": "[Intro: Ashnikko]\nWet, wet, wet, wet (I'm shy)\nWet, wet, wet, wet\nOh my God\n\n[Chorus: Ashnikko]\nStupid boy think that I need him\nI go cold like changin\u2019 seasons\nI go red hot like a demon\nI go ghost for no damn reason\nStupid boy think that I need him\nStupid boy think that I need him\n\n[Verse 1: Ashnikko]\nPleasin', season, I'm spicy\nHot to touch, too much, too pricey\nHeathen, I\u2019m in your psyche\nYou don't know no one else like me, woah\nStupid boy think that I need him\nStupid boy think that I need him\nI know you think about me in the shower\nPornHub in your browser, fantasize about the pussy power\nThink about me with your hand down your trousers\nI'm sweet, then I'm sour, I'm big boss Bowser\nI know you salivating over me, sir, nipples through the t-shirt\nTold your mommy that you're bringin' home a keeper\nKnees are getting weaker when he hear me through the speaker\nBig wood, cut him off, cedar\n\n[Chorus: Ashnikko & Yung Baby Tate]\nStupid boy think that I need him (Huh)\nStupid boy think that I need him (Huh)\nI go red hot like a demon\nI go ghost for no damn reason\nStupid boy think that I need him\nStupid boy think that I need him (Stupid, stupid)\nStupid boy think that I need him (Stupid, stupid)\nStupid boy think that I need him\nI go red hot like a demon\nI go ghost for no damn reason\nStupid boy think that I need him (Wet, wet)\n\n[Verse 2: Yung Baby Tate]\nStupid-stupid, you dumb, you goofy-goofy (Ugh)\nThis pussy juicy-juicy, ooh yummy, wanna do me?\nOo nah, boy you could never\n'Cause you not clever enough\nAnd I got several dummies that wanna get on me\nI don\u2019t want you and I don\u2019t want your homie\n'Cause both of y\u2019all are suckers, y'all some Dum-Dums\nI could play you straight up out your bread, now you got crumb-crumbs\nI don't really need a man, but sometimes I want one though\nSo I keep Peter Pans on me, I got young hundos\nYoung money, get it?\n\n[Chorus: Ashnikko]\nStupid boy think that I need him (Leave me alone)\nStupid boy think that I need him\nI go red hot like a demon\nI go ghost for no damn reason\nStupid boy think that I need him\nStupid boy think that I need him (Yeah)\nStupid boy think that I need him (Yeah)\nStupid boy think that I need him\nI go red hot like a demon\nI go ghost for no damn reason\nStupid boy think that I need him\n\n[Bridge: Ashnikko]\nNothing about you is attractive to me now\nBlocking you, avoiding you actively right now (Blocked)\nI don't need the dick, I need magic, I need money\nPuppy wanna lick somethin\u2019 sticky just like honey\n\n[Outro: Yung Baby Tate & Ashnikko]\nStupid, stupid\nStupid, stupid\nWet, wet, wet", "image": "https://images.genius.com/d1de21cbca05cc3972e282b72dc47f82.1000x1000x1.jpg"}], "artist": "Ashnikko"}