{"songs": [{"title": "Only Right", "album": null, "year": "2019-08-22", "lyrics": "[Intro]\nYo, yo, yo\nPlurgeboys\n\n[Chorus]\nAmount of money man spent on a night ting\nIt's only right that they\u2005give\u2005man clothes\nAmount of\u2005money man spent on a white\u2005girl\nIt's only right that they give man\u2014\nAmount of money man just showed out\nIt's only right that they give man shows\nAmount of money man spent cold out\nIt's only right that the wrist get froze\nAmount of money man spent on a night ting\nIt's only right that they give man clothes\nAmount of money man spent on a white girl\nIt's only right that they give man\u2014\nAmount of money man just showed out\nIt's only right that they give man shows\nAmount of money man spent cold out\nIt's only right that the wrist get froze\nYeah, yeah\n\n[Verse 1]\nIt's only right that I rock and roll\nAmount of days that a man spent banged up\nIt's only right that they let man go\n(Free R, free A, free G, free D)\nIt's only right that they let man go\nAmount of nights that a man spent sober\nIt's only right that the champagne flows\n(Don't peak, don't peak, don't peak, don't peak, don't peak)\nIt's only right that the champagne flows\nAmount of times that I gave out pictures\nIt's only right that a man just pose\nAmount of times that a man just rolled out\nIt's only right that the wrist is froze\nAmount of times that I couldn't cop one pair\nIt's only right that a man copped both\n(Two pairs, two pairs, two pairs, two pairs, two pairs)\nIt's only right that a man copped both\nAmount of times that she left man trap there\nIt's only right that a man got close\n(You know them ones)\nIt's only right that I love that\u2014\n(I love that, ayy)\nAmount of money man spent on a\u2014\n\n[Chorus]\nAmount of money man spent on a night ting\nIt's only right that they give man clothes\nAmount of money man spent on a white girl\nIt's only right that they give man\u2014\nAmount of money man just showed out\nIt's only right that they give man shows\nAmount of money man spent cold out\nIt's only right that the wrist get froze\nAmount of money man spent on a night ting\nIt's only right that they give man clothes\nAmount of money man spent on a white girl\nIt's only right that they give man\u2014\nAmount of money man just showed out\nIt's only right that they give man shows\nAmount of money man spent cold out\nIt's only right that the wrist get froze\nYeah, yeah\n\n[Verse 2]\nAmount of packs that a man just sold out\nIt's only right that it touch my soul\nThis rule, I tryna let man know\nI was in a dance on the next angle\nAnd a man's wife couldn't let man go\nBody all sweet, lookin' like mango\nShe was real life, tryna take man home\nReal life, tryna take man home\nAnd who am I just to let that go?\nReal life, tryna let man know\nIt's only right that she give man\u2014\nToo many nights in a bin, man\nNuff man didn't wanna link, man\nAnd who am I just to let that go?\nReal life, tryna let man know\nIt's only right that I told man no\nAmount money man spent on the three stripe\nIt's only right that they give man clothes\nAmount of money man spent on the weed man\nIt's only right that he gives man smokes\nAmount of time that a man just see man\nAnd all night didn't want no smoke\nWho now didn't want no\u2014\n\n[Chorus]\nAmount of money man spent on a night ting\nIt's only right that they give man clothes\nAmount of money man spent on a white girl\nIt's only right that they give man\u2014\nAmount of money man just showed out\nIt's only right that they give man shows\nAmount of money man spent cold out\nIt's only right that the wrist get froze\nAmount of money man spent on a night ting\nIt's only right that they give man clothes\nAmount of money man spent on a white girl\nIt's only right that they give man\u2014\nAmount of money man just showed out\nIt's only right that they give man shows\nAmount of money man spent cold out\nIt's only right that the wrist get froze\n\n[Outro]\nIt's only right that the wrist get froze\u2014\nIt's only right that I let man know\nAmount of money man spent on a\u2014\nPlurgeboys", "image": "https://images.genius.com/18d80d655c1ec965d1954ba5c701ca66.1000x1000x1.jpg"}], "artist": "Ambush Buzzworl"}