{"songs": [{"title": "Lonely", "album": "Phases", "year": "2016-07-01", "lyrics": "[Intro]\nDamn, come on pick up\nI ain't see this girl in weeks, man\nShe ain't picking up the phone, fuck\nCome on pick up\n(Hello?)\nHey\n\n[Verse 1]\nDon't take that personal\nI know I do shit that's just so stupid\nI hurt someone so beautiful\nOver some shit that ain't worth losing\n\n[Hook]\nJust remember all the times, we had in love\nSo why'd you have to shut me down?\n\n[Chorus]\nAs lonely as I've been (without you babe)\nAs lonely as I've been (oh-oh)\nAs lonely as I've been (without you babe)\nAs lonely as I've been (oh-oh)\n\nAs lonely as I've been [X4]\nOoh, yeah\n\n[Verse 2]\nThe moral of the story is that I need you in my life\nLike how many times do I say I'm sorry\nJust to keep you as my wife\nI know I was doing wrong, but baby its been too long\nWe can survive the pressure\nListen girl\n\n[Hook]\nJust remember all the times, we had in love\nSo why'd you have to shut me down?\n\n[Chorus]\nAs lonely as I've been (without you babe)\nAs lonely as I've been (oh-oh)\nAs lonely as I've been (without you babe)\nAs lonely as I've been (oh-oh)\n\nAs lonely as I've been [X4]\nOoh, yeah\n\n[Verse 3: Jessie Reyez]\nYou'd rather spend your days, runnin'\nWishing my love away, dummy\nWhy are you so afraid, of everything I'm saying\nYou know I keep that thang\nCut me down, cut me down\nCut me down, cut me down", "image": "https://images.genius.com/4742e820778565f68e1b283a0687c458.1000x1000x1.jpg"}], "artist": "Arin Ray"}