{"songs": [{"title": "Only You", "album": "112", "year": "1996-06-27", "lyrics": "[Verse 1: Q Parker]\nOh, I need to know where we stand\nDo we share this special thing called love?\nI know I do, what about you?\nI just can't get enough of the time\n\n[Pre-Chorus: Slim]\nI need you in my life\nWhere do we go?\nWhat do I do?\nI can't live without your love\nThinkin' of you, makes me feel\nLike I am the only one for you\n\n[Chorus: 112]\nGirl, I want to be with you\nNo one else, only you\nWhy can't we just make it happen?\nBaby, I need you in my life\n\n[Verse 2: Michael Keith]\nEvery time I'm with you\nNever want it to come to an end\nAlways make me so happy\nYou'll always have a place in my heart\n\n[Pre-Chorus: Slim & (Puff Daddy)]\nI need you in my life\nWhere do I go?\nWhat do I do?\n'Cause I can't live without your love\nThinkin' of you, makes me feel\nLike I am the only one for you\n(Check it out)\n\n[Verse 3: The Notorious B.I.G. & (Puff Daddy)]\nJe-sus, the Notorious just\nPlease us with your lyrical thesis\nWe just chillin', milk 'em, top billin'\nSilk and pure linen, me and Little Cease\nMalibu sea breeze, Dom P's, palm trees\nCats named Pablo in milked out Diablos (That's right)\nThe Williest, bitches be the silliest\nThe more I smoke, the smaller the phillie gets\nRoom 112 where the players dwell\nAnd stash more cash than Bert Padell, inhale\nMake you feel good like Tony Toni Tone (Feels good)\nDig up in your middle like Monie (Yes)\nDon't know but your settin' up to blow me (Yes)\nTry to style, fly up north with a homie (Yes)\nEscada, Don Dada, player, stay splurgin'\nGame so tight they call it virgin (Yes)\n\n[Pre-Chorus: Slim]\nWhere do we go\nWhat must I do\nIf I can't live without your love\nThinkin' of you, makes me feel, baby\nLike I am the only one for you\n\n[Chorus: 112 & (Slim)]\nGirl, I want to be with you\nNo one else, only you\nWhy can't we just make it happen?\nBaby, I need you in my life\n\nGirl, I want to be with you\nNo one else, only you\nWhy can't we just make it happen?\nBaby, I need you in my life\n(Oh baby, I love you)\n\nGirl, I want to be with you\n(I need you, want you here with me)\nNo one else, only you\n(It's only you)\nWhy can't we just make it happen?\nBaby, I need you in my life\n\n(Girl, I love you)\nGirl, I want to be with you\n(And I need you, gotta have you in my life, oh yes I do)\nNo one else, only you\nWhy can't we just make it happen\nBaby, I need you in my life\n\nGirl, I want to be with you\nNo one else, only you", "image": "https://images.genius.com/1c64940cd48b576fdfbe0f71053707ec.600x595x1.jpg"}], "artist": "112"}