{"songs": [{"title": "FaceFuck", "album": null, "year": null, "lyrics": "[Intro]\nHaha\nYou guys let me out my cage\nYou know you fucked up now right?\n\n[Verse 1]\nWho wanna fuck tonight\nI'mma facefuck a nigga tell he go blind\nI ain't playing games with you, I ain't really sorry\nI'mma break these bitches, What the fuck It ain't no lie\nHe said he wanna cum in the pussy\nGo ahead and let him blow, leave this pussy juicy\nOh shit, I might need a plan B now\nThought I really wanted him, but he was just a rebound\nWho wanna fuck tonight\nSix hundred sixty six bitches of my life\nWho wanna fuck tonight\nI'mma face fuck a hoe till I break her spine\nWho wanna fuck\nWho wanna fuck\nWho wanna fuck tonight\n\n[Outro]\nLook, you can keep all that emotional shit, all that sensitive shit\nGo ahead and put in a box and pack it away\n'cause like, i just wanna fuck, ok?\nI ain't trynna fall in love, I'm trynna get chocked, destroy me\n\nDick too bomb, bitch I thought I fell in love\nMaybe it was him, maybe it was just the drugs\nPussy too good bitch I taught I fell in love\nMaybe it was her, maybe it was just the drugs\nWho wanna fuck\nWho wanna fuck", "image": "https://assets.genius.com/images/default_cover_image.png?1575497971"}], "artist": "BigKlit"}