{"songs": [{"title": "Breakfast", "album": "80% ", "year": "2019-02-01", "lyrics": "Bridges to burn, tables to turn\nWork hard while you're young til you crash and burn\nDon't stress and don't flex to them corporate operators\nCancel your phone bill, get a bowl, eat your breakfast\n\nBridges to burn, tables to turn\nWork hard while you're young til you crash and burn\nDon't stress and don't flex to them corporate operators\nCancel your phone bill, get a bowl, eat your breakfast\n\nI put my cornflakes on the counter\nTurn on the radio\nTake a second to re-encounter my previous experiences and how they have counted\nMy grievous tendencies\nMy not so easy entries, my faults and my entities\nYour name comes to mind, but it's not unusual this time and a mirror breaks just at the thought of my smile\nIt still hasn't left my side, this baggage that I carry, it's heavy and oversized\nI'm not sure what is inside but I can't shake the feeling that it's something I have to hide\nThat it's something I have to move\nDon\u2019t stress about my life yeah just listen to the groove\n\nBridges to burn, tables to turn\nWork hard while you're young til you crash and burn\nDon't stress and don't flex to them corporate operators\nCancel your phone bill, get a bowl, eat your breakfast\n\nBridges to burn, tables to turn\nWork hard while your young til you crash and burn\nDon't stress and don't flex to them corporate operators\nCancel your phone bill, get a bowl, eat your breakfast\n\nHold up\nIsn't it about time that we blow up\nTake an anadin\nMy heads in bits\nI\u2019m bout throw up\nAnd you know what\nDrank too much to know what\nYeah taxi back to the flat\nYou know i\u2019m gonna show up\nThen It\u2019s back into bed\nTime to go to rest my head\nBetter get some sleep cause I\u2019ve a lecture at 10\nI wake up in the morning\nWith my head in the bin\nThe sun in my eyes\nI\u2019m never drinking again\nUgh\n\nBridges to burn, tables to turn\nWork hard while you're young til you crash and burn\nDon't stress and don't flex to them corporate operators\nCancel your phone bill, get a bowl, eat your breakfast\n\nBridges to burn, tables to turn\nWork hard while you're young til you crash and burn\nDon't stress and don't flex to them corporate operators\n\n\n1, 2, 3", "image": "https://images.genius.com/1a49fc9ba30da8d48e6b4c56e4368bb4.1000x1000x1.jpg"}], "artist": "Alex Gough"}