{"songs": [{"title": "Alive", "album": null, "year": "2018-01-26", "lyrics": "[Verse 1: Lil Jon]\nWake up in the mornin' feelin' live\nGod must be really on my side\nGot the baddest bitch up by my side\nCash make the pussy come alive\nEverybody know I set the vibe\nBet I steal ya bitch like it's a crime\nAll my niggas come from doing time\nHands in the air, we just so fly\n\n[Chorus: Lil Jon]\nThank God that I'm alive! (woo)\nI been poppin' all my life (woo)\nIt's like my birthday every night (woo)\nI been poppin' all my life (woo)\nThank God that I'm alive! (woo)\nI been poppin' all my life (woo)\nIt's like my birthday every night (woo)\nI been poppin' all my life (woo)\nThank God that I'm alive!\n\n[Verse 2: Offset]\nOffset!\nOoh, thankin' the Lord I'm alive (God)\nYour diamonds not lookin' alive (dead)\nBentley truck swervin', it's wide (skrrt)\nHeard you be talkin' to 12 (who?)\nBut I do not fuck with them guys (no)\nFirst time I seen me a bale (bale)\nI thought it was gold in my eyes (yes)\nThe coupe all red inside (ooh)\nDuplex, shawty outside (ooh)\nWe not feelin' your vibe (yeah)\nNigga played out, retired (retired)\nNiggas out here ain't true (nah)\nTwo-door coupe, no roof (skrrt, skrrt)\nSpikes on the back of my shoe (spikes)\nYou got more money than who? (Who?)\nChristian Dior on my boo (Dior)\nReal niggas gon' salute (salute)\nDrippin' in, I got the juice (drip)\nMolly with the Henny boost (ooh)\nYou're lookin' at the biggest group (who?)\nI'm lookin' at the biggest boobs (boobs)\nLookin' at the biggest diamonds that I put up in my mama's hula hoops (boogers)\nYou niggas really out of style now (style)\nBitches really need to bow down (bow down)\nMigo Gang is a cash cow\nLay down the track, get the bags out (woo)\nHandguns and the mags out\nIt's time for the birds, take a bath now (brrr)\nSmokin' cookie, 'bout to pass out (cookie)\nCome to the Nawf, got the bags out\n\n[Chorus: Lil Jon]\nThank God that I'm alive! (woo)\nI been poppin' all my life (woo)\nIt's like my birthday every night (woo)\nI been poppin' all my life (woo)\nThank God that I'm alive! (woo)\nI been poppin' all my life (woo)\nIt's like my birthday every night (woo)\nI been poppin' all my life (woo)\nThank God that I'm alive!\n\n[Verse 3: 2 Chainz]\nYeah, yeah, 2 Chainz! Yeah\nRick James, show your titties, it's a celebration\nStuntin', I wore a mink to my graduation (yeah)\nF-F-Fuck the world, I think it's ovulatin' (okay)\nIf you ain't gettin' money, what's your occupation? (Tell 'em)\nCheck my DNA, the A and K'll wet ya, boy\nWoo! I think I'm kin to Nature Boy\nA lot of flavor, boy, I'm all about my paper, boy (paper)\nWent to L.A. and tried to smoke an acre, boy (loud)\nI can't relate to noise, bumpin' like a canker sore (bump)\nI told her, \"Go to Hell, leave your shoes at the door\" (damn)\nYeah (yeah) this the life I chose (chose)\nNigga, look at me, I look right on hoes\n\n[Chorus: Lil Jon & 2 Chainz]\nThank God that I'm alive (woo)\nYeah\nI've been poppin' all my life (woo)\nI've been poppin' all my life\nIt's like my birthday every night (woo)\nEvery mothafuckin' night, nigga\nI've been poppin' all my life (woo)\nPoppin', poppin', poppin' bottles\nThank God that I'm alive (woo)\n\n[Bridge: Lil Jon]\nI am so grateful\nI am so grateful\nI'm in the club vibin'\nAnd I'm so thankful\nI got them bands on me\nShe got her hands on me\nShe did a dance on me\nShe put that thang on me\nShawty you wild than a mothafucka\nDamn.. I ain't nothing but one thang to say\n\n[Outro: Lil Jon & 2 Chainz]\nThank God that I'm alive\nYah, thank God\nThank God, thank God\nThank God, thank God\nYah, yah\nThank God that I'm alive", "image": "https://images.genius.com/203508e41a57949f0ea41fea513b2079.750x750x1.jpg"}], "artist": "Lil Jon, Offset & 2 Chainz"}