{"songs": [{"title": "HONEST", "album": "DIE FOR MY BITCH", "year": "2019-07-19", "lyrics": "[Pre-Chorus]\nHalf past twelve I was all alone\nI can't be compromised\nFuckin' on my ex, we ain't apologize\n'Cause I'm way too young and you always right\nThrew it in my face, I'm on another flight\nGirl at home, I ain't been living right\nThe little arguments always start the fight\nI had to get away so I'm with you tonight\nIs there another guy?\n\n[Chrous]\nBe honest, honest, honest, are you honest?\n'Cause I'm honest, honest, honest, let's be honest\n'Cause I'm honest, honest, honest, are you honest?\n'Cause I'm honest, honest, honest, lets be honest\n'Cause I'm honest\n\n[Verse]\nYou're not who I love (Huh)\nI just need to pass the time (Huh)\nFelt good, you felt that\nCome and get a peace of mind (Huh)\nMove on, bands on me\nStripes in my pocket and a check on me\nNever needed shit so don't you check on me\nHome last night, the scent of sex on me\nBaby Keem, shit, I'm chosen\nI work that red Toyota like it's stolen\nI treat my lil' orange soda like a hellcat\nShe put me out in the winter, feet frozen\nShe wanna fuck with me 'cause I'm famous\nAnd that's okay with me, 'cause you been my favorite\nI let her do it, she do a lil' bit\nA lil' air in her room, she do a lil' bit\n\n[Pre-Chorus]\nHalf past twelve I was all alone\nI can't be compromised\nFuckin' on my ex, we ain't apologize\n'Cause I'm way too young and you always right\nThrew it in my face, I'm on another flight\nGirl at home, I ain't been living right\nThe little arguments always start the fight\nI had to get away so I'm with you tonight\nIs there another guy?\n\n[Chrous]\nBe honest, honest, honest, are you honest?\n'Cause I'm honest, honest, honest, let's be honest\n'Cause I'm honest, honest, honest, are you honest?\n'Cause I'm honest, honest, honest, lets be honest\n'Cause I'm honest", "image": "https://images.genius.com/ac75728b4e527d09c6161544f3d2adac.1000x1000x1.jpg"}], "artist": "Baby Keem"}