{"songs": [{"title": "Honeymoon Day", "album": "Among The Trees", "year": null, "lyrics": "Yeah yeah woo woo\n\nIt's ya charming one ranked at number one\nThe one you know to go to When you need some lovin' to come\n(rrah )\nAnd even though I'm just A hop & a skip and a jump\nAway baby sometimes We role play the funk (uh)\nYo secret thing like a one night fling\nThat just happened to be married to you and\nGave you a ring so no\u2026 guilt just pleasure\nSo much dat it's known to tilt the measure\nYo touch has been known to ease my pressure\nOh my God!\nIt's so incredible the way he shaped your bod\nIngenious mixing soft wit hard\nLittle sweet little heat spicy hot\nGotta a lot a seeds wanna put in yo sod\nI can't see your face If ya feel me just knod\nGirl yous da picket fence house and the yard\nDa picket fence house and the yard\nHu huhhh\n\nGirl just take off yo socks Let me lick on yo feet\nI'll rub yo body & watch you roll yo eyes to the ceiling\nWon't you lay on down Let my face be yo linen\nC'mon and sho me yo ways This is our honeymoon day\nWe've been waiting for this day\nLet's just free our bodies like the last day of living\nGirl we can be real naughty there's no need for forgiving\nWon't ya dance for me Let my face be your mirror\nC'mon and sho me yo ways This is our honeymoon day\nWe've been waiting for this day\n\nCheck it out\nI told yo Mama don't wait up Don't check up on us\nDon't call we handled it all I'm ready to bust\n& I'm really hoping yo daughter can handle my lust\nYou done had yo chance now that land is handed to us\nPop's knows how it goes shewt any man does\nFine daughter like his can't afford to miss love\n& I'm a give it to her sho nuff without a flub\nGive it her like a fat man giving himself grub\nYou think we waited for nothing my bloods pumping\nNeeds go to where it's needed the most\nRelieve something shewt certain parts of me resemble a mule\nStiff and stubborn it's like I'm Rosa Parks on the stool\n(rrrgh)\nWe going all out hittin' the balls out\nComing deep from the soul Like a Lou Rawls shout\nPeople next door screamin who let the dogs out\nMan it's our honeymoon we here to knock the walls out\n\nGirl just take off yo socks Let me lick on yo feet\nI'll rub yo body & watch you roll yo eyes to the ceiling\nWon't you lay on down Let my face be yo linen\nC'mon and sho me yo ways This is our honeymoon day\nWe've been waiting for this day\nLet's just free our bodies like the last day of living\nGirl we can be real naughty there's no need for forgiving\nWon't ya dance for me Let my face be your mirror\nC'mon and sho me yo ways This is our honeymoon day\nWe've been waiting for this day\n\nWhen I say true you say love\nTrue (love) true (love)\nYou got a wedding ring (put it up put it up)\nYou wore ya bling bling (throw it up throw it up)\nOh yeah it's on baby I've waited for this so long\nOh yeah it's on baby when I hang up the phone I'm gone!\nWe gonna bail collect that mail let's go to the hotel and\u2026\nSkip the reception girl lets head to the limo\nTinted window hard to find like Nemo\nReal Cancun real honeymoon like woo\nYou can find us on the beach you know\nI'm in heaven daily cuz I'm lovin this the physical bliss\nCome here baby give me a kiss\n\nGirl just take off yo socks Let me lick on yo feet\nI'll rub yo body & watch you roll yo eyes to the ceiling\nWon't you lay on down Let my face be yo linen\nC'mon and sho me yo ways This is our honeymoon day\nWe've been waiting for this day\nLet's just free our bodies like the last day of living\nGirl we can be real naughty there's no need for forgiving\nWon't ya dance for me Let my face be your mirror\nC'mon and sho me yo ways This is our honeymoon day\nWe've been waiting for this day", "image": "https://images.genius.com/36fec6989bcd311e8f9c4b0764dc2796.288x288x1.jpg"}], "artist": "Arrested Development"}