{"songs": [{"title": "Like U Like", "album": null, "year": null, "lyrics": "[Chorus]\nAnd you can have all off me tonight\nAin't nobody else gonna make it right\nYou got me like a bullet taking flight\nI'll hit you right just like you like  [X2]\n\n\nThey call me chef, they like the way\nI mix it if you can take the heat come and step into my kitchen\nTell me how you like it tell me how you want it\nI'm prepared to give it to you I don't even have to front row\nGive me the order how do you want it served\nIf you want the main course let's get the orders I'm heading home\nHow many drinks before your with me baby\nUn dos tres cuatro cinco seis siete. ey ey ey ey ey ey ey ey ey\nBonito ey ey ey ey ey ey ey ey ey I need ya\n\n[Chorus]\n\nLike you Like Like you Like Like you Like\nJust Like you Like Like you like like you like like you like\n\nGirl you got me you got me wanting more got me\nWanting to give it to ya me wanting to know the score\nYeah be my baby you put others to shame the way you bite on my lips\nAnd start screaming my name I sit and count the minutes\nTil your coming to get me is it un dos tres cuatro cinco seis sexy\nEy ey ey ey ey ey ey ey ey bonito ey ey ey ey ey ey ey ey ey\nI need ya And you can have all off me tonight\n\nAin't nobody else gonna make it right\nYou got me like a bullet taking flight\nI'll hit you right just like you like Like you Like\nLike you Like Like you Like Just Like you Like\nLike you like like you like like you like\n\nComo se gusta como se gusta if you like it\nI wanna try it como se gusta como se gusta if you like it I wanna try it\n\n[Chorus]  [X2]\n\nLike you like. like you like like you\nLike just like you like like you like\nLike you like like you like just like you like", "image": "https://assets.genius.com/images/default_cover_image.png?1575497971"}], "artist": "Aggro Santos"}