{"songs": [{"title": "Check Dis", "album": "Execute", "year": null, "lyrics": "Oxide And Asher D \u007fCheck Dis\n\nHow many ways can a man express this?\nI wanna get it off my chest, but I\u00e6\u0160\u00a6 breathless\nMCs in the game never test this\nAnd if they do then you know it is a death wish\nYou get this\nSo Solid are your artists\nI keep my lyrics in the deepest, darkest\nGetting high obviously when I spark this\nAsher D\u00e6\u0160\u00af getting hot and ridiculous\nListen this\nWickedest lyricist\nAsher D getting to this\nYou know you can\u00e6\u0160\u00b0 test this\nHow many girls pull out my press list?\nHow many mans pull out my hit list?\nWhat ya talking about let\u00e6\u0160\u00af get this\n(???????) ya resent this\nOxide\u00e6\u0160\u00af on the mix gonna rip this\nAsher D\u00e6\u0160\u00af on the mic yo check dis\n\nCheck Dis (echoes \u00e6\u2026\u008dheck Dis\u007f x 15\nCheck Dis, Check Dis x 15\n\nIf you wanna step to me, then step to me\nBut it\u00e6\u0160\u00af all just fake MC jealousy\nWhen ya step to me just remember, see\nThat I\u00e6\u0160\u00a6 thugged out, So S-O-L-I-D\n(\u00e6\u2026-gher) Asher D, and I\u00e6\u0160\u00a6 meant to be\nCruising in a black, drop top Bentley\nSo, tell me, really what do you wanna be?\nTell me why you wanna imitate me?\nI don\u00e6\u0160\u00b0 want no cats, step in my gate, gimme a break\nNever debate, now vuddah-vacate\nWoah\nWit\u007fmy lyirical, style and my flow\nThe ice on my toe, the lyrics are woah, you don\u00e6\u0160\u00b0 know\nCash and MCs enter the club\nSo, when you\u00e6\u0160\u00aee chillin\u007fwith the So Solid Crew\nWe\u00e6\u0160\u00aee pouring the Chants, you know that\u00e6\u0160\u00af what we came here to do, woah\nWe\u00e6\u0160\u00aee famous (?) rangin\u007f\nThat attitude on the street always changin\u007f\nPeople sayin\u007fAsher D could be fadin\u007f\nSpeculations will get ya ratin\u00e6\u0160\u00af\nOxide, Asher D, we\u00e6\u0160\u00aee creatin\u007f\nWhen you listen to the beats you\u00e6\u0160\u00aee relatin\u007f\nAre you feelin\u007fwhat I\u00e6\u0160\u00a6 sayin\u007f are you takin\u007f\nYou wanna know how much money I been makin\u007f\n\nMakin\u007f(Echoes \u00e6\u2026\u0161akin\u007f x 16\n\nIf you wanna step to me, then step to me\nBut it\u00e6\u0160\u00af all just fake MC jealousy\nWhen ya step to me just remember, see\nThat I\u00e6\u0160\u00a6 thugged out, So S-O-L-I-D\n(\u00e6\u2026-gher) Asher D, and I\u00e6\u0160\u00a6 meant to be\nCruising in a black, drop top Bentley\nSo, tell me, really what do you wanna be?\nTell me why you wanna imitate me?\nI don\u00e6\u0160\u00b0 want no cats, step in my gate, gimme a break\nNever debate, now vuddah-vacate\nWoah\nWit\u007fmy lyirical, style and my flow\nThe ice on my toe, the lyrics are woah, you don\u00e6\u0160\u00b0 know\nCash and MCs enter the club\nSo, when you\u00e6\u0160\u00aee chillin\u007fwith the So Solid Crew\nWe\u00e6\u0160\u00aee pouring the Chants, you know that\u00e6\u0160\u00af what we came here to do, woah\nWe\u00e6\u0160\u00aee famous (?) rangin\u007f\nThat attitude on the street always changin\u007f\nPeople sayin\u007fAsher D could be fadin\u007f\nSpeculations will get ya ratin\u00e6\u0160\u00af\nOxide, Asher D, we\u00e6\u0160\u00aee creatin\u007f\nWhen you listen to the beats you\u00e6\u0160\u00aee relatin\u007f\nAre you feelin\u007fwhat I\u00e6\u0160\u00a6 sayin\u007f are you takin\u007f\nYou wanna know how much money I been makin\u007f\n\nOxide\u00e6\u0160\u00af on the mix gonna rip this\nAsher D\u00e6\u0160\u00af on the mic yo check dis, x 3\n\nOxide\u00e6\u0160\u00af on the mix gonna rip this\nCheck dis (Echoes \u00e6\u2026\u008dheck dis\u007f\n\nOxide\u00e6\u0160\u00af on the mix gonna rip this\nAsher D\u00e6\u0160\u00af on the mic yo check dis, x 3\n\nCheck dis (Echoes \u00e6\u2026\u008dheck dis\u007f", "image": "https://images.genius.com/99e73d32a47af71c61ef47a7af18d587.500x500x1.jpg"}], "artist": "Oxide & Neutrino"}