{"songs": [{"title": "3rd Ward Bounce", "album": "3rd Ward Bounce", "year": null, "lyrics": "[Intro: Erica Falls & Big Freedia]\nAin't no place like New Orleans, goes up when we go down\nFrom Manput down to Josephine they all make 3rd ward bounce\nWho-o-o-o wanna sing a line here?\n\n[Refrain: Big Freedia]\nWho-o-o-o wanna sing a line here?\nWho-o-o-o wanna sing a line here?\nWho-o-o-o wanna sing a line here?\n\n[Verse 1: Erica Falls & Big Freedia]\nA lotta people tryna shake like\nEddie, Eddie\nWhen you twinkle and you wiggle and you smile for daddy\nWalking down the streets with a drink in my hands\nLike, I don't give a fuck it is New Orleans\n\n[Post-Chorus: Big Freedia]\nWe do it for the No\nWe do it for the 5-0-4\nWe do it for the bounce\nWe renting out a  house\nWe do it for the No\n\nLadies....\n\n[Pre-Chorus: Erica Falls & Big Freedia]\nAin't no place like New Orleans, goes up when we go down\nFrom a man put down to Josephine they all make 3rd ward bounce\n\n[Refrain: Erica Falls]\nWho wanna sing a line here?\nWho wanna sing a line here?\nWho wanna sing a line here?\nWho wanna sing a line here?\n\n[Chorus: Erica Falls & Big Freedia]\nBounce, bounce, bounce yeah\nNo doubt about it going up to 3rd Ward bounce\nBounce, bounce, bounce yeah\n3rd Ward bounce  (uh oh)\n\n[Verse 2: Big Freedia]\nUptown, 3rd Ward, Josephine\nThen we head on down to the Melpomene\nAnd we dip on through that Calliope\nThrow them soldiers up for that [?] mac gnome\nDowntown, boardwalk, outta here\nThen on your feet, they keep it real\nSome of em saying you a hard head\nThen 8 bar animals ain't nothing\n\n[Post-Chorus: Big Freedia]\nWe do it for the No\nWe do it for the 5-0-4\nWe do it for the bounce\nWe renting out a  house\nWe do it for the No\n\nLadies....\n\n[Pre-Chorus: Erica Falls & Big Freedia]\nAin't no place like New Orleans, goes up when we go down\nFrom Man put down to Josephine they all make 3rd ward bounce\n\n[Refrain: Erica Falls]\nWho wanna sing a line here?\nWho wanna sing a line here?\nWho wanna sing a line here?\nWho wanna sing a line here?\n\n[Bridge: Big Freedia]\nFire, them boys on fire (they want, they want)\nThey tall Wards, they'll put you in a coma\nEleven wards, they gonna play ball (play ball, play ball)\nThey throw ball, they'll put you in the dark\n13, 13 V.L, V.L\n13, 13, V.L, V.L\nThey're vicious, they'll give your issues\n3rd Ward you can tell they're hard as hell\n3rd Ward this is all dance,  all dance, all dance\n\nLadies...\n\n[Pre-Chorus: Erica Falls]\nAin't no place like New Orleans, goes up when we go down\nFrom Man put down to Josephine they all make 3rd ward bounce\n\n[Refrain: Erica Falls]\nWho wanna sing a line here?\nWho wanna sing a line here?\nWho wanna sing a line here?\nWho wanna sing a line here?\n\n[Chorus 2: Big Freedia]\nBitch let the beat drop\nShoulders up, shoulders up, shoulders, shoulders, shoulders\nBiggity, biggity, biggity bounce with it\nBounce with me, bounce with me\nThose are the,  the 3rd Ward\nThose are the,  the 3rd Ward\nIt goes never, never, never\nNever, never, never\nIt goes yadda, yadda, yadda, yadda\nYadda, yadda, yadda, yadda\nIt goes mac, mac, mac, mac, mac\nMac, mac, mac, mac\nIt goes 3rd Ward bounce\nMake 'em ho's bounce\n3rd Ward bounce\nMake 'em ho's bounce\nBounce on 'em\nBounce on 'em\nBounce on 'em\nIt goes ah ra ra ra Phil, Phil\nIt goes ah ra ra ra Phil, Phil\nA ward, A ward\nN, n, nineties\n10 Ward, 10 Ward, 10\nOh, 11 Ward, Oh 11 Ward\nIt goes 12th Ward, 12th, 12th Ward\nIt goes Brrrrrrrrrrrr-rah\n13th, 13th, 13th\n15th, 15, 15, 15th\nIt goes SuppaZ, it goes SuppaZ\nIt goes SuppaZ, it goes SuppaZ\n\n[Hook 2: Big Freedia]\nThat's that 3rd Ward bounce\n3rd Ward bounce, make 'em ho's count\n3rd Ward bounce\n3rd Ward bounce, make 'em ho's count\nIt goes Brrrrrrrrrrrr-rah\n3rd Ward, 3rd Ward\nI'm from the 3rd Ward\n3rd Ward\n\n[Pre-Chorus: Erica Falls]\nAin't no place like New Orleans, goes up when we go down\nFrom Man put down to Josephine they all make 3rd ward bounce\n\n[Refrain: Erica Falls]\nWho wanna sing a line here?\nWho wanna sing a line here?\nWho wanna sing a line here?\nWho wanna sing a line here?\n\n[Outro: Big Freedia]\n3rd ward bounce\n3rd ward bounce\nBig Freedia make her bounce\n3rd ward bounce, make 'em ho's count", "image": "https://images.genius.com/6505470a05f5addb41d8e15a02dcfca3.480x480x1.png"}], "artist": "Big Freedia"}