{"songs": [{"title": "Potato Salad", "album": "WANG$AP", "year": "2018-07-24", "lyrics": "[Intro: Tyler, The Creator]\nYo, now you gon' start me from the top? Listen\nShout out Harlem, man\nShout out A$AP Rocky, man\nAWGE in the building, man\nWhat's good? Is that potato salad?\nYo, listen\n\n[Verse 1: Tyler, The Creator]\nNiggas give me the cold shoulder, I can speak for myself\nSo I keep a high waist and alligator the belt\nAnd got a belt with the holster, I ain't playing games\nBut got some lil' niggas who would do it so I pass the controller\nYou get pressed and X out, tri-angle your nose\nPause your life if you squares try to mess with my O's, whoa\nSo cut the crap like shit barbers\nCause we really with the beef like closeted gay fathers\nNigga we get dollars, give 'em to Ben Baller\nExchange for them chains that's all shiny with thick water\nI got back pains, neck heavy like whipped cream\nMy whip clean, and they all white, I whip cream\nAnd cop boys and I joy stick, I whip cream and cop cribs\nI got more space than big jeans, y'all sleeping on me\nExplain why they got shit dreams\nI'm alien, got the laser gun with the big beam\nMarried to the money, my bitch green\nNo I don't sip lean, but ride around in rockets like Yao Ming\nY'all niggas weak\nThey thought I was goofy and all mouses\nDouble C my luggage and fill them with Comme blouses\nY'all cop kush, my nigga I cop houses\nAnd fill 'em with some Leo DiCap's and some Cole Sprouses, nigga\nWhere we? Rocky, A$AP\nGOLF, boy, where we at? Nigga in Paris\n\n[Verse 2: A$AP Rocky]\nFuck clothes, I cop pieces\nCouple thots with me and them hoes is like divas\nGot my Vans on but they look like sneakers\nFlipped a couple packs, BasedGod in the speakers\nBass all in the speakers\nIn the field like baseball, play ball, face wall when polices come\nI don't rock Chanel, I rock channel\nAnd no this ain't a purse, it's a satchel (At you)\nBless, at you, nah, I ain't sneeze\nBut if niggas want steam or smoke, bet I match you\nGot a bullet with your name on the barrel\nIf hollows don't clip, you get nip like it's cat food\nThat dude, when I die, they gotta make a statue\nBad attitude, this ain't a purse, it's a satchel\nGo to any nigga with money up in my bracket\nThen I think about the state of rapping\nAll the freshmens in the classes\nAll the super seniors' mumblin' and ramblin'\nMumblin and rappin', mumble rapping?\nI find it hard to find actual talent\nI find it hard to find an actual challenge\nI'm like Shabazz Palace's last acid hit, elaborate\nRap lab's labyrinth, word to Kodak's Black's Lazarus\n\"CALLDROPS\" on the album skits\n\n[Verse 3: Tyler, The Creator]\nAyo, I'm the channel that you watch, I'm the ammo in the Glock\nWeird nigga, full suit with the sandals and the socks, stop\nAnd based on my neck boy\nYou would think I hate glass homes way I'm handling the rocks\nWho cast the first stone? Bitch, it's me, fuck you thought?\nReal grunge nigga, I ain't got a flannel as the top\nAnd I'm picking up guitar, strum nigga\nBum niggas wish they could make a garden shed\nBut they sleeping on me man like their arm is dead\nI'm a wild nigga boy and you farmer bred, born\nYou ain't animal, you are, corn, hahah, yeah!\n\n[Outro: Tyler, The Creator]\nK shiz, what up, nigga!", "image": "https://images.genius.com/4f4a0cddf97f1052030f7b42bd3a98fd.1000x1000x1.jpg"}], "artist": "Tyler, The Creator & A$AP Rocky"}