{"songs": [{"title": "Heavy Metal", "album": "muthaland", "year": "2019-02-09", "lyrics": "[Intro]\nMama, you look like a rockstar!\nRock Floyd the only one\n\n[Verse 1]\nCoke on my waist\nHe put my clit in his face, lick it up and he caught a drain\nI'm not a regular bitch\nYou gon' pay for my presence, I ain't tryna be yo main\nI got 'em wrapped 'round my finger\nHe stuck like a stinger, play more than he play the game\nI'ma jus block 'em and get to the money, bitch\nLife is too short to transact with lames\nThat bitch in trouble, she stay throwing salt\n'Cause the boys on the block say this pussy flame\nPut that bitch in my trunk, burn her fingerprints off\nSplit her wig, make her change her name\nI ain't got time to be humble\nThis rap shit a jungle, you either gon' drip or drown\nShout out to bitches who said I wouldn't make it\nThey ain't got no choice but to wipe me down\nI need a bag, can't fuck around\nAll my friends act like enemies anyhow\nYou a copy, lil' bitch, I'm original\nI gave birth to you hoes, I'll admit it now\nI was nervous, these bitches embarrass me\nFuck it, I'm moshing in Paris, G\nCan't compare us, I dare ya to come compete\nTurn ya pride to a carcass, no eulogy\n\n[Chorus]\nHeavy metal in my bezel, heavy sweat all in my sheets\nEvery level got a devil, I be losin' hella sleep\nI'm a rockstar, money make my cock hard\nBaby, I'm a rockstar, money make my cock hard, yeah\nHeavy metal in my bezel, heavy sweat all in my sheets\nEvery level got a devil, man, somebody pray for me\nI'm a rockstar, money make my cock hard\nBaby, I'm a rockstar, money make my cock hard, yeah\n\n[Verse 2]\nI'll drop the strap on a nigga\nHe sending me quality pics of his bootyhole\nI can't e'en sweat the lil' nigga\nI look in his eye when I suck it and steal his soul\nAlmost hit Disney to sue 'em 'bout Elsa\nWe been knew that mutha who really cold\nBitches be feelin' theyself on the net\nThese Helvetica hoochies ain't really bold\nI never needed approval, I know I'm that bitch\nI'm so groovy I got 'em shook\nI'm so remarkable, I bring out anger in bitches\nThat don't e'en know how I look\nThey see the truth when they look at me\nThey see they aunts and they mama and granny, G\nThey see a mirror, it don't get no clearer\nI'm everything bitches is scared to be\nSay I ain't fye, that's a lie\nDefamation of character, see you in fuckin' court\nLet me pull up on yo father, it's almost the first\nHe owe me a lil' child support\nHopped out the pussy demonic\nPops say I'm crazy, I say I'm iconic\nCame for my rings and my coin like I'm Sonic\nTook off on you bitches, I run it, you dummy\n\n[Chorus]\nHeavy metal in my bezel, heavy sweat all in my sheets\nEvery level got a devil, I be losin' hella sleep\nI'm a rockstar, money make my cock hard\nBaby, I'm a rockstar, money make my cock hard, yeah\nHeavy metal in my bezel, heavy sweat all in my sheets\nEvery level got a devil, man, somebody pray for me\nI'm a rockstar, money make my cock hard\nBaby, I'm a rockstar, money make my cock hard, yeah", "image": "https://images.genius.com/ee95ef4d8e3226655cf7485bf0864f1c.639x639x1.jpg"}], "artist": "\u200bbbymutha"}