{"songs": [{"title": "Daily Duppy", "album": null, "year": "2018-11-11", "lyrics": "[Intro]\nYeah, Aitch, Daily Duppy, Manchester way, you get me\n\n[Verse]\nYo, A1, I've had enough, it\u2019s time to start baggin' up\nI'm not packin\u2019 drugs but mans due to wrap rappers up\nWe was on the grind I swear I almost said I've had enough\nThem man used to laugh and now them pussyholes are backin' up\nWhip another track they play it once and pull it back (Yeah)\nLyrics class and YJ's nasty with the mac\nWhen you hear me through the speakers, turn the fucker to the max\nYa always spittin' gangsta rap, but half of them are just a pussy with a strap\nSay I'm not the realest? Spit the truth and that's a fact\nI'm not afraid to speak my mind, I got the game it\u2019s in the bag\nI\u2019m the one who's got the balls to say I\u2019m never in the trap\nThem other dons are just gassed say that shit without ya mask\nR-Rude boy whats ya problem?\nHatin' cause your bored so you ain't got no other option\nLittle did you know, you just played yourself fam\n'Cause you\u2019re putting money straight in to my pocket when you're watching, huh\nOver the top, I'm so extraordinary\nBy the way, I've stopped seeing Beth but I still talk to Kelly\nThey call me Aitch, a fly brother and I'm always ready\nType of guy to see a man with ten and go and order twenty\nBut allow all the hype let me enter my zone\nLike I flex with a tan and now I flex in my throne\nStill got your girlfriend texting my phone\nHa, and I just said\n\"Hiya babe, I must say you look great\nBy the way my names Aitch, I'll tell ya straight I've got game\nI've been chasin' you for days\nI wanna see you face to face\nGal I'm tryna kill your pussy, and be gone without a trace, uh uh\nIt's like you get prettier by the minute\nBut I'll only take you shopping when you let me slide up in it-\nWait, hold up sexy let me finish\nBy the way you hold your image got these other brothers trippin\"\nUh, it's a sin the way she lick it\nGot the devil in my bed but I don't care because she's strippin\nW-Woah, I put my dick in cause I'm winning\nThis is Aitch's way of livin' are you with it or you dippin'\nS-Stamp another track out\nWhen it bangs, it's like a shottie, blow your back out\nAll my money makers, get a rack out\nAll the pretty ladies, get your rack out\nI know I'm too rude, but I'm young so that's my excuse\nCommunicating with a little pretty one from Prestwich\nShe knows I've got a couple but I tell her she's my best bitch\nHer friends are beautiful I put them on the guestlist\nBut when they get drunk issa next ting, check dis\nRippin' shit, I got rhythm and the highest of visions\nStandin through the ceilin' nobody that can stop me from winnin'\nDeliver lyrics, the illest from beginning to finish\nHolla for a feature if you need somethin' spinnin, you dig it?\nSorry bro, but you're killin your image\nThey say I'm distant, it's business, nah you don't need to be trippin'\nRight now, it's time for work so I ain't really been chillin'\nBut don't worry my brothers, 'cause I can vision us winning\nAnyway watch when the banger lands, It's coming like an avalanche\nAnd I ain't in too weapons but I swing it like orangutans\nSami, that's my brother, I don't take him for no cameraman\nPezmo's a wizard did you see the way you patterned man\nLike I said it's all positive and blessed\nBig up everyone supporting my shit, I got respect\nI just killed Daily Duppy, fuck it up, it's left dead\nI don't know how it fits in my head\n\n[Outro]\nBig Shell, Ha", "image": "https://images.genius.com/38ef9c0680b9323c9bec1fe2cd917745.1000x563x1.jpg"}], "artist": "Aitch"}