{"songs": [{"title": "My Way", "album": null, "year": "2019-10-11", "lyrics": "[Intro: Ayo Beatz]\nOh yeah\nAyo Beatz!\nJust made a banger with [?]\nUh-huh, uh-huh\n\n[Chorus: Ayo Beatz]\nI just wanna get by and live\u2005life\u2005comfortably\nThem breddas wanna\u2005test I, them guys can't come\u2005for me\nI know I came up on a next vibe, no gyal, no company\nBut she's giving me the best wine, that might be the one for me\nAnd I pray that everything go my way, go my way, yeah (My way, yeah)\nCheddar in the bank so it go my way, go my way, yeah (My way, yeah)\nLeng ting and she wanna just go my way, go my way, yeah\nAnd this life we live, it like, oh-ah-ayy\nWe live it like oh-ah-ayy, ah-ayy-ah-ayy-ah\n\n[Verse 1: Ayo Beatz]\nEverywhere I go, man, I get it poppin'\nHit the West End when I go out shoppin'\nTwo peng tings so I have more options\nProbably why the pagans, them keep watchin'\nNow they wanna phone me\nRemember when they didn't wanna know me\nNow they keep chattin' 'bout the old me\nThey keep chattin' 'bout the old me, yeah yeah\nBut I'm just on my campaign thing, champagne thing\nGyally on the side on a plantain thing\nBuss five bottles, now your man hatin'\nBut he didn't say nothin' when the gang came in\nNo yeah, no ratings\nSlide through, make a man go skatin'\nHow you gonna chat about the boy ain't in?\nWhen your swaggers on an '08 thing, oh Lord\n\n[Chorus: Ayo Beatz]\nI just wanna get by and live life comfortably\nThem breddas wanna test I, them guys can't come for me\nI know I came up on a next vibe, no gyal, no company\nBut she's giving me the best wine, that might be the one for me\nAnd I pray that everything go my way, go my way, yeah (My way, yeah)\nCheddar in the bank so it go my way, go my way, yeah (My way, yeah)\nLeng ting and she wanna just go my way, go my way, yeah\nAnd this life we live, it like, oh-ah-ayy\nWe live it like oh-ah-ayy, ah-ayy-ah-ayy-ah\n\n[Verse 2: Kida Kudz]\nBack then, you didn't wanna chat to me\nYou was movin' mad and boujee, now you wanna chat to me\n'Cause I'm livin' my life like a movie\nEvery other day we bubblin'\nGet money, I don't wan' no strugglin'\nLegit money if you wanna call police\nStraight red flag if you're onto me\nWhen I'm on the dance, yeah, I do my moves\nBalenciaga, dey go check my shoes\nGot your miss on my line sayin', \"Yes, I do\"\nYou already know I be the gyal dem juice, yeah\nBe the gyal dem juice\nAnywhere we dey bring the gyal dem through\nAnd tell her make she come my way\nI tell her make she come my way\n\n[Chorus: Ayo Beatz]\nI just wanna get by and live life comfortably\nThem breddas wanna test I, them guys can't come for me\nI know I came up on a next vibe, no gyal, no company\nBut she's giving me the best wine, that might be the one for me\nAnd I pray that everything go my way, go my way, yeah (My way, yeah)\nCheddar in the bank so it go my way, go my way, yeah (My way, yeah)\nLeng ting and she wanna just go my way, go my way, yeah\nAnd this life we live, it like, oh-ah-ayy\nWe live it like oh-ah-ayy, ah-ayy-ah-ayy-ah", "image": "https://images.genius.com/e5ebc2b5fbd9af4b606bde5148a3be59.1000x1000x1.jpg"}], "artist": "Ayo Beatz"}