{"songs": [{"title": "Modern Romance", "album": null, "year": "2018-02-16", "lyrics": "[Verse 1]\nI just want somebody to love\nMaybe you can ask around\nI just want somebody to trust\nIs that crazy now?\n\n[Pre-Chorus]\nI've given you everything I can be\nOh, come on now\nDon't hold back\nGive it to me\n\n[Chorus]\n(I'm catching on, I'm catching on)\nWhen you hit me with those mood swings\n(I'm catching on, I'm catching on)\nYou know what you're doin'\n(I'm catching on, I'm catching on)\nI wish you could have told me\n(I'm catching on, I'm catching on)\nOr is this just our thing?\n\n[Post-Chorus]\nThis modern romance, can't believe it\nSuch a damn shame the way we over think things\nThis modern romance got me scheming\nShould I throw it all away?\nWhat happened to a face to face?\n\n[Verse 2]\nI just want somebody to love\nMaybe you can ask around?\nI just want somebody to trust\nPreferably on my side of town\n\n[Pre-Chorus]\nI've given you everything I can be\nOo c'mon now\nDon't hold back\nGive it to me\n\n[Chorus]\n(I'm catching on, I'm catching on)\nWhen you hit me with those mood swings\n(I'm catching on, I'm catching on)\nYou know what you're doin'\n(I'm catching on, I'm catching on)\nI wish you could have told me\n(I'm catching on, I'm catching on)\nOr is this just our thing?\n\n[Post-Chorus]\nThis modern romance, can't believe it\nSuch a damn shame the way we over think things\nThis modern romance got me scheming\nShould I throw it all away?\nWhat happened to a face to face?\n\n[Bridge]\nI'm no good for ya\nI'm no good for ya\nI'm was really into what we had\nI'm no good for ya\nI'm no good for ya\nWish it didn't have to end like that\n\n[Verse 3]\nDon't hide from the fire that feeds you\nGood God, there's a power and it's tryna break you down\nMy brother, my sister I need you now\nDon't stop cuz I'm tryna be new\n\n[Verse 4]\nThis modern romance, can't believe it\nSuch a damn shame the way we over think things\nThis modern romance got me scheming\nShould I throw it all away?\nWhat happened to a face to face?\nI think I know what you're about, baby, all about baby\n\n[Outro]\nI just want somebody to love", "image": "https://images.genius.com/25493da4ae4a9a80953ca22383c75b58.1000x1000x1.jpg"}], "artist": "B00TY"}