{"songs": [{"title": "Lonely", "album": "Trouble (Deluxe Edition)", "year": "2004-06-29", "lyrics": "Los Angeles, give it up one more time for Akon!\n\n[Hook: Bobby Vinton]\nLonely, I'm Mr. Lonely\nI have nobody for my own\nOh, I'm so lonely\nI'm Mr. Lonely\nI'm Mr. Lonely\nI have nobody for my own\nOh, I'm so lonely\n\n[Interlude over hook]\nYo Akon!\nWhat up, dude?\nYou comin' or what, man?\nNo, I got a lot on my mind, I'ma let y'all go ahead, man\nAlright. Come on. Alright, alright, let's do this\n\n[Intro: Akon]\nYo, this one here goes out\nTo all my players out there, man\nYou know, that got that one good girl, dawg\nThat's always been there, man\nLike, took all the bullshit\nBut then one day she can't take it no more\nAnd decides to leave\n\n[Verse 1: Akon]\nYeah, I woke up in the middle of the night\nAnd I noticed my girl wasn't by my side\nCould've sworn I was dreamin'\nFor her I was feenin'\nSo I had to take a little ride\nBacktrackin' on these few years\nTryin' to figure out what I do to make it go bad\n\u2018Cause ever since my girl left me\nMy whole life came crashin', and I'm so\u2026\n\n[Hook: Bobby Vinton & (Akon)]\nLonely (so lonely)\nI'm Mr. Lonely (Mr. Lonely)\nI have nobody (I have nobody)\nFor my own (to call my own, girl)\nOh, I'm so lonely (so lonely)\nI'm Mr. Lonely (Mr. Lonely)\nI have nobody (I have nobody)\nFor my own (to call my own, girl)\nOh, I'm so lonely\n\n[Verse 2: Akon]\nCan't believe I had a girl like you\nAnd I just let you walk right out of my life\nAfter all I put you through\nYou still stuck around and stayed by my side\nWhat really hurt me is I broke your heart\nBaby, you a good girl and I had no right\nI really wanna make things right\n\u2018Cause without you in my life, girl, I'm so\u2026\n\n[Hook: Bobby Vinton & (Akon)]\nLonely (so lonely)\nI'm Mr. Lonely (Mr. Lonely)\nI have nobody (I have nobody)\nFor my own (to call my own, girl)\nOh, I'm so lonely (so lonely)\nI'm Mr. Lonely (Mr. Lonely)\nI have nobody (I have nobody)\nFor my own (to call my own, baby)\nOh, I'm so lonely\n\n[Verse 3: Akon]\nBeen all about the world\nAin't never met a girl\nThat could take the things that you been through\nNever thought the day would come\nWhere you would get up and run\nAnd I would be out chasin' you\n\u2018Cause ain't nowhere in the globe I'd rather be\nAin't no one in the globe I'd rather see\nThan the girl of my dreams that made me be\nSo happy, but now so lonely\n\n[Hook: Bobby Vinton & (Akon)]\nLonely (so lonely)\nI'm Mr. Lonely (Mr. Lonely)\nI have nobody (I have nobody)\nFor my own (to call my own, no)\nOh, I'm so lonely (so lonely)\nI'm Mr. Lonely (Mr. Lonely)\nI have nobody (I have nobody)\nFor my own (to call my own, girl)\nOh, I'm so lonely\n\n[Verse 4]\nNever thought that I'd be alone\nI didn't think you'd be gone this long\nI just want you to call my phone\nSo stop playin', girl, and come on home\nBaby girl, I didn't mean to shout\nI want me and you to work it out\nI never wished that I would ever hurt my baby\nAnd it's drivin' me crazy, \u2018cause I'm so\u2026\n\n[Hook: Bobby Vinton & (Akon)]\nLonely (so lonely)\nI'm Mr. Lonely (Mr. Lonely)\nI have nobody (I have nobody)\nFor my own (to call my own, no)\nOh, I'm so lonely (so lonely)\nI'm Mr. Lonely (Mr. Lonely)\nI have nobody (I have nobody)\nFor my own (to call my own, girl)\nOh, I'm so lonely\n\n[Outro: Akon]\nSo lonely, so lonely\nMr. Lonely, so lonely\nSo lonely, so lonely\nSo lonely, Mr. Lonely", "image": "https://images.genius.com/90193af5bc6467a05fdf6a2d8d0c97b7.300x300x1.jpg"}], "artist": "Akon"}