{"songs": [{"title": "Rover", "album": null, "year": "2018-01-13", "lyrics": "[Intro: BlocBoy JB & Lil Juice]\nCoupe got the missing roof, your boo came up missing too\nPoof, I just stoled your boo, now ooh, she gon' eat the crew\nBread up in the gang, you would think that Bagg was comin' through\nSmile in my face but like a plastic bag I see through you\nTay Keith, fuck these niggas up\nYeah you fucked 'em up with this one Tay Keith\nHah, hah, hah\nYou got BlocBoy JB, Tay Keith produced it\nWord, word, word, word, word\nThat cash talk, money long\nShows getting booked\nChopper fired at a motherfucker's dome\nHoes getting took\nAnd if he playin', man, he still won't make it home\nWhole lot of Bloc Nation block niggas in your ass\nAyy what you on cuz?\n\n[Chorus]\nRiding in the motherfucking Rover (skrrt, skrrt)\nNigga talkin' down, I don't know ya (huh?)\nMade a hundred plays in the Focus (skrrt)\nGotta maintain, stay focused (that's on my mama)\nRiding in the motherfucking Rover (word)\nNigga talkin' down, I don't know ya (I don't know ya)\nMade a hundred plays in the Focus (skrrt)\nGotta maintain, stay focused\n\n[Verse 1]\nBitch I'm on a mission (on a mission)\nRiding 'round with Lil Jugg and he got extensions (got extensions)\nIf a nigga diss the block he gon' come up missing (word)\nAnd if you want to find his body you gon' have to go fishing\nWe wash a nigga like dishes (like dishes)\nYou get did up if you say the wrong thing (you get did up)\nYou get hit up, we gon' break y'all niggas down like a swisher\nTake a picture (take a picture)\nWhen it's cold, bitch I'm still the hottest nigga\nThem niggas on the other side broke, I overlook 'em\nAll 'bout the Benjamins, I'm feeling like Bucum (word)\nFeeling like Raymond, Grape Street Gang, what you saying?\nSeven hundred, we the new Iran\n\n[Chorus]\nRiding in the motherfucking Rover (skrrt, skrrt)\nNigga talkin' down, I don't know ya (huh?)\nMade a hundred plays in the Focus (skrrt)\nGotta maintain, stay focused (that's on my mama)\nRiding in the motherfucking Rover (word)\nNigga talkin' down, I don't know ya (I don't know ya)\nMade a hundred plays in the Focus (skrrt)\nGotta maintain, stay focused\n\n[Verse 2]\nCoupe got the missing roof, your boo came up missing too\nPoof, I just stoled your boo, now ooh, she gon' eat the crew\nBread up in the gang, you would think that Bagg was comin' through\nSmile in my face but like a plastic bag I see through you\nKillers in my motherfucking circle\nI bang the C, half a circle\nIt's first degree, I'll murk ya\nTake your head off on purpose\n\n[Interlude]\nHah, y'all niggas know what the fuck goin' on nigga\nNigga better stop playin' 'fore his mama end up layin', you heard me?\nReal, on crip nigga\nWhole lotta gang shit nigga, Grape Street nigga\nHey, hey, yeah yeah yeah\n\n[Chorus]\nRiding in the motherfucking Rover (skrrt, skrrt)\nNigga talkin' down, I don't know ya (huh?)\nMade a hundred plays in the Focus (skrrt)\nGotta maintain, stay focused (that's on my mama)\nRiding in the motherfucking Rover (word)\nNigga talkin' down, I don't know ya (I don't know ya)\nMade a hundred plays in the Focus (skrrt)\nGotta maintain, stay focused", "image": "https://images.genius.com/649dee147838ef10cc5e134cf0567805.1000x1000x1.jpg"}], "artist": "BlocBoy JB"}