{"songs": [{"title": "Hold Up", "album": "Lemonade", "year": "2016-04-23", "lyrics": "[Chorus]\nHold up, they don't love you like I love you\nSlow down, they don't love you like I love you\nBack up, they don't love you like I love you\nStep down, they don't love you like I love you\nCan't you see there's no other man above you?\nWhat a wicked way to treat the girl that loves you\nHold up, they don't love you like I love you\nOh, down, they don't love you like I love you\n\n[Verse 1]\nSomething don't feel right because it ain't right\nEspecially comin' up after midnight\nI smell your secrets, and I'm not too perfect\nTo ever feel this worthless\nHow did it come down to this? Scrolling through your call list\nI don't wanna lose my pride, but I'ma fuck me up a bitch\nKnow that I kept it sexy, you know I kept it fun\nThere's something that I'm missing, maybe my head for one\n\n[Refrain]\nWhat's worst, lookin' jealous or crazy? Jealous or crazy?\nOr like being walked all over lately, walked all over lately\nI'd rather be crazy\n\n[Chorus]\nHold up, they don't love you like I love you\nSlow down, they don't love you like I love you\nBack up, they don't love you like I love you\nStep down, they don't love you like I love you\nCan't you see there's no other man above you?\nWhat a wicked way to treat the girl that loves you\nHold up, they don't love you like I love you\nSlow down, they don't love you like I love you\n\n[Verse 2]\nLet's imagine for a moment that you never made a name for yourself\nOr mastered wealth, they had you labeled as a king\nNever made it out the cage, still out there movin' in them streets\nNever had the baddest woman in the game up in your sheets\nWould they be down to ride? No\nThey used to hide from you, lie to you\nBut y'all know we were made for each other\nSo I find you and hold you down\nMe sing se\n\n[Chorus]\nHold up, they don't love you like I love you\nSlow down, they don't love you like I love you\nBack up, they don't love you like I love you\nStep down, they don't love you like I love you\nCan't you see there's no other man above you?\nWhat a wicked way to treat the girl that loves you\nHold up, they don't love you like I love you\nSlow down, they don't love you like I love you\n\n[Bridge]\nHey, this such a shame\nYou let this good love go to waste\nI always keep the top tier, 5 star\nBackseat lovin' in the car\nLike make that wood, like make that wood\nHolly like a boulevard\n\n[Refrain]\nWhat's worse, lookin' jealous or crazy? Jealous and crazy?\nOr like being walked all over lately, walked all over lately\nI'd rather be crazy\n\n[Chorus]\nHold up, they don't love you like I love you\nSlow down, they don't love you like I love you\nBack up, they don't love you like I love you\nStep down, they don't love you like I love you\nCan't you see there's no other man above you?\nWhat a wicked way to treat the girl that loves you\nHold up, they don't love you like I love you\nOh, down, they don't love you like I love you\n\n[Outro]\nI hop up out my bed and get my swag on\nI look in the mirror, say, \"What's up?\"\nWhat's up, what's up, what's up\nI hop up out my bed and get my swag on\nI look in the mirror, say, \"What's up?\"\nWhat's up, what's up, what's up", "image": "https://images.genius.com/4c664104206b6a1246d9acdd4fb535ff.600x600x1.jpg"}], "artist": "Beyonc\u00e9"}