{"songs": [{"title": "Award Tour", "album": "Midnight Marauders", "year": "1993-11-09", "lyrics": "[Produced by A Tribe Called Quest]\n\n[Chorus: Dove]\nWe on Award Tour with Muhammad my man\nGoing each and every place with the mic in their hand\nNew York, NJ, NC, VA\nWe on Award Tour with Muhammad my man\nGoing each and every place with the mic in their hand\nOaktown, LA, San Fran, St. John\n\n[Verse 1: Q-Tip]\nPeople give your ears so I be sublime\nIt's enjoyable to know you and your concubines\nNiggas, take off your coats, ladies act like gems\nSit down, Indian style, as we recite these hymns\nSee, lyrically I'm Mario Andretti on the MOMO\nLudicrously speedy, or infectious with the slow-mo\nHeard me in the eighties, J.B.'s on \"The Promo\"\nIn my never-ending quest to get the paper on the caper\nBut now, let me take it to the Queens side\nI'm taking it to Brooklyn side\nAll the residential Questers who invade the air\nHold up a second son, 'cause we almost there\nYou can be a black man and lose all your soul\nYou can be white and groove but don't crap the roll\nSee my shit is universal if you got knowledge of dolo\nOr delf or self, see there's no one else\nWho can drop it on the angle, acute at that\nSo, do that, do that, do that, that, that (come on)\nDo that, do that, do that, that, that (OK)\nDo that, do that, do that, that, that\nI'm bugging out but let me get back cause I'm wetting niggas\nSo run and tell the others 'cause we are the brothers\nI learned how to build mics in my workshop class\nSo give me this award, and let's not make it the last\n\n[Chorus: Dove]\nWe on Award Tour with Muhammad my man\nGoing each and every place with the mic in their hand\nChinatown, Spokane, London, Tokyo\nWe on Award Tour with Muhammad my man\nGoing each and every place with the mic in their hand\nHouston, Delaware, DC, Dallas\n\n[Verse 2: Phife Dawg]\nBack in '89 I simply slid into place\nBuddy, buddy, buddy all up in your face\nA lot of kids was busting rhymes but they had no taste\nSome said Quest was wack, but now is that the case?\nI have a quest to have a mic in my hand\nWithout that, it's like Kryptonite and Superman\nSo Shaheed come in with the sugar cuts\nPhife Dawg's my name, but on stage, call me Dynomutt\nWhen was the last time you heard the Phife sloppy\nLyrics anonymous, you'll never hear me copy\nTop notch baby, never coming less\nSky's the limit, you gots to believe up in Quest\nSit back, relax, get up out the path\nIf not that, here's a dancefloor, come move that ass\nNon-believers, you can check the stats\nI roll with Shaheed and the brother Abstract\nNiggas know the time when Quest is in the jam\nI never let a statue tell me how nice I am\nComing with more hits than the Braves and the Yankees\nLiving mad phat like an oversized mampi\nThe wackest crews try to diss, it makes me laugh\nWhen my track record's longer than a DC-20 aircraft\nSo, next time that you think you want somethin' here\nMake something def or take that garbage to St. Elsewhere\n\n[Chorus: Dove]\nWe on Award Tour with Muhammad my man\nGoing each and every place with the mic in their hand\nSC, Maryland, New Orleans, Motown\nWe on Award Tour with Muhammad my man\nGoing each and every place with the mic in their hand\nChinatown, Spokane, London, Tokyo\nWe on Award Tour with Muhammad my man\nGoing each and every place with the mic in their hand\nHouston, Delaware, DC, Dallas\nWe on Award Tour with Muhammad my man\nGoing each and every place with the mic in their hand\nNew York, NJ, NC, VA\n\n[Outro]\nSeven times out of ten we listen to our music at night, thus spawned the title of this program\nThe word maraud means to loot\nIn this case, we maraud for ears", "image": "https://images.genius.com/9a4252a040213546c849bf7df3b8336d.1000x992x1.jpg"}], "artist": "A Tribe Called Quest"}