{"songs": [{"title": "Phone Tap", "album": "The Album", "year": "1997-10-21", "lyrics": "[Produced by Dr. Dre and Chris \"The Glove\" Taylor]\n\n[Intro: Nas]\nYo, this Esco, who this?\n\n[Verse 1: AZ]\nWhat's the deally, I just touched grounds down in Philly\nBrought a pound with me, Feds floating around silly\nTryna find Lynn; bitch supposed to be in the Benz\nParked in Row 10, her and that slow ho Gwen\nShould have known she was a bitch that we both could have boned\nTo post it alone, the ass had us both in the zone\nBut you know the rules, both been schooled by older dudes\nI know the jewels no time for them thoughts, too much to lose\nJust trying to vibe until them hoes role with the ride\nWhere's your joy and pride, you know little Des got your eyes\n\n[Nas]\nIn the cut drop CLK, the top's up\nLeft the mall bought Little Amal the toy truck\nYour boy's what, three-years-old now correct\nHe and my daughter age neck-and-neck, they future's set\nTrees got me wet, in the background's an old cassette\nFly Stephanie Mills shit\nWhat's the deal with, all this shit I'm hearing up top\nYou got arrested, shot a fair one with a cop\nThat ain't ya stee', you usually low key when o.t\nI'm only going off of what some weak bitch told me\n\n[AZ]\nThat's some ill shit, hear that bitch go with her clique\n\n[Nas]\nYo Dunn, I'll hit you right back cause the static is thick\n\n[Hook: Dr. Dre]\nWe got your phone tapped, what you gon' do\nCause sooner or later, we'll have your whole crew\nAll we need now is the right word or two\nTo make all it stick like glue, then you through\nWe got your phone tapped, what you gon' do\nCause sooner or later, we'll have your whole crew\nAll we need now is the right word or two\nTo make all it stick like glue, we got you\n\n[Verse 2: AZ]\nWe just hit the crib-o, I'm curled up on this pillow\nI'm still low, heard the ill news, these niggas killed Mo\nThe shit touched me, tryna chill just lit a Dutchie\nFrom a while back, same foul cats who tried to bust me\nCaught em sleeping in Spanish Harlem with some Puerto Ricans\nUp in Washington Heights right off the Deegan\nFeel awful speaking, for some reason feel the phone's tapped\nAlone with gats, left with a vest to watch my own back\n\n[Nas]\nKeep your eyes open, stay wide, shit is mind blowing\nLook for any sign showin one-time is knowing\nAbout the dynasty, shit is not minor leagues no more\nCats bleed in this cold war\nSon we took an oath, then this life took us both\nWe rich now, milk the whole cow, split the growth\nNow I'm on the Conduit, headlights on\nFluid in the windsheild wipes gone this light storm\nThat's forming in the sky, you coming home tomorrow\nWill you drive or will you fly - hold up, my other side\n\n[Nature]\nYo son some other cats tried to ruin our plans\nSending two decoy bitches with pictures of you and your man\nAsking your whereabouts, I gave em no leads\nFor all the nigga know them hoes fuck with police\n\n[Nas]\nNo shit I'm clicking over, I'mma tell Sos quick\nSon, them outta state bitches tryna get us both hit\nThat was Nate, he hit me last night late while in my ho's stomach\nSaid it's no hundred, we FBI's most wanted\nSo play the low; change your clothes, pack your bags\nWatch what you say on this phone, get home fast\n\n[Hook]\n\n[AZ]\nYo it's all good\nI'mma hit you when I touch down tomorrow son, word\n\n[Nas]\nStay on-point, don't even use the phone\nJust come to my crib yo, word up\n\n[AZ]\nOut", "image": "https://images.genius.com/ab9945fce37f86fc3133b6b86997e62b.458x458x1.jpg"}], "artist": "The Firm"}