{"songs": [{"title": "Payback", "album": "Netflix & Deal", "year": "2019-11-22", "lyrics": "[Intro: 03 Greedo & KEY!]\nI'ma pull up in a Benz, ayy, ayy (Three)\nUnlimited (Bitch), strategic (03)\n(Woah, Kenny)\n(Ayy)\n\n[Chorus: 03 Greedo]\nGucci shoes with\u2005the\u2005pimped out Gucci\u2005suit (Sippin' champagne in the Gucci\u2005store)\nGot tartan, but I can't pay my rent\nI'ma pull up in the Benz, I don't pull up with no friends, it's the Gucci, it ain't Timb\nI might pull up in the Benz and this Gucci on my lens\nI might pull up in a Benz (Yeah)\n\n[Verse: Ohgeesy]\nLove my dog like Ralo, all them tips is hollow\nBulletproof SUV, it's a mothafuckin' Tahoe\nNeed my money fast, real fast, like pronto\nSippin' on that pink, smooth green, like Wanda and Cosmo\nI bounce out with a stick\nThe way you bounce that ass make a nigga cum quick\nShe fuckin' on my jewels, she fuckin' all the jits\nAll my lil' homies, they done been fucked your bitch\nTrickin' on that hoe, you payin' on her rent\nShe say that pussy yours, why the fuck it got a stench\nBeamer and the Benz, she driving all my friends\nShe act like she in love, but that ho, she pretend, ayy\n\n[Chorus: 03 Greedo]\nGucci shoes with the pimped out Gucci suit (Sippin' champagne in the Gucci store)\nI got tartan, but I can't pay my rent\nI'ma pull up in the Benz, I don't pull up with no friends, it's the Gucci, it ain't Timb\nI might pull up in the Benz and this Gucci on my lens\nI might pull up in a Benz\n\n[Verse 2: 03 Greedo]\nWatch me pull up in that Maybach\nTold 'em haters this was payback\nYou was hatin', I don't play that\nKeep a chopper, I'ma spray that\nThis a AR, I don't keep the K, man\nOoh, I was stunting' like a caveman\nGot the Grizzley bear, niggas actin' weird\nI'm a real street nigga, love is all I fear\nFuckin' with my peers, ooh, ooh\nI sip lean, I do not fuck with beers\nOoh, ooh-ooh\nTats on my face and I ain't go no tattoo tears\nStill a killer nigga, ain't no realer nigga\nI feel like Boosie on that thriller, nigga, ooh\nMichael Jackson, I'ma thriller nigga, ooh\nI'ma snort in case it heal a nigga\n\n[Chorus: 03 Greedo]\nGucci shoes with the pimped out Gucci suit (Sippin' champagne in the Gucci store)\nI got tartan, but I can't pay my rent\nI'ma pull up in the Benz, I don't pull up with no friends, it's the Gucci, it ain't Timb\nI might pull up in the Benz and this Gucci on my lens\n(We the new Cash Money)\nI might pull up in a Benz (Yeah)\n\n[Outro: 03 Greedo]\nI'ma pull up in a Benz\nWatch me pull up in a Benz\nI'ma pull up in a Benz, I'ma pull up in a Benz\nWatch me pull up in a Benz\nGucci, not no Timb\nFeel like Baby, and I'm Slim\nThat shit hard, I like it", "image": "https://images.genius.com/5cf341ad2649ca2c4f60d4a4ab7da7aa.1000x1000x1.jpg"}], "artist": "03 Greedo & Kenny Beats"}