{"songs": [{"title": "X", "album": "Savage Mode", "year": "2016-07-15", "lyrics": "[Bridge: 21 Savage]\n10 bad bitches in a mansion\nWrist on Milly Rock, them diamonds on me dancin'\nWhen you workin' hard, then your money start expandin'\nI got model bitches wanna lick me like some candy\nAnd them drugs come in handy\nLast name Savage, bitch, but no, I'm not Randy\nHit her with no condom, had to make her eat a Plan B\nAnd I'm sippin' on that codeine, not Brandy (21)\n\n[Chorus: 21 Savage]\nHah (hah) I'm just stuntin' on my ex-bitch (hah)\nHuh (hol' up) I'm just flexin' on my ex-bitch (hah)\nHol' up, I'm just stuntin' on my ex-bitch (hol' up)\nHol' up (hol' up) I'm just flexin' on my ex-bitch (21, 21, 21)\nFuck a wedding ring, I bought a necklace (21, 21)\nDiamonds got the flu, try not to catch this (21, 21)\nI left that ho alone 'cause she was ratchet (hah, woah, woah)\nAll these bitches salty, they can't stand me (hah, woah)\n\n[Verse 1: 21 Savage & Future]\nFlexin' on that bitch, hol' up (Flexin' on that bitch)\nBought a necklace on that bitch, hol' up (21, 21)\nHer friend gon' lick me like a fruit roll up (Roll, up, roll up)\nShe in her feelings on the 'Gram, grow up (Bandz)\n21! Flexin' on that bitch, hol' up (hol' up)\nI ain't textin' back that bitch, hol' up (no way, no way)\nI ain't stressin' bout that bitch, hol' up (Savage)\n21 gon' get the stick, hol' up\nHol' up, hol' up, bitch I like to ball (Like to ball)\nHol' up, hol' up, without no weave, you bald\nHol' up, bitch I spent your rent inside the mall (21, 21)\nHol' up, she got a nigga, but he broke, she lost (Savage)\nHol' up, at this private location\nHol' up, put her back in rotation (Woo)\nHol' up, bitches on me, immigration\nHol' up, goin' through the translations\n\n[Chorus: 21 Savage & Future]\nHah (hah) I'm just stuntin' on my ex-bitch (hah)\nHuh (hol' up) I'm just flexin' on my ex-bitch (hah, 21)\nHol' up, I'm just stuntin' on my ex-bitch (hol' up)\nHol' up (hol' up, hol' up, nigga) I'm just flexin' on my ex-bitch (21, 21, 21)\nFuck a wedding ring, I bought a necklace (21, 21, 21)\nDiamonds got the flu, try not to catch this (21, 21)\nI left that ho alone 'cause she was ratchet (hah)\nAll these bitches salty, they can't stand me (Woo, hah)\n\n[Verse 2: 21 Savage & Future]\nHol' up (hol' up) bitch my Rolex on fleek (On fleek)\nHol' up, bitch my diamonds on fleek (Bling, blaww)\nHol' up, I got gold on my teeth (Hol' up, on my teeth, teeth)\nHol' up, you got Rainbow on your feet? (Broke bitch, Bandz)\nHol' up, corny niggas don't impress me\nHol' up, never let a bitch dress me\nHol' up, can't no motherfuckin' judge check me\nHol' up, I don't give a fuck about no ring (Yuh)\nHol' up, money make my old bitches hate me\nHol' up (hol' up) bitch you still stay on Section 8 (Broke bitch)\nHol' up, my new bitch wetter than a lake (Wet as fuck)\nHol' up, and she love to let me paint her face (21)\nHol' up, fell in love with some good throat\nHol' up, fell in love with some good throat\nHol' up, ripped them confidential papers up\nHol' up, you done made me wake my savage up (21, 21, hol' up)\n\n[Chorus: 21 Savage (with Future)]\nHah (hah) I'm just stuntin' on my ex-bitch (hah)\nHol' up (hah) I'm just flexin' on my ex-bitch (hah)\n21, I'm just stuntin' on my ex-bitch (hol' up)\nPoof (hol' up) I'm just flexin' on my ex-bitch (21, 21, 21)\nFuck a wedding ring, I bought a necklace (21, 21)\nDiamonds got the flu, try not to catch this (21, 21)\nI left that ho alone 'cause she was ratchet (hah)\nAll these bitches salty, they can't stand me (hah)\n\n[Outro: 21 Savage, Future, & Metro Boomin]\nTen bad bitches in a mansion\nWrist on Milly Rock, them diamonds on me dancin'\nWhen you workin' hard then your money start expandin'\nIf Young Metro don't trust you, I'm gon' shoot you\nAnd them drugs come in handy\nLast name Hendrix, bitch, but no, I'm no Jimi\nHit 'em with no condoms, shipped her right back out the country\nAnd I'm sippin' codeine, tats all on my stomach", "image": "https://images.genius.com/74fd790126e1e11b02aa8a560e195859.1000x1000x1.jpg"}], "artist": "21 Savage & Metro Boomin"}