{"songs": [{"title": "Pretty Little Thing", "album": null, "year": "2019-08-09", "lyrics": "[Intro: Afro B & Ashanti]\nAshanti\nAfro B\nWine slow (Hmm, ooh, yeah)\nYeah, yeah, yeah\n\n[Hook: Afro B & Ashanti]\nI go be your django, django, yeah\nI no go let go, let go, yeah, yeah, yeah (Django, django)\nI go be your django, django, yeah (Django, django)\nI no go let go, let go, yeah (Hmm, ooh, yeah)\nUh, baby, come follow me, wine slow\nFollow me, wine slow, baby\nCome follow me, wine slow (Hush)\nFollow me, wine slow, yeah (Yeah, yeah, yeah, yeah)\nCome follow me, wine slow (Hey)\nFollow me, wine slow, yeah\nBaby, come follow me, wine slow (Ha, hm)\nFollow me, wine slow, yeah\n\n[Post Hook: Ashanti]\nPretty little thing\nI'm your pretty little thing\nI'm your pretty little thing\nI'm your pretty little thing\n\n[Verse: Ashanti]\nWhenever it comes to you, memories all rewind\nCos' every thought of you, playing inside my mind\nIt's so vivid, the way that I see it\nYou got me feeling, babe\nAnd wherever you go, l, I'ma follow you, I\nYou got a hold of my haze eyes\nNow we can make love, yeah, yeah, yeah\n\n[Hook: Afro B & Ashanti]\nI go be your django, django, yeah (I go be your django)\nI no go let go, let go, yeah, yeah, yeah (I no go let go)\nI go be your django, django, yeah (Django, django)\nI no go let go, let go, yeah (Hmm, ooh, yeah)\nUh, baby, come follow me, wine slow\nFollow me, wine slow, baby\nCome follow me, wine slow (Hush)\nFollow me, wine slow, yeah\nCome follow me, wine slow (Hey)\nFollow me, wine slow, yeah\nBaby, come follow me, wine slow (Ha, hm)\nFollow me, wine slow, yeah\n\n[Bridge: Ashanti w/ Afro B]\nCome for me, grind on me\nTell me the truth, don't lie to me\nI'ma give you what you need\nI need this pretty little thing\nOh, yeah\n\n[Hook: Afro B & Ashanti]\nI go be your django, django, yeah\nI no go let go, let go, yeah, yeah, yeah\nI go be your django, django, yeah\nI no go let go, let go, yeah (Hmm, ooh, yeah)\nUh, baby, come follow me, wine slow\nFollow me, wine slow, baby\nCome follow me, wine slow (Hush)\nFollow me, wine slow, yeah\nCome follow me, wine slow (Hey)\nFollow me, wine slow, yeah (Hmm, ooh, yeah)\nBaby, come follow me, wine slow (Ha, hm)\nFollow me, wine slow, yeah\n\n[Post Hook/Outro: Ashanti & Afro B]\n(Pretty little thing)\nWine slow\nI'm your (Pretty little thing)\nWine slow, yeah\nI'm your (Pretty little thing)\nWine slow\nI'm your (Pretty little thing)\nWine slow, yeah", "image": "https://images.genius.com/c0d766e7d1f12e574a7ab7f8778faf6b.750x750x1.jpg"}], "artist": "Ashanti"}