{"songs": [{"title": "Check the Rhime", "album": "The Low End Theory", "year": "1991-09-24", "lyrics": "[Intro]\nUh, uh, uh, uh\nUh, uh, uh, check the rhyme y'all\n\n[Verse 1: Q-Tip & (Phife Dawg)]\nBack in the days on the boulevard of Linden\nWe used to kick routines and the presence was fittin'\nIt was I, The Abstract\n(And me, the Five Footer)\n(I kicks the mad style so step off the frankfurter)\nYo, Phife, you remember that routine\nThat we used to make spiffy like Mr. Clean?\n(Um... um... a tidbit, um... a smidgen)\n(I don't get the message so you gots to run the pigeon)\nHeh, okay, you on point Phife? (All the time, Tip)\nYou on point Phife? (All the time, Tip)\nYou on point Phife? (All the time, Tip)\nWell, then grab the microphone and let your words rip\n\n[Verse 2: Phife Dawg]\nNow here's a funky introduction of how nice I am\nTell your mother, tell your father, send a telegram\nI'm like an energizer 'cause, you see, I last long\nMy crew is never ever wack because we stand strong\nNow if you say my style is wack that's where you're dead wrong\nI slayed that buddy in El Segundo then Push it Along\nYou'd be a fool to reply that Phife is not the man\n'Cause you know and I know that you know who I am\nA special shout of peace goes out to all my pals, you see\nAnd a middle finger goes for all you punk MC's\n'Cause I love it when you wack MC's despise me\nThey get vexed, I roll next, can't none contest me\nI'm just a fly MC who's five foot three and very brave\nOn top remaining, no home training 'cause I misbehave\nI come correct in full effect have all my hoes in check\nAnd before I get the butt, the jim must be erect\nYou see, my aura's positive I don't promote no junk\nSee, I'm far from a bully and I ain't a punk\nExtremity in rhythm, yeah that's what you heard\nSo just clean out your ears and just check the word\n\n[Chorus: Q-Tip]\nCheck the rhyme y'all, check the rhyme y'all\nCheck the rhyme y'all, check the rhyme y'all\nCheck the rhyme y'all, check the rhyme y'all\nCheck it out, check it out\nCheck the rhyme y'all, check the rhyme y'all\nCheck the rhyme y'all, play tapes y'all\nCheck the rhyme y'all, check the rhyme y'all\nCheck it out, check it out\n\n[Verse 3: Phife Dawg & (Q-Tip)]\nBack in the days on the boulevard of Linden\nWe used to kick routines and the presence was fittin'\nIt was I, the Phifer (And me, the Abstract)\n(The rhymes were so rumpin' that the brothers rode the 'zack)\nAyo Tip, do you recall when we used to rock (What?)\nThose fly routines on your cousin's block?\n(Um, let me see, damn I can't remember)\n(I receive the message and you will play the sender)\nYou on point Tip? (All the time, Phife)\nYou on point Tip? (Yeah, all the time, Phife)\nYou on point Tip? (Yo, all the time, Phife)\nSo play the resurrector and give the dead some life\n\n[Verse 4: Q-Tip]\nOkay, if knowledge is the key then just show me the lock\nGot the scrawny legs but I move just like Lou Brock\nWith speed, I'm agile plus I'm worth your while\nOne hundred percent intelligent black child\nMy optic presentation sizzles the retina\nHow far must you go to gain respect? Umm...\nWell, it's kind of simple, just remain your own\nOr you'll be crazy, sad and alone\nIndustry rule number four-thousand-and-eighty;\nRecord company people are shady\nSo kids watch your back 'cause I think they smoke crack\nI don't doubt it, look at how they act\nWell off to better things like a hip-hop forum\nPass me the rock and I'll score 'em with decorum\nAnd proper\u2014what you say Hammer? Proper\nRap is not pop, if you call it that then stop\n\n[Outro: Q-Tip]\nNC, y'all check the rhyme y'all\nSC, y'all check it out y'all\nVirginia, check the rhyme y'all\nCheck it out, check it out\nIn London, check the rhyme, y'all", "image": "https://images.genius.com/ae1f7e7543bdbd38f4f74880cc4a3502.402x402x1.jpg"}], "artist": "A Tribe Called Quest"}