{"songs": [{"title": "Grab the Habad", "album": null, "year": "2019-06-16", "lyrics": "[Intro: 38]\nComing from poverty\nDon't\u200a rock with me\nDon't\u200a rock with me, yeah yeah\n\n[Chorus: ALZ]\nGrab the habad then we shoot it\nWhip the cadaan then we move it\nAll\u200a my niggas really do this\nNo\u200a comment, they can't prove this\nSaid she want me, I ain't stupid 'cause I know it's for the music\n38,\u200a that's Judas sneak dissing, I ain't clueless\nGrab the habad then we shoot it\nWhip the cadaan then we move it\nAll my niggas really do this\nNo\u200a comment, they can't prove this\nSaid she want me, I ain't stupid 'cause I know it's for the music\n38, that's Judas sneak dissing, I ain't clueless\n\n[Verse 1: ALZ]\nMy circle's tight like a virgin, fake niggas can't surround me\nMoney on my mind so I am only chasing pounds G\nAll, drugs money guns that's the only thing around me\nAsk around the street, the block's hot like it's Southeast\nShout out my nigga Abdi, he's whipping Qs like it's Audi\nI mean bro come to push and the engine is kinda rowdy\nBlood, sweat and tears, what it cost me to get here\nAnd if he bleeds the same blood, don't ever show fear\nCan't stop grinding till my whole team's gone clear\nGrinding in my Nikes, I don't know about Moncler\nTouch one of mine that's bare rides like a fun fair\nNiggas talking cunch but ain't even spent a month there\nTalking 'bout pressure, wrote my verse in like 25\nNiggas start singing when the feds show them 25s\nCan't trust a soul 'cause these niggas keep telling lies\nPutting you to sleep but I ain't talking no lullabies\n\n[Chorus: ALZ]\nGrab the habad then we shoot it\nWhip the cadaan then we move it\nAll my niggas really do this\nNo comment, they can't prove this\nSaid she want me, I ain't stupid 'cause I know it's for the music\n38, that's Judas sneak dissing, I ain't clueless\nGrab the habad then we shoot it\nWhip the cadaan then we move it\nAll my niggas really do this\nNo comment, they can't prove this\nSaid she want me, I ain't stupid 'cause I know it's for the music\n38, that's Judas sneak dissing, I ain't clueless\n\n[Verse 2: 38]\nI'm really balling out every season\nShe don't want me 'cause I ain't appealing\nBut I'm balling like I'm Cleveland, whipping any season\n[?] so we aiming for the ceiling\nI don't fuck with that nigga\nHere we changing for them stacks and figures\nAll my niggas really with it 'cause we coming from poverty\nIf you ain't, little nigga, don't rock with me\nOld friends like \"you been changing\"\nDamn right, but I'm [?] blue lights\nTry to chase us like Loco, I ain't racist\n[?] but she can't take this\nI go in so hard and I ain't basic\nI started from the bottom like Drake\nYou ain't my slime if you're fucking with the jakes\nThey really hold corn, I ain't talking no flakes\nI grind so hard and I ain't taking no breaks\n\n[Chorus: ALZ]\nGrab the habad then we shoot it\nWhip the cadaan then we move it\nAll my niggas really do this\nNo comment, they can't prove this\nSaid she want me, I ain't stupid 'cause I know it's for the music\n38, that's Judas sneak dissing, I ain't clueless\nGrab the habad then we shoot it\nWhip the cadaan then we move it\nAll my niggas really do this\nNo comment, they can't prove this\nSaid she want me, I ain't stupid 'cause I know it's for the music\n38, that's Judas sneak dissing, I ain't clueless\n\n[Outro: ALZ]\nShout out my bro Tim's for the love when I'm getting fried\nEverything I say is the truth, I ain't telling lies", "image": "https://images.genius.com/b0498323b625dbb99f809646520d0129.1000x1000x1.jpg"}], "artist": "38 x Alz (YMN)"}