{"songs": [{"title": "Bump, Bump, Bump", "album": "Pandemonium!", "year": "2002-10-23", "lyrics": "[Intro: P.Diddy + (B2K)]\nWe sending this one out to all the ladies all over the world\nAll those sexy mamas\nCome on, come on, and come on now\nAs we proceed, to give you what you need\nYou know I like it when your body go\n(Bump, bump, bump)\nBad Boy, B2K\nYo, O, talk to 'em, playa\n\n[Verse 1: Omarion + (P.Diddy)]\nI like your little sexy style\nLove it when you getting wild\nGirl in the club with me\nGirl, you need to be in magazines\nWear a crown on your head cause you're a ghetto queen\nLike bling bling bling\nThe way you shaking that sexy ass\nYour body shaped like an hour glass\nBaby we need to spend some time\nI wanna get you to myself\nMe and nobody else\nAnd do the things we do\nBaby there is something that I need from you\n\n[Chorus: B2K + (Omarion)]\nBaby turn around and let me see that sexy body go\nBump, bump, bump\n(That is all I want to see\nBaby show me, show me)\nBaby turn around\nAnd let me see that sexy body go\nBump, bump, bump\n(The way you're throwing that thing at me\nI can't take it, baby)\n\n[Verse 2: Omarion + (P.Diddy)]\nI love the way you're teasing me\nGonna have to stop pleasing me\nWhile we're on this floor\nYou're kicking it round and round\nI love the way you put it down\nYou're making me scream for more\nPut your 2-way next to mine\nBaby hit me anytime\nYou and me behind closed doors\nYou're about to be my main squeeze\nTake trips, cop shiny things\nGirl just come with me\nNow, mama, go ahead do the damn thing\n\n[Chorus]\n\n[Verse 3: P. Diddy]\nDance for nothing mami, plans to take her by me\nGet on the floor, make it bump more, shake it, mami\nLet's ride, I'm your Clyde, you can be my Bonnie\nSee you the type for me, mami, so right for me\nMan she can move it, love when she dance to the music\nMake me wanna stand like a pool stick\nHands is the smoothest, just a simple touch make me lose it\nGirl, that's enough; stop movin'\nNow bump that, I pump that, girl, bring it to me bump that\nI want that girl to sing it wit me like\n(La la-la la-la la la la, La la-la la-la la la la)\nSo let's do it again, mami, you and a friend, mami\nMoney ain't a thing, look, what I gotta spend mami?\nPut up your hands for me, that's how you dance for me\nShake it like you can honey, take it from your man, mami\n\n[Chorus x2]\n\n[Outro: P.Diddy]\nB2K, Bad Boy\nThey call me Diddy\nYea, Dave Mack, you got one now, baby\nDon't stop now, hah!\nI see you, Chris\nC'mon, let's go\nC'mon, let's go\nAnd another one\nCome on, it's Pandemonium, baby\nLet's go, yeah", "image": "https://images.genius.com/13396fb1097a3bf45fa5eb0e0cdc8fa0.180x180x1.jpg"}], "artist": "B2K"}