{"songs": [{"title": "People Everyday", "album": "3 Years, 5 Months and 2 Days in the Life Of...", "year": "1992-03-24", "lyrics": "[Verse 1: Speech]\nSee I was resting at the park minding my own\nBusiness as I kick up the treble tone\nOn my radio tape player box, right\nJust loud enough so folks could hear it's hype, see?\nOutta nowhere comes the woman I'm dating\nInvestigation maybe she was demonstrating\nBut nevertheless I was pleased\nMy day was going great and my soul was at ease\nUntil a group of brothers started bugging out\nDrinking the 40 oz, going the nigga route\nDisrespecting my black queen\nHolding their crotches and being obscene\nAt first I ignored them cause see I know their type\nThey got drunk and got guns and they wanna fight\nAnd they see a young couple having a time that's good\nAnd their egos wanna test a brother's manhood\nSo they came to test Speech cause of my hair-do\nAnd the loud bright colors that I wear [Boo !]\nI was a target cause I'm a fashion misfit\nAnd the outfit that I'm wearing brothers dissing it\nWell I stay calm and pray the niggas leave me be\nBut they're squeezing parts of my date's anatomy\nWhy, Lord, do brothers have to drill me ?\nCause if I start to hit this man he'll have to kill me\n\n[Hook]\nI am everyday people (2x)\n\n[Verse 2: Speech]\nI told the niggas please let us pass, friend\nI said please cause I don't like killing Africans\nBut he wouldn't stop and I ain't Ice Cube\nBut I had to take the brother out for being rude\nAnd like I said before I was mad by then\nIt took three or four cops to pull me off of him\nBut that's the story y'all of a black man\nActing like a nigga and get stomped by an African\n\n[Hook]\n\nThe moral of the story is you better look very hard at who you're stepping to, cause you might get killed or shot and it's not worth it. Africans need to be loving each other and unite", "image": "https://images.genius.com/6a06ddddf4d1fe014429ffd1c402d264.600x600x1.png"}], "artist": "Arrested Development"}