{"songs": [{"title": "Spring Again", "album": "The Biz Never Sleeps", "year": "1989-10-10", "lyrics": "Yo this one aight though\nYo, me and Cool V\nDis dis dis gon' be dis gon' be our new single\nAnd when you hear this story you'll say it's aight though\nYo yo yo yo Cool V, why don't you give me a cue\nOne more cue, and then I'm ready to go in\n\n[Verse One]\nDon't you like when the winter's gone\nAnd all of a sudden it starts gettin warm\nThe trees and the grass start lookin fresh\nAnd the sun and sky be lookin their best\nBirds be singin, flowers be bloomin\nA lot of brand new cars be zoomin\nFly girls lookin the best they can be\nAnd the guys be dukey dukey Dan you see\nBesides all that I like the warm weather\nCause that's when you can get yourself together\nBut I like Easter time with a grin\nCause when I was little we used to go to Coney I-sland\nWe used to eat a lot of stuff like cotton candy\nCause back then, it was like fine and dandy\nYou used to get dressed up in double knits\nAnd your plaid suit jackets, they were the shits\nThe good ol' days, was back then\nAnd the reason I reminisce, cause..\n\n[Chorus: Biz sings - voice slowed down]\nIt's spring again\nEverybody know it's spring again\nTo the girls and boys and people above\nThis is the time to fall in love\n\n[Verse Two]\nNow girls - have you ever broke up with your boyfriend\nAnd you felt that the world was comin to an end\nSittin around the house poutin for no reason\nJust because you thought your man was skeezin\nFor a couple of days, look gloomy and gray\nThinkin about the ol' happy days\nAll of a sudden, the telephone ring\nHe beg for your forgiveness and you know what that brings\nJoy and happiness into your life\nBefore you felt like your heart was stabbed by a knife\nI'm tellin you girls, keep the man that you got\nCause if he cheats, you might need a VD shot\nYou know two wrongs don't make a right\nAnd if you did somethin wrong, don't do the same it's not polite\nPlease don't make this breakin up a trend, BECAUSE.. BECAUSE..\n\n[Chorus]\n\n[Verse Three]\nNow fellas - have you ever met a girl that tried to front\nAnd wanted you to act like you was on a hunt\nI used to see my homeboys frown and fret\nFor a girl that always tryin to play hard to get\nI know I caught it myself, I must admit\nAnd said - anything you want you gotta work hard for it\nMe the Diabolical, be obsessed?\nAnd go after somethin that a girl posess?\nThey're really on yours like a pair of drawers\nThey want you to be like Santa Claus\nThey want drug dealers, and four-wheelers\nTruck jewelry, they expect you to steal her\nSheeeeit, I know they must be buggin\nThey better hit the streets and do their own muggin\nBut in this case, you would just overlook her\nSend her on her way and say I can't help you hooker\n\n[Chorus]\n\n{*Cool V scratches to the end*}", "image": "https://images.genius.com/7c84ab3a345d944b61d4c41970988d2c.1000x1000x1.jpg"}], "artist": "Biz Markie"}