{"songs": [{"title": "Drip Layer", "album": "Destined", "year": "2018-12-18", "lyrics": "[Intro]\nKeezy808, he got that bitch goin' dumb\n\n[Chorus: Setitoff83]\nStep in the drip lair\nAnd please don't bring your ho 'round me 'cause I'm a bitch-taker\nI fucked that ho then fucked her friend 'cause I'm a big player\nI hit the road to get the load 'cause I'm a risk taker\nYeah, I'm a big gangster\nStep in the drip lair\nAnd please don't bring your ho 'round me 'cause I'm a bitch-taker\nI fucked that ho then fucked her friend 'cause I'm a big player\nI hit the road to get the load 'cause I'm a risk taker\nYeah, I'm a big gangster\n\n[Verse 1: Setitoff83]\nStep in, you know I'm drippin'\nDon't come at me with goofy questions 'cause you know I'm crippin'\nReal gangster, they respect my words, so you know they listen\nAnd don't keep whinin' 'bout my trap, 'cause your whip, we gon' flip it\nNigga, stop movin' risky\nShe want a Big 3 (Ayy)\nMy girl told me you cap a lot, she want a real G (Ayy, ayy)\nNigga say he gon' take somethin' from me, boy, we will see (On gang)\nBitch, I be posted on that block right up off Losses Street\nNigga, I'm Big 3, no cap\n\n[Chorus: Setitoff83]\nStep in the drip lair\nAnd please don't bring your ho 'round me 'cause I'm a bitch-taker\nI fucked that ho then fucked her friend 'cause I'm a big player\nI hit the road to get the load 'cause I'm a risk taker\nYeah, I'm a big gangster\nStep in the drip lair\nAnd please don't bring your ho 'round me 'cause I'm a bitch-taker\nI fucked that ho then fucked her friend 'cause I'm a big player\nI hit the road to get the load 'cause I'm a risk taker\nYeah, I'm a big gangster\n\n[Verse 2: Lil Tony]\nLil Ton'\nBig Glocks (Glocks), big bands, you won't stand a chance (Nah)\nBig packs (Woo), big racks, know I got them bands\nBig 'Woods, yeah, I'm smokin' on them Cali flavors\nHittin' licks, toting sticks, huh, I'm a risk taker\nTake your bitch, yeah, huh, I'm a big player\nNow I'm in her mouth, like a jawbreaker\nNever been a sucker nigga, never put my trust in niggas\nIn the streets, ain't no love, so I be quick to bust a nigga\n\n[Chorus: Setitoff83]\nStep in the drip lair\nAnd please don't bring your ho 'round me 'cause I'm a bitch-taker\nI fucked that ho then fucked her friend 'cause I'm a big player\nI hit the road to get the load 'cause I'm a risk taker\nYeah, I'm a big gangster\nStep in the drip lair\nAnd please don't bring your ho 'round me 'cause I'm a bitch-taker\nI fucked that ho then fucked her friend 'cause I'm a big player\nI hit the road to get the load 'cause I'm a risk taker\nYeah, I'm a big gangster\n\n[Verse 3: Yung Boss Tevo]\nI got big paper, free smoke inhaler\nHe got a Rollie, I'm snatching that bitch off his wrist, wrist taker\nYou know my drip major, we run in your crib just like invaders (What else?)\nThe trap doing numbers, calculator\nAin't 'bout paper, see you later (Uh-uh)\nThey know we ballin', no Derrick Rose\nHe cross the tracks, he get left on the railroad (Come here)\nI see the hate through the blindfold\nCatch him, I fold his ass just like an elbow\nCatch him, I hit him with the heavy metal (What else?)\nBands, we got several (What else?)\nHe got them bands, find out where he stayin'\nLike give up the money, hope he understand\n\n[Chorus: Setitoff83]\nStep in the drip lair\nAnd please don't bring your ho 'round me 'cause I'm a bitch-taker\nI fucked that ho then fucked her friend 'cause I'm a big player\nI hit the road to get the load 'cause I'm a risk taker\nYeah, I'm a big gangster\nStep in the drip lair\nAnd please don't bring your ho 'round me 'cause I'm a bitch-taker\nI fucked that ho then fucked her friend 'cause I'm a big player\nI hit the road to get the load 'cause I'm a risk taker\nYeah, I'm a big gangster", "image": "https://images.genius.com/5a2bdef8d2b08b35a7b3e5b1fd681ed7.750x750x1.jpg"}], "artist": "83 Babies"}