{"songs": [{"title": "Bank Account", "album": "Issa Album", "year": "2017-07-07", "lyrics": "[Intro]\nOoh, ooh, ooh, ow, ow, ow\nWow, wow, ow, ah, ow, ah, ah, ah\n\n[Verse 1]\nI buy a new car for the bitch (for real)\nI tear down the mall with the bitch (for real)\nYou can't even talk to the bitch (no)\nShe fucking with bosses and shit (on God)\nI pull up in 'Rari's and shit (skrrr)\nWith choppers and Harley's and shit (for real)\nI be Gucci'd down (Gucci)\nYou wearing Lacoste and shit (bitch)\nYeah, Moncler, yuh, fur came off a bear, yuh (yeah)\nTriple homicide, put me in a chair, yuh (in jail)\nTriple cross the plug, we do not play fair, yuh (on God)\nGot 'em tennis chains on and they real blingy (bling)\nDraco make you do the chicken head like Chingy (Chingy)\nWalk in Neiman Marcus and I spend a light fifty (fifty)\nPlease proceed with caution, shooters, they be right with me (21)\nBad bitch, cute face and some nice titties\n$7500 on a Saint Laurent jacket (yeah)\nBitch, be careful when you dumpin' your ashes (bitch)\nI ain't no sucker, I ain't cuffin' no action (nah)\nThe skreets raised me, I'm a whole bastard (wild)\nI bought a 'Rari just so I can go faster (skrrr)\nNiggas tryna copy me, they playin' catch up (21)\nI might pull up in a Ghost, no Casper (21)\nI been smoking gas and I got no asthma\n\n[Chorus]\nI got 1-2-3-4-5-6-7-8 M's in my bank account, yeah (on God)\nIn my bank account, yeah (on God)\nIn my bank account, yeah (on God)\nIn my bank account, yeah (on God)\nIn my bank account, yeah (on God)\nIn my bank account, yeah (on God)\nI got 1-2-3-4-5-6-7-8 shooters ready to gun you down, yeah (fast)\nReady to gun you down, yeah (on God)\nReady to gun you down, yeah (on God)\nReady to gun you down, yeah (on God)\nReady to gun you down, yeah (on God)\nReady to gun you down, yeah (on God)\n\n[Verse 2]\nYeah, dawg, huh\u2014yeah\u2014, nah for real, dawg (21)\nStraight up out the 6, now got a house in the Hills, dawg (21)\nWanna see a body, nigga? Get you killed, dawg (wet)\nWanna tweet about me, nigga? Get you killed, dawg (wet)\nKilled dog, I'm a real dawg\u201421\u2014, you a lil' dawg (21)\nBill dog, want a bil', dog, chasing mil's, dawg (yeah)\nDunk right in your bitch like O'Neal, dawg (wet)\nPlus I shoot like, shoot like Reggie Mill', dawg (21)\nChopper sting you like a eel, dawg (fast)\n\n[Chorus]\nI got 1-2-3-4-5-6-7-8 M's in my bank account, yeah (on God)\nIn my bank account, yeah (on God)\nIn my bank account, yeah (on God)\nIn my bank account, yeah (on God)\nIn my bank account, yeah (on God)\nIn my bank account, yeah (on God)\nI got 1-2-3-4-5-6-7-8 shooters ready to gun you down, yeah (fast)\nReady to gun you down, yeah (on God)\nReady to gun you down, yeah (on God)\nReady to gun you down, yeah (on God)\nReady to gun you down, yeah (on God)\nReady to gun you down, yeah (on God)\n\n[Verse 3]\nRuler clip\u2014umm\u2014, sent a ruler hit\nPull up on yo' bitch, she say that I got a ruler dick\nSpray your block down, we not really with that ruh-rah shit\nGlock cocked now, I don't really give no fuck 'bout who I hit\nYeah, yo' bitch, she get jiggy with me, keep that Siggy with me\nBitch, I'm Mad Max, you know I got Ziggy with me\nKeep a mad mag in case a nigga wanna get busy with me\n'Rari matte black and I got a Bentley with me\n\n[Chorus]\nI got 1-2-3-4-5-6-7-8 M's in my bank account, yeah (on God)\nIn my bank account, yeah (on God)\nIn my bank account, yeah (on God)\nIn my bank account, yeah (on God)\nIn my bank account, yeah (on God)\nIn my bank account, yeah (on God)\nI got 1-2-3-4-5-6-7-8 shooters ready to gun you down, yeah (fast)\nReady to gun you down, yeah (on God)\nReady to gun you down, yeah (on God)\nReady to gun you down, yeah (on God)\nReady to gun you down, yeah (on God)\nReady to gun you down, yeah (on God)\n\n[Outro]\n$7500 on a Saint Laurent jacket\nBitch, be careful where you dumpin' your ashes\nI ain't no sucker, I ain't cuffin' no action\nThe streets raised me, I'm a whole bastard", "image": "https://images.genius.com/7885b91f8d29c7b242f5f7926896f127.1000x1000x1.png"}], "artist": "21 Savage"}