{"songs": [{"title": "Daily Duppy", "album": null, "year": "2019-10-09", "lyrics": "Let me tell you how street is\nIt ain\u2019t no coming back from the dead\nJust momzis\u2005picking\u2005up pieces\nEverybody wanna\u2005be geezas\nBut the truth be told\u2005everybody needs Jezus\nCars are risky roll niggas .. for the wrong reasons\nLike you\u2019re hungry, are you ambitious\nOr you\u2019re just lazy, or you\u2019re justt eediats\nOnly wanna know where the girls at\nOnly wanna know where the weed is\nEverything touch us, everything devious\nPlus somehow you think you\u2019re realist\nTill it really gets .. and nobody knows where their pees is\nNobody knows where there\u2019s heart is\nThat\u2019s when you know how you dog is", "image": "https://images.genius.com/faad9c158e959964c29ead56a241c5c7.1000x1000x1.jpg"}], "artist": "Ambush Buzzworl"}