{"songs": [{"title": "What If", "album": "AM1", "year": "2019-06-07", "lyrics": "[Verse 1]\nThey say there's no such thing as coincidence\nA million people tell me, baby, what are the chances\nThat we connected?\nIt had to happen exactly that way\nI had to do it, had to make those mistakes\nIt\u2019s true, 'cause it led me to you\n\n[Chorus]\nWhat if, what if, if I never felt heartbreak at all?\nWhat if, what if, never knew what it felt like to fall?\nWhat if, what- what if, tell me how would I know if it's love?\nIf it\u2019s love?\n\n[Verse 2]\nAs I attempt to stage a new love affair\nA destined romance\nTell me, baby, what are the chances\nWe stay connected?\nI have to keep him entwined in my arms\nIf it were my choice, I would never let go, it's true\nGod, I hope this is true\n\n[Chorus]\nWhat if, what if, if I never felt heartbreak at all?\nWhat if, what if, never knew what it felt like to fall?\nWhat if, what- what if, tell me how would I know if it's love?\nIf it's love?\n\n[Bridge]\nWhat if, what if\nWhat if, what if\nHow will I know, how will I know\nKnow\n\n[Chorus]\nWhat if, what if, if I never felt heartbreak at all?\nWhat if, what if, never knew what it felt like to fall?\nWhat if, what- what if, tell me how would I know if it's love?\nLove\n\n[Outro]\nWhat if, what if\nWhat if, what if\nWhat if, what- what if\nLove", "image": "https://images.genius.com/5fede4bfe58c1b2a749fce7e23a4c751.640x640x1.jpg"}], "artist": "Amber Mark"}