{"songs": [{"title": "ORANGE SODA", "album": "DIE FOR MY BITCH", "year": "2019-07-16", "lyrics": "[Chorus]\nBitch sit on my face, I attack that\nChoose up, lil' junt, I'm finna pack him\nWhen it comes to my bitch, I'm straight active\nDirtball in the coupe smokin' cat piss\nLil' bitch, shut the fuck up\nTell your best friend, shut the fuck up, ayy\nLil' bitch, shut the fuck up\nTell your best friend, shut the fuck up, ayy\n\n[Verse 1]\nYou know I love it when you talk dirty\nMessy, you my orange soda shorty\nYou act like a lil' me, I wanna fuck you\nYou the type to kill me, I won't touch you\nYou want me drop a band on some cute shoes?\nYou want me be the man you can vent to?\nYou let me beat it up, you let me practice\nNow I'm finna lay you on the mattress\n\n[Chorus]\nBitch sit on my face, I attack that (Yeah)\nChoose up, lil' junt, I'm finna pack him\nWhen it comes to my bitch, I'm straight active\nDirtball in the coupe smokin' cat piss\nLil' bitch, shut the fuck up\nTell your best friend, shut the fuck up, ayy\nLil' bitch, shut the fuck up\nTell your best friend, shut the fuck up, ayy (Ayy, pull up, ayy)\n\n[Verse 2]\nMy lil' baby low-key a flexer\nSix figs on the whip, that's a price tag\nLil' best friend bitch tried to press me\nI'm that underground nigga with the check, though\nI hate a bitch that I can't impress\nWhen you come see the crib, you better die, ho\nYoung nigga sneakin' in through your side door\nBaby Keem, not a wave, I'm a vibe, ho\nSeven fig nig with the big drip on me (Yeah)\nPost on your block with your wish list on me\n\n[Chorus]\nBitch sit on my face, I attack that\nChoose up, lil' junt, I'm finna pack him\nWhen it comes to my bitch, I'm straight active\nDirtball in the coupe smokin' cat piss\nLil' bitch, shut the fuck up\nTell your best friend, shut the fuck up, ayy\nLil' bitch, shut the fuck up\nTell your best friend, shut the fuck up, ayy", "image": "https://images.genius.com/4fccf1099d98c058861991ccecdc3554.300x300x1.jpg"}], "artist": "Baby Keem"}