{"songs": [{"title": "Shape Nice", "album": "Afrowave 3", "year": "2019-02-25", "lyrics": "[Intro: Afro B]\n(Dre Skull)\nBack it up, fling it up\nBack it up (Afro B)\nBack it up, (Vybz Kartel) fling it up\nBack it up, aye (Boom)\nSee yuh body shape nice, Body shape niicee (Boom)\nSee yuh body shape nice, Body shape niicee (Boom)\nYo!\n\n[Verse 1: Vybz Kartel]\nYou got di black girl booty\nBubble like di bury\nLove is not a crime tell di jury\nWhine fi di fame, fi di money, fi di jewellery\nEveryman a watch yuh, how yuh do it!?\nBend yuh back now, sekkle pon di block now\nWhen yuh bubble whole place affi lock down\nPretty from yuh born, pretty now never flop down\nHot doh, Sivva get your fren up inna Rat Town\nLove how yuh whine yuh waist mi gyal\nYuh international\nLove how yuh tip pon yuh toe, yuh no too normal\nIt's like a carnival\nReady when yuh ready from yuh horny gyal\nBet say yuh get headache, better take panadol\nDancehall king, di WorlBoss general\nFi Caribbean, American and African gyal\n\n[Chorus: Afro B]\nBack it up, fling it up (Boom!)\nBack it up, fling it up (Fling it up)\nBack it up, fling it up (Back it up)\nBack it up, fling it up (Fling it up)\nBack it up, fling it up (Boom!)\nBack it up, fling it up\nBack it up, fling it up (Fling it up)\nBack it up, Ayye\n\n[Bridge: Afro B]\nGyal yuh body shape nice, body shape nice\nGyal yuh body shape nice, body shape nice (Boom!)\nSee yuh body shape nice, body shape nice\nSee yuh body shape nice, body shape nice (Boom!)\nSee yuh body shape nice, body shape nice (Boom!)\n\n[Verse 2: Afro B]\nYeh you bad, yeh you badder dan\nBad (Bad), yeh you badder dan, baad, bad (Bad)\nYeh yuh badder dan, bad\nAye\nIf a yuh dem a waiting for\nGirl come gimmi some love\nGwan make me take you home\nBaby whine up slow\n\n[Chorus: Afro B]\nBack it up, fling it up (Boom!)\nBack it up, fling it up (Fling it up)\nBack it up, fling it up (Back it up)\nBack it up, fling it up (Fling it up)\nBack it up, fling it up (Boom!)\nBack it up, fling it up\nBack it up, fling it up (Fling it up)\nBack it up, Ayye\n\n[Bridge: Afro B]\nGyal yuh body shape nice, body shape nice (Boom!)\nGyal yuh body shape nice, body shape nice\nSee yuh body shape nice, body shape nice (Boom!)\nSee yuh body shape nice, body shape nice\n\n[Chorus: Afro B]\nBack it up, fling it up (Boom!)\nBack it up, fling it up (Fling it up)\nBack it up, fling it up (Back it up)\nBack it up, fling it up (Fling it up)\nBack it up, fling it up (Boom!)\nBack it up, fling it up\nBack it up, fling it up (Fling it up)\nBack it up, fling it up\n\n[Outro: Afro B]\nBack it up, back it up\nFling it up, fling it up\nBack it up, back it up\nGyal fling it up, fling it up\nBack it up, back it up\nFling it up, fling it up\nBack it up, back it up\nGyal fling it up, fling it up\nBack it up, back it up\nFling it up, fling it up\nBack it up, back it up\nGyal fling it up, fling it up\nBack it up, back it up\nFling it up, fling it up\nBack it up, back it up\nGyal fling it up, fling it up", "image": "https://images.genius.com/94e813b6a85930f38d5ba8ff1d9a5c33.600x600x1.jpg"}], "artist": "Afro B, Vybz Kartel & Dre Skull"}