{"songs": [{"title": "SWISH", "album": "Are We Still Dreaming?", "year": "2019-11-08", "lyrics": "[Intro]\nYeah, ayy\nWoo!\n\n[Chorus: willem ardui]\nI got different versions of myself yeah, yeah\nCan't nobody tell me who I am\u2005nah,\u2005nah\nI got different\u2005versions of myself yeah, yeah\nSwitch it\u2005up\nSwitch it up\nSwitch it up\nYeah\nI got different versions of myself yeah, yeah\nCan't nobody tell me who I am nah, nah\nI got different versions of myself yeah, yeah\nSwitch it up\nSwitch it up\nSwitch it up\nSwish\n\n[Verse 1: jay]\nTime's finally come to say good morning to the world\nBut ask me how I'm doing still don't wanna be disturbed\nWhether I'm prepared for change, change is left to be confirmed\nIf you with it then I'm with it if not you left in the dirt\nPlease, remind me of the man I was\nMemories been lost all I hear is buzz\nTssht, a bummer, a lover I love her like the summer\nSaid I'ma need more commas if I'd like to keep her number\nWell fuck it I'm good\n\n[Chorus: willem ardui]\nI got different versions of myself yeah, yeah\nCan't nobody tell me who I am nah, nah\nI got different versions of myself yeah, yeah\nSwitch it\nSwitch it\nSwitch it\nYeah\nI got different versions of myself yeah, yeah\nCan't nobody tell me who I am nah, nah\nI got different versions of myself yeah, yeah\nSwitch it\nSwitch it\nSwitch it\nSwish\n\n[Verse 2: jay]\nSpeed it up, keep it up, run it\nHurry up reach the summit\nHeat it up, reach above it\nDon't care what you feel about it\nLooking down upon the bottom\nWant our mama in blossom\nWe need a recipe, a remedy\nI got some I got some\nSome of that magic, that fire\nFill up your heart and your soul\nA philosopher's stone\nTurning lead into gold\nFame and the fortune for all\nGot love, got friendships on call\nSit back relax like the fly on the wall\n\n[Chorus: willem ardui]\nI got different versions of myself yeah, yeah\nCan't nobody tell me who I am nah, nah\nI got different versions of myself yeah, yeah\nSwitch it\nSwitch it\nSwitch it\nYeah\nI got different versions of myself yeah\nCan't nobody tell me who I am nah\nI got different versions of myself yeah\nSwitch it\nSwitch it\nSwitch it\nWoo!\n\n[Bridge]\nSwitch it\nSwitch it\nSwitch it\nWoo!\n\n[Chorus: willem ardui]\nI got different versions of myself yeah, yeah\nCan't nobody tell me who I am nah, nah\nI got different versions of myself yeah, yeah\nSwitch it\nSwitch it\nSwitch it\nWoo\nI got different versions of myself yeah, yeah\nCan't nobody tell me who I am nah, nah\nI got different versions of myself yeah, yeah\nSwitch it up\nSwitch it up\nSwitch it up\nSwish\n\n[Outro]", "image": "https://images.genius.com/32372b69738f51bae8033fed94d43fad.1000x1000x1.jpg"}], "artist": "Blackwave."}