{"songs": [{"title": "\u200bringtone", "album": "1000 gecs", "year": "2018-05-31", "lyrics": "[Chorus: Laura Les]\nMy boy\u2019s got his own ringtone\nIt\u2019s the only one I know\nIt\u2019s the only one I know\nMy boy\u2019s got his own ringtone\nIt\u2019s the only one I know\nIt\u2019s the only one I know\nMy boy\u2019s got his own ringtone\nIt\u2019s the only one I know\nIt\u2019s the only one I know\nMy boy\u2019s got his own ringtone\nIt\u2019s the only one I know\nIt\u2019s the only one I answer\n\n[Verse 1: Laura Les]\n27 missed calls lightin' up my cell phone\nSending you a text sayin', \u201cCall you when I get home\u201d\nTaking off my work clothes, workin' in a cold one\n45 group texts, 50 group DMs\nSend another text askin' me if I\u2019ve seen them\nPushin' back a deadline, gotta make my bedtime\nThen I crack a smile, \u2018cause I love you and I\u2019d do it all again\n\n[Chorus: Laura Les]\nMy boy\u2019s got his own ringtone\nIt\u2019s the only one I know\nIt\u2019s the only one I know\nMy boy\u2019s got his own ringtone\nIt\u2019s the only one I know\nIt\u2019s the only one I know\nMy boy\u2019s got his own ringtone\nIt\u2019s the only one I know\nIt\u2019s the only one I know\nMy boy\u2019s got his own ringtone\nIt\u2019s the only one I know\nIt\u2019s the only one I answer\n\n[Bridge: Laura Les]\nSomething's gotta work this time\nIt\u2019s my way of trying to let you know\nI\u2019ve got a little thing for you\nI\u2019ve got a little crush or somethin'\nMaybe I\u2019m just drunk as fuck\nI customize my ringtone\nBut it\u2019s always you\nIt\u2019s always you\nIt\u2019s always you\nIt\u2019s always you\nIt\u2019s always you\n\n[Verse 2: Dylan Brady]\nIt was always you\nPut it on vibrate when I\u2019m with you (With you)\nTalkin' to myself again (Again)\nFalling on broken glass\n29 missed calls, never leave the basement\nI don\u2019t wanna tell you what I\u2019m really thinking (Thinking)\nThinking, what I\u2019m really thinking\nThinking, what I\u2019m really thinking\n\n[Bridge: Dylan Brady]\nUsed to love that ringtone\nWhen you call me\nNow it makes me sick\nUsed to love that ringtone\nWhen you called me\nNow it makes me sick\n\n[Chorus: Laura Les]\nMy boy\u2019s got his own ringtone\nIt\u2019s the only one I know\nIt\u2019s the only one I know\nMy boy\u2019s got his own ringtone\nIt\u2019s the only one I know\nIt\u2019s the only one I know\nMy boy\u2019s got his own ringtone\nIt\u2019s the only one I know\nIt\u2019s the only one I know\nMy boy\u2019s got his own ringtone\nIt\u2019s the only one I know\nIt\u2019s the only one I answer", "image": "https://images.genius.com/411e3fa393a7bcb50368b5d2e3e1489a.1000x1000x1.jpg"}], "artist": "100 gecs"}