{"songs": [{"title": "Condo", "album": "Afrowave 3", "year": null, "lyrics": "[Intro: Afro B]\nYeah\nYeah, Banx & Ranx, yeah\nBoop, boop, yeah\nKingston, uh\n\n[Verse 1: Afro B]\nShe want to dance\nMaybe my way\nBaby our way\nCome\u2005right\u2005away\nBody so full,\u2005meet up\nI wanna feel me\nShe want\u2005to dance\nMonday to Sunday\n\n[Pre-Chorus: Afro B]\nI be waitin' and waitin' all my life, yeah\nI don't mind, I'ma wait for you all night\n\n[Chorus: Afro B]\nCome to my condo\nPronto, come to my condo\nI know you really really want to\nCome to my condo\nPronto, come to my condo\nI know you really really want to\nCome to my condo\n\n[Verse 2: Afro B]\nShe want somethin' (sometin')\nI want somethin' (somethin)\nEarly morning (yeah)\nFeel it comin' (yeah)\nBody so full, meet up\nI wanna feel me\nMaybe we tango\nMy Shaggy, my Cocoa\n\n[Pre-Chorus: Afro B]\nI be waitin' and waitin' all my life, yeah\nI don't mind, I'ma wait for you all night\n\n[Chorus: Afro B & T-Pain]\nCome to my condo, hey\nPronto, come to my condo\nI know you really really want to\nCome to my condo, hey\nPronto, come to my condo\nI know you really really want to\nCome to my condo\n\n[Break: T-Pain]\nHey\nOh\nHey\nHey\n\n[Verse 3: T-Pain]\nI can put you in a... condo\nBaby just ask if you want more, oh\n2:30 on the dance so I don't go slow\nGirl you better ask if you don't know, oh\nI know you really, really want to\nPull up on the gold, baby come through\nOh, lemme show you some dough\nGirl I wanna be the one that you run to\nSo I gotta make sure that you come to\nHurry up and come to my condo\nGonna put your feet up if you want to\nBaby come to my condo\nOh-ayy!\n\n[Hook: Afro B & T-Pain]\nPronto, hey, come to my condo\nI know you really really want to\nCome to my condo, hey\nHey\nHey\nPronto, come to my condo\n\n[Outro: Afro B]\nPronto, you want to\nCome to, come to my condo", "image": "https://images.genius.com/98f40db9b0374c62221c7c1a6344c49f.1000x1000x1.png"}], "artist": "Afro B"}