{"songs": [{"title": "Party", "album": null, "year": "2019-09-26", "lyrics": "[Letra de \"Party\" ft. Boogie wit da Hoodie]\n\n[Intro: A Boogie Wit da Hoodie]\nYeah, on yeah\nYeah, yeah\nOn yeah\nO-O-Ovy On The Drums\n\n[Refr\u00e1n: A Boogie Wit da Hoodie & Paulo Londra]\nLong haired girl with Celine, on yeah (Saquen\u2005el\u2005espanta-chimbas)\nShe ain't got\u2005a job but she rockin' Balmain,\u2005yeah\n\n[Coro: Paulo Londra]\nEy, y que no pare (\u00a1Wuh!), eh-eh\nQue con mi gente ando de party (Ay), oh-oh\nHoy d\u00eda no nos frena nadie (\u00a1Wuh!), yeh-eh\nAs\u00ed que ahora mejor salte (Yeah), no paren y \u00a1ol\u00e9!\n\u00a1Wuh!\n\n[Verso 1: A Boogie Wit da Hoodie]\n(Go-Go-Go) Go ahead girl with yo' Birkin, on yeah\nLong haired girl with Celine, on yeah\nShe ain't got a job but she rockin' Balmain, yeah\nI don't want a lil' bit, I want the whole thing\nOne of one Mike Amiri Jeans, on yeah\nWhy these niggas hatin' on me, oh-yeah\nDon't you make it hot, don't make a scene, oh-yeah\nIn the cut with the pump we hit his bean, on yeah\n\n[Puente: A Boogie Wit da Hoodie]\nLookin' like a lick but I'm not one (Not one)\nNigga in the cut with a shotgun (Shotgun)\nOne up top, hit his top, uhh!\nOne up top, hit his top, um\nJust let me know if it's a problem\nBobby, I'll make it hot boy\nI was really on the block\nAnd now they see me on the top\n\n[Coro: Paulo Londra]\nY que no pare, eh-eh\nQue con mi gente ando de party, oh-oh\nHoy d\u00eda no nos frena nadie, yeh-eh\nAs\u00ed que ahora mejor salte, no paren y \u00a1ol\u00e9!\n\n[Verso 2: Paulo Londra]\nEy, ey, ey\nHey, 'm\u00e1, \u00bfc\u00f3mo est\u00e1s?\nYo sigo en este lugar (Ay)\nY no s\u00e9 d\u00f3nde queda, as\u00ed que no me venga' a rescatar (\u00a1Wuh!)\nYo no s\u00e9 c\u00f3mo llegu\u00e9 (\u00a1Wuh!), s\u00f3lo despert\u00e9 (\u00a1Wuh!)\nEn una habitaci\u00f3n que no era de mi hotel (\u00a1Wuh!)\nEntonces me enoj\u00e9 (\u00a1Wuh!), luego me calm\u00e9 (\u00a1Wuh!)\nPorque hab\u00eda algo para beber (\u00a1Wuh!)\nUna vez de buen humor me escap\u00e9 para el club (\u00bfQu\u00e9?)\nEncima adentro hab\u00eda amigos que eran de la crew (Jaja)\nAh\u00ed como que todo se descontrol\u00f3\nY termin\u00e9 con menos plata que v\u00edctima 'e Robin Hood (Ah)\nY ay, te juro que no me di cuenta\nAy, \u00bfahora c\u00f3mo vuelvo pa' casa? (Ey)\nS\u00f3lo me qued\u00f3 algo en el bolsillo\nEra una moneda para el casino (\u00a1Wuh!)\nAh\u00ed comprend\u00ed que era mi destino\nS\u00f3lo ten\u00eda un tiro y, eh, eh\nApost\u00e9 al veintitre', eh\nEntonces todo me rob\u00e9, eh\n\u00bfQu\u00e9 me va a decir uste'?, eh\nYeh-eh\n\n[Puente: A Boogie Wit da Hoodie]\nLookin' like a lick but I'm not one (Not one)\nNigga in the cut with a shotgun (Shotgun)\nOne up top, hit his top, uhh!\nOne up top, hit his top, um\nJust let me know if it's a problem\nBobby, I'll make it hot boy\nI was really on the block\nAnd now they see me on the top\n\n[Coro: Paulo Londra]\nY que no pare, eh-eh\nQue con mi gente ando de party (Ay), oh-oh\nHoy d\u00eda no nos frena nadie (\u00a1Wuh!), yeh-eh\nAs\u00ed que ahora mejor salte (Yeah), no paren y \u00a1ol\u00e9!\n\n[Outro: Paulo Londra]\n(Shuf-shuf-shuf)\nOvy On The Drums, On The Drums, On The Drums\nYeh-eh-eh, Paulo Londra\nBig Ligas\nLo' Mayores\nAh, KristoMan\nYeh\nLeones con Flow, \u00a1wuh!\nO-O-Ovy On The Drums", "image": "https://images.genius.com/3697a13b69169d52c30a63d383ab46e3.1000x1000x1.jpg"}], "artist": "Paulo Londra"}