{"songs": [{"title": "BILLY", "album": "DAY69", "year": "2018-02-23", "lyrics": "[Intro: Shotti & 6ix9ine]\nThat's my word, get up in they face\nTalk your shit, let your nuts drag, nigga\nThese niggas just runnin' out they fuckin' mouth, man\nFollow protocol, Blood, get in they fuckin' chest, nigga\n(Scum Gang!)\nWe the fuckin' M.O.B., nigga\nThese niggas bleed different\nWe don't bleed, nigga\nWe make niggas bleed, Blood\nTR3YWAY\n\n[Chorus]\nThese niggas say they heard of me, I ain't heard of you\nGet the fuck up out my fuckin' face, 'fore I murder you\nBitch niggas always jackin' Blood, but I know they fu\nWhole squad full of fuckin' killers, I'm a killer too\nSending shots, shots, shots, shots, shots, nigga\nEverybody gettin' pop, pop, popped, nigga\nThe thing go \"rrrah, rrrah, rrrah, rrrah, rrrah,\" nigga\nWe send shots, shots, shots, shots, shots, nigga\n\n[Verse]\nIt's always 6ix9ine this and 6ix9ine that\nNiggas on my dick and on my yack\nThese niggas lookin' for me, you could hit my jack\nI done dropped my address, y'all know where 6ix9ine at\nI don't flock, yeah, nine to his back like Ibaka\nBaka, not nice, with the fuckin' choppa\nPop 'em, scope on the nigga, who shot ya?\nDropped him, somebody call a fuckin' doctor!\nDick up in the pussy, bet that shit get gushy, gushy\nShe want the whole gang bussin' all in her pussy\nI want the drip, drip while I get my dick licked\nLil' sick bitch, lickin' on my dick tip\nShe a freak ho, fuck her, she on beast mode\nArch your back, put your hands on your knees, ho\nI'm on beast mode, shoot you through your peep-hole\nSaid he want smoke, I don't really see it though\n\n[Chorus]\nThese niggas say they heard of me, I ain't heard of you\nGet the fuck up out my fuckin' face, 'fore I murder you\nBitch niggas always jackin' Blood, but I know they fu\nWhole squad full of fuckin' killers, I'm a killer too\nSending shots, shots, shots, shots, shots, nigga\nEverybody gettin' pop, pop, popped, nigga\nThe thing go \"rrrah, rrrah, rrrah, rrrah, rrrah,\" nigga\nWe send shots, shots, shots, shots, shots, nigga", "image": "https://images.genius.com/e83f7a16e7b52dd05ecfe3566ceb40af.840x840x1.jpg"}], "artist": "6ix9ine"}