{"songs": [{"title": "Sabotage", "album": "Ill Communication", "year": "1994-01-28", "lyrics": "[Verse 1]\nI can't stand it, I know you planned it\nI'm-a set it straight, this Watergate\nI can't stand rockin' when I'm in here\nCause your crystal ball ain't so crystal clear\nSo while you sit back and wonder why\nI got this fuckin' thorn in my side\nOh my god, it's a mirage\nI'm tellin' y'all, it's sabotage\n\n[Verse 2]\nSo, so, so, so listen up, cause you can't say nothin'\nYou'll shut me down with a push of your button\nBut, yo, I'm out and I'm gone\nI'll tell you now, I keep it on and on\n\n[Verse 3]\nCause what you see, you might not get\nAnd we can bet, so don't you get souped yet\nScheming on a thing, that's a mirage\nI'm trying to tell you now, it's sabotage\n\n[Pre-Chorus]\nWhhhhhyyyyyy\n(Our backs are now against the wall)\n\n[Chorus]\nListen all'a'y'all, it's a sabotage\nListen all'a'y'all, it's a sabotage\nListen all'a'y'all, it's a sabotage\nListen all'a'y'all, it's a sabotage\n\n[Verse 4]\nI can't stand it, I know you planned it\nI'm-a set it straight, this Watergate\nBut I can't stand rockin' when I'm in this place\nBecause I feel disgrace because you're all in my face\nBut make no mistakes and switch up my channel\nI'm Buddy Rich when I fly off the handle\nWhat could it be -- it's a mirage\nYou're scheming on a thing, that's sabotage", "image": "https://images.genius.com/78ad974098e1e61597e1000f1a64ea83.200x201x1.jpg"}], "artist": "Beastie Boys"}