{"songs": [{"title": "Glock 19", "album": "EMMANUEL", "year": "2019-09-18", "lyrics": "[Verse 1]\nYou don't wanna see me without my medication\nI got bottles of pills that keep me\u2005from\u2005goin' crazy\nI keep\u2005smokin' and drinkin', nigga, I'm still\u2005sedated\nI try to hold it together, really, I'm slippin' lately\nTrippin' harder than ever, got me hallucinatin'\nI'm in the car with the Devil, choppin' and screwed up, baby\nI just listen to Bitches Brew and get elevated\nI'm gettin' high, I smoke inside of the elevator\nI took all of this acid, got me disintegratin'\nNow my vision is meltin', really, I feel it fadin'\nI'm seein' demons and monsters, really, it's very scary\nI know killers and gangster niggas that's in my family\nSellin' pills and them EBTs just to make it happen\nShit, my mama and Granny packin' about that action\nCan't be shootin' at niggas like I'm movie directin'\nCatch me rollin' with .45, I need the protection\n\n[Chorus]\nNiggas talk shit 'til they get shot back, like that\nYou don't wanna end up like that, like that\nFlip it, then I bring it right back like that\nYou don't really know about that like that\nNiggas talk shit 'til they get shot back\nYou don't wanna end up like that, like that\nFlip it, then I bring it right back like that\nYou don't really know about that like that\n\n[Verse 2]\nNiggas blow your brains 'bout that\nPut a hole in your baseball cap\nFade to the black, just like that\nTalk too much and your soul get snatched\nLet the top fall back\nI'ma change lanes, nigga, just like that\nSittin' on blades with the seat way back\nV12 sittin' in the trunk, way back\nYou don't gotta listen when they talk, like\n\n[Chorus]\nNiggas talk shit 'til they get shot back, like that\nYou don't wanna end up like that, like that\nFlip it, then I bring it right back like that\nYou don't really know about that like that\nNiggas talk shit 'til they get shot back\nYou don't wanna end up like that, like that\nFlip it, then I bring it right back like that\nYou don't really know about that like that\n\n[Verse 3]\nI'ma keep runnin' from the past, foot up on the gas\nBlunt guts, weed crumbs, sticking to the dash\nNo talk, bring me to the cash\nJust ate mushrooms, took a couple tabs\nI been trippin' lately so a nigga might crash\nJust spilled drank on my J's like, \"Damn\"\nNigga, I'm a Barre Baby, make 'em say, \"Man\"\nI don't want a check, put the money in my hand\nI don't need a bank when I got a rubber band\nPockets kinda heavy, keep the money in my pants\nHeart's still heavy, I been lookin' for my friends\nEverybody leave everybody in the end\nI don't feel alone 'cause the drugs are my friends\nJust took another, I'll be gone for a min'\nBuy by the ounce or the gram, it depends\nNigga, I be floatin' off the ground off of this\n\n[Chorus]\nNiggas talk shit 'til they get shot back, like that\nYou don't wanna end up like that, like that\nFlip it, then I bring it right back like that\nYou don't really know about that like that\nNiggas talk shit 'til they get shot back\nYou don't wanna end up like that, like that\nFlip it, then I bring it right back like that\nYou don't really know about that like that", "image": "https://images.genius.com/1166ca41d40c349d1eca7a115950fca4.939x939x1.jpg"}], "artist": "Ameer Vann"}