{"songs": [{"title": "What Would You Do", "album": "It\u2019s Nice Outside", "year": "2017-08-21", "lyrics": "[Sample]\nYou get the feeling that--\n\n[Verse: Anti-Lilly]\nAy, tell me how you're living, I'm living good\nTwenty-four and I done made it out my neighborhood\nMy brother told me when I left that hoe to stay for good\nCause over here ain't too much of that\nThese streets will bring you down like you a running back\nMemories back when we had ran the corners\nI was running back and forth between my mama\nAnd the spots, we was giving daps to niggas we ain't know\nFlipping packs, shit was so acrobatic\nAin't have no gymnastics\nJust metal in case somebody acting crazy\nLord, I'm so thankful you saved me\nFrom a life that I never wanted\nI was influenced but the first time that my nigga put that chrome in my hand\nI knew that I could never take the life of a man\nI knew that I would have to change my life before I changed my fortunes\nStarted writing bars, my brother behind them bars that be closing\nMy only two choices, that chapter of my life, I closed it\nFell in love with this music, lets set that shit in motion\n'Bout to graduate, it's sad to say some of my partners ain't\nWas seventeen, new to this world, just trying to find my place\nI found that God put your blessings right inside your mistakes\nTo make you stronger\nAdded muscles to help you bear the wait\nA day to day, situations is gon' make you a man\nYour problems ain't nothing because the world up in his hands\nThere ain't nothing you can't get over, boy, you gotta take a chance\nIf you want to advance, it's more than hope\nYou gotta take a stance\nJust understand\n\n[Sample]\nWhat would you do\nIf you were in my shoes?\nWhat would you do?\nOh, what would you do?\nWhat would you do?\nWhat would you do?\nWhat would you do?\n\n[Verse 2: Anti-Lilly]\nCheck it\nConversations with God and my mom at the same time\nCalled her crying, cause this shit I be going through got me down\nI ain't ashamed, she told me prayers what's gon' get me out this bind\nAnd my stress ain't ever good if I let it sit on my mind\nThat's good company, she said we all fall\nBut it's all about your recovery\nJust gotta get back up, he gon' cover me\nMy shoulders been talking\nI got some voices in my head too\nDifferent directions, I treat this shit like a chess move\nA king can only take a step at a time\nWe all got a different path, see your perspective ain't mine\nI'm the diamond in the rough, I tell these niggas to mine (mind)\nThey own bullshit, no time to add your dirt onto mine\nMy mind state got me trying to build away from those who destroy\nIt's crazy how much I could change my world just through my voice\nBalance all these things going on and maintain my poise\nGive a choice when I thought I ain't ever had no choice\nWhat would you do?\n\n[Sample & Anti-Lilly]\nWhat would you do?\nTell me, what would you do?\nWhat would you do?\nPut yourself in my shoes one time\nOh, what would you do?\nOh, what would you do?\nIt's nice outside, nigga\n\n[Voicemail Outro]\nIt's easy, man\nWhere the fuck you at, man?\nBeen calling you all day, we got business out here in the street, man\nGet off that bullshit\nHit me back", "image": "https://images.genius.com/60bb7c36d7342572a738c702fea9532c.1000x1000x1.jpg"}], "artist": "Anti-Lilly & Phoniks"}