{"songs": [{"title": "Talk On My Name", "album": null, "year": null, "lyrics": "[Hook- RV]\nI'm in the cut with Bruce\nAnd they're looking at me confused\nLike what's that shit on\u2005your\u2005shoes?\nIs it Loubs\u2005or an opp boy's juice?\nMy wrap\u2005sheet speaks for itself\nI ain't got nothing to prove\nTalk on my name, that's loose\nMove, don't get yourself got for views\nI'm in the cut with Bruce\nAnd they're looking at me confused\nLike what's that shit on your shoes?\nIs it Loubs or an opp boy's juice?\nMy wrap sheet speaks for itself\nI ain't got nothing to prove\nTalk on my name, that's loose\nMove, don't get yourself got for views\n\n[Verse 1 - RV]\nTook my young boy for a drive\nTold him make that beat like Sykes\nAny opp that you see you best hit that\nDon't think think twice, just hit it like Nike\nI'm never empty handed\nGotta step with a skeng or a knife\nAnd bro just said that I'm tapped cah I'm too anti like my uncle's wife\nReal recognise real\nNot one day I don't step with my steel\nGet round there on a casual day on a outfit that costs 25 bills\nLoad up the clip, jump in the whip\nSkid skrrr, rev up my wheels\nAll the gold teeth that I bought for the stap\nLook, I had to go get me my grills\nYou couldn't walk a mile in my shoes\nSome things are only for bosses\nIf my plug didn't rise the price\nI swear on my life I never would have robbed him\nWent OT for a fortnight, killed the game and I came back flossing\nI remember when a Range was out of my range till I went to the dealer and copped it\n\n[Hook- RV]\nI'm in the cut with Bruce\nAnd they're looking at me confused\nLike what's that shit on your shoes?\nIs it Loubs or an opp boy's juice?\nMy wrap sheet speaks for itself\nI ain't got nothing to prove\nTalk on my name, that's loose\nMove, don't get yourself got for views\nI'm in the cut with Bruce\nAnd they're looking at me confused\nLike what's that shit on your shoes?\nIs it Loubs or an opp boy's juice?\nMy wrap sheet speaks for itself\nI ain't got nothing to prove\nTalk on my name, that's loose\nMove, don't get yourself got for views\n\n[Verse 2 - Aystar]\nI'm in the cut with the .44, you don't wanna get yourself slapped\nBig sweets in the ting, any bone get touched gets snapped\nCircle the opp block, nigga this shit's been lapped\nAnyhow I see a opp, better know I'm gonna get man clapped\nThese niggas want beef, same niggas ain't got one strap\nSo how they gonna beef with the kid?\nI'll get round there like The Stig\nPull up, skid, skrrr, splash and leave two slugs in his ribs\nI'll get man clipped for a quid\nThey won't even know who it is\nI'm in the cut with Bruce and they're looking at me confused\nCause I just left all shells on the scene and I didn't even leave no clues\nHad man tripping over his shoes\nHe didn't wanna get hit with that rouge\n\n[Hook- RV]\nI'm in the cut with Bruce\nAnd they're looking at me confused\nLike what's that shit on your shoes?\nIs it Loubs or an opp boy's juice?\nMy wrap sheet speaks for itself\nI ain't got nothing to prove\nTalk on my name, that's loose\nMove, don't get yourself got for views\nI'm in the cut with Bruce\nAnd they're looking at me confused\nLike what's that shit on your shoes?\nIs it Loubs or an opp boy's juice?\nMy wrap sheet speaks for itself\nI ain't got nothing to prove\nTalk on my name, that's loose\nMove, don't get yourself got for views\n\n[Verse 3 - LD]\nYou're a rap boy and a typer\nLil bro just caught him a case, if he lose it then he's sitting down with lifers\nBig bro's just out here dishing up boxes, that boy's far from a fighter\nAnd we've still got tings in boots, star in the hood just do it like Stryder\nTry run but he felt that burn\nUsain couldn't make that turn\nBro wanna get smokey on a Friday, see me pulling up like Big Worm\nStill pull up crash, dash and repeat cah them boys don't learn\nStop man if they're talking reckless, told SJ bill up them herbs\nIn the cut with M and Rose and it don't even matter which ones\nAnd they've both got different guns\nIt don't even matter which ones\nOld school, I woulda just DigDat till I got blood on my Air Force 1's\nDon't need no bouncer cause I play dirty with live corn in my gun\n\n[Hook- RV]\nI'm in the cut with Bruce\nAnd they're looking at me confused\nLike what's that shit on your shoes?\nIs it Loubs or an opp boy's juice?\nMy wrap sheet speaks for itself\nI ain't got nothing to prove\nTalk on my name, that's loose\nMove, don't get yourself got for views\nI'm in the cut with Bruce\nAnd they're looking at me confused\nLike what's that shit on your shoes?\nIs it Loubs or an opp boy's juice?\nMy wrap sheet speaks for itself\nI ain't got nothing to prove\nTalk on my name, that's loose\nMove, don't get yourself got for views", "image": "https://images.genius.com/f05040669cb72d7e81535fb36f400945.640x640x1.jpg"}], "artist": "Sevaqk"}