{"songs": [{"title": "Halloweenie", "album": null, "year": "2018-10-27", "lyrics": "[Intro]\nI'm so shy\nYo yo yo\n\n[Chorus]\nYou've never had a love like me\nYou've never hit a drug like me\nFuck like me\nShe'll never eat the butt like me\nOnly tricks for your ass it's Halloween\nYou've never had a love like me\nYou've never hit a drug like me\nFuck like me\nShe'll never eat the butt like me\nOnly tricks for your ass it's Halloween\n\n[Verse 1]\nTrick or treat I drink my drinks neat\nSpank him if he talk a little too sweet\nI like the taste of blood in my teeth\nI'm a half-full honey baby know I gotta eat\nEe ee ee ee ee ee ee ee\nAnd when I'm done he better know he gotta leave\nOut the backdoor baby, better know he gotta creep\nFound my number in his phone then I press delete\n\n[Chorus]\nYou've never had a love like me\nYou've never hit a drug like me\nFuck like me\nShe'll never eat the butt like me\nOnly tricks for your ass it's Halloween\nYou've never had a love like me\nYou've never hit a drug like me\nFuck like me\nShe'll never eat the butt like me\nOnly tricks for your ass it's Halloween\n\n[Post-Chorus]\nI'm fine sublime like vines I climb (Yah)\nInto your window write my name in blood on your pillow\nI'm fine sublime like vines I climb (Yah)\nInto your window write my name in blood on your pillow\n\n[Verse 2]\nEat dirt, you can kick rocks\nI flirt no M\u00e9nage \u00e0 trois\nHigh alert know a bitch don't stop\nBloody Mary yeah we drip don't drop\nFrom creepy crawly, I'm not sorry\nMake 'em kiss my ass like thank you darling\nMy pussy pleaser is a pink Bugatti\nYou want Ashnikko like a Pocket Polly\n\n[Bridge]\nIf its booty that you want from me\nYou will only get the tricks no treats\nHands up for my eyes can see\nYou can catch these hands for free\n\n[Chorus]\nYou've never had a love like me\nYou've never hit a drug like me\nFuck like me\nShe'll never eat the butt like me\nOnly tricks for your ass it's Halloween\nYou've never had a love like me\nYou've never hit a drug like me\nFuck like me\nShe'll never eat the butt like me\nOnly tricks for your ass it's Halloween\n\n[Post-Chorus]\nI'm fine sublime like vines I climb (Yah)\nInto your window write my name in blood on your pillow\nI'm fine sublime like vines I climb (Yah)\nInto your window write my name in blood on your pillow\n\n[Outro]\nHow these bitches feel\nThese bitches feel scared", "image": "https://images.genius.com/d0544ceca1d8204701115c9cf395c2cb.484x484x1.jpg"}], "artist": "Ashnikko"}