{"songs": [{"title": "Karaoke", "album": "3rd Ward Bounce", "year": "2018-06-01", "lyrics": "[Intro: Big Freedia]\nDun dun dun\nShowtime, time to shine\nShowtime, yo time\n\n[Verse 1: Big Freedia]\nGotta bury your bad boss\nWith ankle monitors\nGotta hit 'em with bandeaus\nThey quick pop off\nGive a fuck about landlords, when we some outlaws\nBaby you could get ran off, a nigga not soft\n\n[Post-Chorus: Big Freedia]\nOoh, bitch you better (better better)\nOoh, bitch you better\nOoh, bitch you better\nFuck a hater 'cause you should know better\n\n[Pre-Chorus: Lizzo]\nTouch down on the stage\nNo, a bitch ain't come to play\nClap clap when I sing, so I know that you're feelin' me\nOh, if you live this loud, show it, show it, show it, oh\nIt's your moment now, sing it, sing it, sing it, shout\n\n[Chorus: Big Freedia & Lizzo]\nKaraoke, yeah (you better)\nOooh\nYou better drop it, drop it, drop it, drop it, drop it, drop it\nYou gotta work it, work it, work it, work it\nKaraoke\nYou better, come on\nYou better drop it, drop it, drop it, drop it, drop it\nYou better sing it, baby, sing it baby, sing it baby\n\n[Verse 2: Big Freedia]\nWhy the fuck when I throw shade, with all the sunshine\nI just caught me a whole case, I'm worried 'bout mine\nI showed up on time, leaves hoes shook inside\n\n[Post-Chorus: Big Freedia & Lizzo]\nOoh, bitch you better\nOoh, bitch you better\nOoh, bitch you better\nFuck a hater 'cause he should know better\n\n[Pre-Chorus: Lizzo]\nTouch down on the stage\nNo, a bitch ain't come to play\nClap clap when I sing, so I know that you feelin' me\nOh, if you live this loud, show it, show it, show it, oh\nIt's your moment now, sing it, sing it, sing it, shout\n\n[Chorus: Big Freedia & Lizzo]\nKaraoke, yeah\nOooh\nYou better drop it, drop it, drop it, drop it, drop it\nYou gotta work it, work it, work it, work it\nKaraoke\nYou better, come on\nYou better drop it, drop it, drop it, drop it, drop it\nYou better sing it, baby, sing it baby, sing it baby\n\n[Bridge: Big Freedia & Lizzo]\nAh, shit!\nCome make a wish, then make them bounce\nPride on your lips, come make that sound\nIf you gotta dick, then dig them down\nIf you gotta drip, then make them drown\n\n[Hook: Big Freedia]\nDrop it, drop it, drop it, drop it, drop it, drop it\nWork it, work it, work it, work it, work it, work it\nDrop it, drop it, drop it, drop it, drop it, drop it\nWork it, work it, work it, work it, work it, work it (every business day)\n\n[Pre-Chorus: Lizzo]\nTouch down on the stage\nNo, a bitch ain't come to play\nClap clap when I sing, so I know that you feelin' me\nOh, if you live this loud, show it, show it, show it\nIt's your moment now, sing it, sing it, sing it, shout\n\n[Chorus: Big Freedia & Lizzo]\nKaraoke, yeah\nOooh\nYou better drop it, drop it, drop it\nWork it, work it, work it, work it\nKaraoke\nYou better, come on\nYou better drop it, drop it, drop it, drop it, drop it\nYou better sing it, baby, sing it baby, sing it baby\n\n[Outro: Big Freedia]\nKaraoke!", "image": "https://images.genius.com/6505470a05f5addb41d8e15a02dcfca3.480x480x1.png"}], "artist": "Big Freedia"}