{"songs": [{"title": "Something Like a War", "album": "Something Like a War", "year": "2019-09-06", "lyrics": "[Verse 1]\nMoonstruck, anticipated you being the one\nNefarious enigma, no signals popped up\nOur connection was instant, we clickin' for starters\nHad to be how the planets and stars was lined up\nGoing real strong for like a couple of months\nNo hint of no drama, inseparable was us\n'Til it was insinuated I wasn't enough\nMood switched up, to the gaslighting stuff\n\n[Verse 2]\nThen it started, I mean the games\nThe blame, derogatory names I'm drained\nThe narcissist in 'em I couldn't tame\nAttempted to tackle, scrabble the brain\nTried to turn blind eyed with excuses it got strange\n\n[Bridge]\nI'm sick of pretending like I don't see, but I see\nTime to expose the manipulative layers of deceit\nParasitic co-dependency loopin' auto repeat\nAnguish ain't missing a beat, seeking some kinda relief\n\n[Verse 3]\nSo compelled to retreat now\nTake the focus off us, put it on me now\nConducive to my survival to be out\nEnough of the psychological beatdowns\nHealthy selfies in wellness, I'm on that\nKnow my worth it's no accident, I'm an asset\nAware of thee energies that I transmit\nApparently an accent to something you haven't had yet\n\n[Verse 4]\nConfident assurance of self will never ignore\nStandards I adhere to 'cause I value me more\nAllow whatever strength within me fill up any voids\nIn unions blindly entered lacking balance and support\nDesire when mutual is endorsed\nRespect is given if it's enforced\nTo prove untrustworthy at any cost\nIt's the kinda connection I can't afford\n\n[Refrain]\nYou and I done expired\nSever ties break the bond\nThey do not coincide\nTo supply no new lies\n\n[Outro]\n(Yeah)\n(Ooh yeah)\n(I bet on doing my thing)\n(Yeah)", "image": "https://images.genius.com/2ecad4f70054d872709456298831648a.760x760x1.jpg"}], "artist": "Kindness"}