{"songs": [{"title": "I Remember", "album": "80% ", "year": "2019-09-27", "lyrics": "What do you do\nWhat do you know\nHow\u2019d your day go\nGo with the flow\nCome back painted\u2005in\u2005gold\nIf you know\u2005you know\nHold up, do you know?\nI\u2005didn\u2019t say you shit\nNow you\u2019re having a go\nWoah\nYou don\u2019t even like me\nPlease just give it time ticking the time time away\nWhat did did you say\nThis is what\u2019s going on in my brain\nI can\u2019t think straight\nI can\u2019t think\nWait\nI\u2019m never fully relaxed\nNever laid back\nNever got time by myself\nThey say your time is your wealth\nYeah I would probably spend it\nIf I had some cents\nBut I got none of that cause it on the shelf with my watch and my belt\nAnd \u201cbitch I\u2019m feeling myself\u201d\nOkay yeah you\u2019re lying\nI can see you were crying\nThat\u2019s fine\n\nI remember\nBack before I drove a car\nBack before you smoked\nBack when we were friends\nBack when I remembered\nBack when you remembered\nBack when we were innocent playin on the green\nBack before the days of social media\nBack before I had the confidence\nBack before I had the self esteem\nDid you think I\u2019d lose my way too?\n\nPlease just tell me what it is you want\nAnd I\u2019ll give it back to you\nNever did no harm\nNever did no charge\nGood kid\nKept my head in the right clouds\nOnly came down when called for dinner\n\nYeah winner winner\nNever really felt like a beginner ginner\nI just tried my best in all places\nStay familiar with familiar faces\nConas ata tu?\nGuess I\u2019m doing fine or at least I have to get by\nKill time\nLook back\nMight die\nMight die\nNostalgia makes me feel kinda ill\nI hate change I don\u2019t deal with it well\nI guess I have to\nI remember\nBack before I drove a car\nBack before you smoked\nBack when we were friends\nBack when I remembered\nBack when you remembered\nBack when we were innocent playin on the green\nBack before the days of social media\nBack before I had the confidence\nBack before I had the self esteem\nDid you think I\u2019d lose my way too?\nI remember\nBack before I drove a car\nBack before you smoked\nBack when we were friends\nBack when I remembered\nBack when you remembered\nBack when we were innocent playin on the green\nBack before the days of social media\nBack before I had the confidence\nBack before I had the self esteem\nDid you think I\u2019d lose my way too?\nMy social awareness kicks in\nFlick my brain switch\nGet to thinking\nWhat a shit filled life we live in run by fools in fancy stitching\nIt\u2019s really strange it\u2019s a brand new year\nIt\u2019s 2019 and we still can\u2019t talk about what we fear\nFeel like my father in my 96 Atlanta those were different times\nDifferent countries\nDifferent god damn leaders\nBut that was the 90s\nPeople were less sensitive feeling less self entitled\nWoah\nComment saying this isn\u2019t my place\nWhy don\u2019t you close your laptop come and say it to my face\nWe\u2019re all in this race\nAnd you\u2019re just pissed\n\nJust cause some can run faster\nAnd you don\u2019t like the taste\nYeah I know that it\u2019s bitter\nDon\u2019t trash others cause you think it\u2019ll make you look bigger\nThen you run and you hide like a god damn coward\nWe all hear your lies\nYeah we know you\u2019ve got no power\nWon\u2019t be long now til you\u2019re found out\nI can\u2019t wait for the day you see all the hate that you drowned out\nIt\u2019s the end of your time\nIt\u2019s the end of the line\nLook up to your people\nCause guess who wears the fuckin\u2019 crown now", "image": "https://images.genius.com/10eb4f99c588dc65b93f0318e0d81167.1000x1000x1.jpg"}], "artist": "Alex Gough"}