{"songs": [{"title": "U Already Know", "album": "Pleasure & Pain", "year": "2004-11-23", "lyrics": "[Intro - Slim]\nUh, 112\nUh, Oh baba-ba-baby\n\n[Verse 1 - Slim]\nTonight's your night girl (Yes)\nI'm trynin' to give you that thing to make you say (Yes)\nFrom the kitchen floor down to the fire place (Yes)\nInsense burning, your body's talking that shit to me\nCancel that phone (Yes)\nThe only sound I'm tryin' to hear is your moan (Yes)\nYou ridin' topless, no panties on (Yes)\nAnd I've been thinkin' 'bout this all day long\nYou're giving me the fire though..\n\n[Hook (2X)]\nPapa coming home, like to give you that raw\nFavorite position, from the back door\nGirl you know the drill don't ask no questions, you already know\n\n[Verse 2 -Q]\nIs your girl Jenny home (Yes)\nCall her up and tell her it's 'bout to be on (Yes)\nTell her don't show if it ain't heels and thongs (Yes)\nI can already see it, ooh what a feeling\nJust don't (Yes)\nGet jealous if I hit that to hard (Yes)\nCuz you come first\nYou know your my heart (Yes)\nCuz it'll always be your's, girl I'm 'bout to turn you out\n\n[Hook (2X)]\nPapa coming home, like to give you that raw\nFavorite position, from the back door\nGirl you know the drill don't ask no questions, you already know\n\n[Bridge - Daron]\nYou know just how I like it to see it\n(You know just how I like to see it)\nYou know just how I like beat it, you already know\nYou know I like to go down and eat it\n(I love it when you go down and eat it)\nAnd you know I won't stop until you get it, you already know\n\n[Hook (2X)]\nPapa coming home, like to give you that raw\nFavorite position, from the back door\nGirl you know the drill don't ask no questions, you already know", "image": "https://images.genius.com/d6ba924d6e97db34768f222061492a76.500x500x1.jpg"}], "artist": "112"}