{"songs": [{"title": "Liar", "album": null, "year": "2019-07-22", "lyrics": "[Intro]\nWhistles out\nIn the cut\nGoin' full tackle\n\n[Chorus]\nLyin' on your dick, lyin' on your dick (Liar)\nWhy you\u2005lyin'\u2005on your dick\u201a\u2005lyin' on your dick?\nWhy you lyin'\u2005on your dick\u201a lyin' on your dick? (Liar)\nHe be talkin' shit 'cause he just wanna hit (I know)\nWhy you lyin' on your dick\u201a lyin' on your dick? (Liar)\nWhy you lyin' on your dick, lyin' on your dick?\nWhy you lyin' on your dick, lyin' on your dick? (Bitch)\nHe be talkin' shit 'cause he just really wanna hit (Uh\u201a uh, uh)\n\n[Verse 1]\n*Inhales*, ah\nI smell cap\nHe say he like cat\nBut that is not a fact\nHe keep it in the closet\nHe keep it under wraps\nThe only thing my closet got--\nIs straps\n\n[Pre-Chorus]\nFuck\u201a you a pussy ass bitch (You goose)\nFuck you, your momma, and your kids (All of 'em stupid)\nI hate a lyin' ass trick (Bitch)\nAlways lyin' on his dick, you pussy\nWhy you gotta lie?\nYou know that you a liar\nSo insecure inside\nBe a real nigga\nOnly bitch niggas lie, ah\n\n[Chorus]\nLyin' on your dick, lyin' on your dick (Liar)\nWhy you lyin' on your dick, lyin' on your dick?\nWhy you lyin' on your dick, lyin' on your dick? (Liar)\nHe be talkin' shit 'cause he just wanna hit (I know)\nWhy you lyin' on your dick, lyin' on your dick? (Liar)\nWhy you lyin' on your dick, lyin' on your dick?\nWhy you lyin' on your dick, lyin' on your dick? (Bitch)\nHe be talkin' shit 'cause he just really wanna hit (Uh, uh, uh)\n\n[Verse 2]\nYou said you got them plays, that's a lie (You lie)\nSaid you hustle every day, that's a lie\nHe think he a peon, made 'em cry\nYou a slave for this pussy, do not lie\n\n[Pre-Chorus]\nFuck, you a pussy ass bitch (Fuck)\nFuck you, your momma, and your kids (Fuck 'em all)\nHuh? I hate a lyin' ass trick\nWhat? Always lyin' on his dick, you pussy\nWhy you gotta lie?\nYou know that you a liar\nSo insecure inside\nBe a real nigga\nOnly bitch niggas lie, ah\n\n[Chorus]\nLyin' on your dick, lyin' on your dick (Liar)\nWhy you lyin' on your dick, lyin' on your dick?\nWhy you lyin' on your dick, lyin' on your dick? (Liar)\nHe be talkin' shit 'cause he just wanna hit (I know)\nWhy you lyin' on your dick, lyin' on your dick? (Liar)\nWhy you lyin' on your dick, lyin' on your dick?\nWhy you lyin' on your dick, lyin' on your dick? (Bitch)\nHe be talkin' shit 'cause he just really wanna hit (Uh, uh, uh)\n\n[Outro]\nWhistles out\nIn the cut\nGoin' full tackle", "image": "https://images.genius.com/9e8d30b134720a2f51f74084934530a2.1000x1000x1.jpg"}], "artist": "BigKlit"}