{"songs": [{"title": "Gold", "album": null, "year": "2017-03-01", "lyrics": "[Intro:]\n(Ohhh, Ohhh, Ohhh, Ohhh)\nGyal yuh\nGyal yuh\nGyal yuh\nGyal yuh\nGyal yuh\nGyal yuh\nGyal yuh spend...\n\n[Hook 1:]\nGyal yuh spend too much time wining\nMake me introduce ya to fine dining\nPut you inna Louis, ah no just Cavalli\nSweat out yuh hair an' give you money\nGyal yuh spend too much time wining\nMake me introduce ya to fine dining\nPut you inna Louis, no just Cavalli\nSweat out yuh hair an' give you money\n\n[Chorus:]\nCause ah you alone, lone, lone, lone, lone\nAh you get the gold, gold, gold, gold, gold\nCause ah you alone, lone, lone, lone, lone\nAh you get the gold, gold, gold, gold, gold\nBoy me nah stop chat yuh\nFlex good an' yuh stack proper\nReal brudda, real Don dadda\nBoy me nah stop chat yuh\nFlex good an' yuh stack proper\nReal brudda, real Don dadda\n\n[Verse 1:]\nHe said \"I know that you the hot shot\" (yeahhh, yeah, yeah)\nBut it don't hurt to give me a try\nI know that you the 'hot shot' (yeah, yeah, yeah, yeah)\nBut I can still light up your life\nMe nah leff yuh\nGive yuh everyting yuh want\nIndependent but you are my star\nMe nah bex yuh\nThem gyal yeah don't stan' a chance\nYuh X-rated but still keep it classy\n\n[Hook 2:]\nBoy yuh spend too much time talking\nMake me introduce yuh to fine wining\nLock arf yuh phone until ah mornin'\nCook up yuh food and give you nani\nBoy yuh spend too much time talking\nMake me introduce yuh to fine wining\nLock arf yuh phone until ah mornin'\nCook up yuh food and give you nani\n\n[Chorus:]\nCause ah you alone, lone, lone, lone, lone\nAh you get the gold, gold, gold, gold, gold\nCause ah you alone, lone, lone, lone, lone\nAh you get the gold, gold, gold, gold, gold\nBoy me nah stop chat yuh\nFlex good an' yuh stack proper\nReal brudda, real Don dadda\nBoy me nah stop chat yuh\nFlex good an' yuh stack proper\nReal brudda, real Don dadda\n\n[Verse 2:]\nBoy me nah stop chat ya\nNo other gyal can comfort you\nOn go when ah money them a member you\nBoy me nah style pon you\nRide wi' me like tricycle\nAnyting me waan, me a call Papa\n\n[Bridge:]\nFrom you never catch me slippin' when I said he was a friend\nTell them me say nuttin' nuh go suh\nThem say yuh wukless an' you have a next man ah pay me rent\nTell them me say nuttin nuh go suh\n\nNah,nah,nah... nah, nuhnah... nuhuh, nah, nah\nNah, nah, nah...nah nuhnah... nuhuh, nah, nah\n(Yeahhh, yeah, yeah, yeah)\nNuh, nuh nuh, nuttin, nuh nuhh\nOh nuh, nuh, nuttin', nuh nuhh\nOh nuh, nuh, nuttin' ah go so\n\n[Hook 3]\nGyal yuh spend too much time wining\nMake me introduce ya to fine dining\nPut you inna Louis, nuh just Cavalli\nSweat out yuh hair an' give you money\nBoy yuh spend too much time talkin'\nMake me introduce yuh to fine winin'\nLock arf yuh phone until ah mornin'\nCook up yuh food and give you nani\n\n[Chorus:]\nCause ah you alone, lone, lone, lone, lone\nAh you get the gold, gold, gold, gold, gold\nCause ah you alone, lone, lone, lone, lone\nAh you get the gold, gold, gold, gold, gold\nBoy me nah stop chat yuh\nFlex good an' yuh stack proper\nReal brudda, real Don dadda\nBoy me nah stop chat yuh\nFlex good an' yuh stack proper\nReal brudda, real Don dadda\n\n[Outro:]\n(Real brudda, real Don dadda\nReal brudda, real Don dadda\nReal brudda, real Don dadda\nReal brudda, real Don dadda)", "image": "https://images.genius.com/24bce87b9b842b3ac0e8ae69a85407c8.480x360x1.jpg"}], "artist": "Alicai Harley"}