{"songs": [{"title": "GoodEnough", "album": "Are We Still Dreaming?", "year": "2018-10-12", "lyrics": "[Chorus: Wesley Franklin]\nWhy your chain don't shine like the rapper\u2019s do?\nWhy you don't bleed for your city?\nTell me what's your appeal\nProve that you real\nBetter have 5 killers on you\nBased on the game and the things we know\nMost live a lie for sure\nIf I let you say what\u2019s good\nGuess I ain't good enough\n\n[Verse 1: jay.]\nThose cassettes out the attic, unraveled foreign magic\nMade me check the mathematics, sense the havoc\nHad me skipping class to study flows\nPut it in to practice, run the show\nEvery minute, every second, headphones stuck onto the globe\nYet it go, \"why ain't you hood? yeah, why ain't you hood?\nWhy ain't you rapping like you ain't understood?\nDrugs, sex and violence, all left in silence\nYou ain't hear the shots, getting chased by the sirens, tell me\"\n\n[Chorus: Wesley Franklin]\nWhy your chain don't shine like the rapper\u2019s do?\nWhy you don\u2019t bleed for your city?\nTell me what's your appeal\nProve that you real\nBetter have 5 killers on you\nBased on the game and the things we know\nMost live a lie for sure\nIf I let you say what\u2019s good\nGuess I ain't good enough\n\n[Post-Chorus: jay.]\nAin't I, good enough for you\nAin't I, good enough for you\nAin\u2019t I, good enough for you\nGuess I ain't good enough\nAin't I, good enough for you\nAin't I, good enough for you\nAin't I, good enough for you\nGuess I ain't good enough\n\n[Verse 2: jay.]\nAm I supposed to run the street, my block, am I supposed to bleed\nTo mould my life in bars and exhibit them at your feet\nMy boss's dirt swept shoes, I need those too, I'm close to match the cost\nMoney trees in growth but patience nearly done been lost\nI know we dropped what we had cause I ain't make that paper like them rappers do\nHard but bitter truth but all y'all want the sweetest juice\nPresented, wrapped in gift wrap, sit back and get clapped\nChit chat, and finally shut your trap once you can see that\nChain 'round my neck, uh, diamonds in my rings, ye\nShowing off my stacks, screaming fuck all o' y'all opinions\n\"Nice, let's televise his world and it's demise\" (Huh?)\nThat's all that you desire, entertainment in your eyes\nAin't that right?\n\n[Chorus: Wesley Franklin]\nWhy your chain don't shine like the rapper's do?\nWhy you don't bleed for your city?\nTell me what's your appeal\nProve that you real\nBetter have 5 killers on you\nBased on the game and the things we know\nMost live a lie for sure\nIf I let you say what's good\nGuess I ain't good enough\n\n[Post-Chorus: jay.]\nAin't I, good enough for you\nAin't I, good enough for you\nAin't I, good enough for you\nGuess I ain't good enough\nAin't I, good enough for you\nAin't I, good enough for you\nAin't I, good enough for you\nGuess I ain't good enough\n\n[Outro]", "image": "https://images.genius.com/5fbe426d3474e9f690e410ad0d830dcf.1000x1000x1.jpg"}], "artist": "Blackwave."}