{"songs": [{"title": "Weekday", "album": "AitcH2O", "year": "2019-09-06", "lyrics": "[Intro: Aitch]\nSteel Banglez\nWhat we sayin' Mo? Yeah\n\n[Verse 1: Aitch]\nShe said \"Men are trash\", I think girls are too\nPut the blame on me but I'm the same as you\nStill the same old Aitch, man, I stay so smooth\nManny boy, I stepped in with the same old crew\nPretty one, thick, but she holds it nice\nSwear her pussy so tight, had to bone it twice\nBaby gal, why you being photo shy?\nI won't post it, I just think the photo's nice\n\n[Verse 2: MoStack]\nShe said \"Men are trash\", I said \"Yeah, that's true\"\nBut you're the company you keep and I'm chillin' here wid you\nSo what does that make you?\nYou know, I stay grippin'\nI just can't be slippin', man will blaze at you\nYou know how I'm livin', I just gotta switch women\nMan, I can't be chilling with the same old boo\nAnd I'm still winning with the same old school\nI can probably fuck my teacher from my old school\nMiss Thompson, I know one ting\nShe just come from Turkey, she got liposuction\nAnd this girl does some psycho suckin'\nBut she want it all now, on some rushin'\n\n[Bridge: Aitch]\nYeah\nShe want it all now, man, it's gettin' impatient\nAnd when she leaves, she be makin' statements\nBut she comin' back, ain't nuttin' changing\nI just tell her holla at me when she at the station\n\n[Chorus: Aitch & MoStack]\nClub goin' up on a weekday\nWe don't ever have a weak day (Nah, nah, nah)\nAyy, lets get to foreplay\nShe gon' do whatever we say\nClub goin' up on a weekday\nWe don't ever have a weak day\nAyy, lets get to foreplay\nShe gon' do whatever we say\n\n[Verse 3: MoStack]\nYour man's on one, grab the blonde one\nOr bring the brunette, man, I just want fun\nI'm with queen ones\nI would bring bro but remember that time you never gave me one\n'Cause I'm a crazy one, I need a lady one\nI want a baby but don't want a baby mum\nAitch said \"Pussy\" when I asked what he ate for lunch\nHundred bags is what I made this month\n\n[Verse 4: Aitch]\nYeah, I'll bag your ex man, don't care what he said\nGet up in between legs, eat it like a creme egg\nTell her \"You know nuttin' 'bout me yet\"\nThen I dash it like I seen fed, haha\nYeah, skrrt round like it's Nascar\nMovin' like a trap star, Cali in a glass jar\nStepped in smellin' like a Rasta\nLookin' like a rapper, this is what I asked for\n\n[Chorus: Aitch & MoStack]\nClub goin' up on a weekday\nWe don't ever have a weak day\nAyy, lets get to foreplay\nShe gon' do whatever we say\nClub goin' up on a weekday\nWe don't ever have a weak day\nAyy, lets get to foreplay\nShe gon' do whatever we say\n\n[Outro: MoStack]\nMy ting wants to switch up the guys you see\nReason being, she say I party too much for a human being\nI don't just fuck girl in the European\nI don't even ask who the girl I'm seeing\nYou're pissed if your girl's in the room that we in, yeah\nGo watch your girlfriend, boy\nGo watch your girlfriend boy, boy, boy, boy, boy", "image": "https://images.genius.com/e8bb3fe11963967cd6a531a12c8209eb.1000x1000x1.jpg"}], "artist": "Aitch"}