{"songs": [{"title": "Reflections", "album": "Knowledge of Self", "year": "2015-10-26", "lyrics": "[Verse 1: Awon]\nWhat up, young soldiers? I wrote this from the bench\nChilling like a villain, liquor, weed is the stench\nThinking of my wrongs, tryna make it right\nLooking back at all the bad karma in my life\nI used to sell white to the people who were hurting\nNot realising it was the vulnerable I was serving\nIt wasn't even me that was being Satan's servant\nImprisoning the free, killing spirits, doing dirt when\nMy thoughts were all savage, influenced by my flesh\nNot knowing that everyday's a gift and a test\nHow can a flawed soul make peace with the Lord?\nHow can I be free from the sin sword?\nLive by the gun, just thankful that I'm alive\nOnly a handful of homies are left, so I try\nTo be a positive guy for those who will listen\nGiving the blind vision and fill them with wisdom\n\n[Hook: Rodney the Soul Singer]\nSo tell me what is wrong (I can't let go)\nEven in my heart (I lose control)\nAll I see is mine (My mind and soul)\nSo go for what you know\nDon't you let the lies hypnotise you no more\n\n[Verse 2: Awon]\nTo all of our daughters, I wrote this from the heart\nTo let you know a woman is God's work of art\nDon't let any man tell you you ain't smart\nDegrade your dignity and then tear you apart\nLive with humility, have self-esteem\nIt's hard to wait for the man of your dreams\nWhat you hold is power, giving life to us all\nYou must pay attention to the writings on the wall\nWe celebrate pimps and call y'all hoes\nMake it rain at the strippers at the club with the dough\nBut we need to make it rain at your graduation\nWe celebrate your ass, but not your education\nI'm no different, I'm just a man on the surface\nMove 'bout your flesh, but I understand your purpose\nObjectify the few, just wanna make it right\nUnderstand you have control of your life\n\n[Hook: Rodney the Soul Singer]\nSo tell me what is wrong (I can't let go)\nEven in my heart (I lose control)\nAll I see is mine (My mind and soul)\nSo go for what you know\nDon't you let the lies hypnotise you no more\n\n[Verse 3: Awon]\nWhat up, young world? I wrote this from the heavens\nTo let you know that every single day is a blessing\nEven at your lowest point, fight off the depression\nShine from within, don't let 'em dim your progression\nThe youth is forgotten, a generation void\nWandering the streets 'cause so many are unemployed\nEducation trap, Sallie Mae is the mob\nUndergrad degree and still can't get a job\nNo credit, just debt, quick to call you hipster\nClassism new racism, poor equals nigga\nWe can talk about the problems, but what about solutions?\nYour bright ideas could spark a revolution\nIf occupy had an agenda and a leader\nWe might be a few steps closer to our freedom\nThere's power in your voice, exercise your rights\nAnd no matter what, don't give up without a fight\n\n[Bridge: Rodney the Soul Singer]\nAnd today's life would bring you so many sorrows\nSo live each day like there's no tomorrow\nSo do what you can and be the better man\nThen you will see it, yeah, yeah, so I say\n\n[Hook: Rodney the Soul Singer]\nSo tell me what is wrong (I can't let go)\nEven in my heart (I lose control)\nAll I see is mine (My mind and soul)\nSo go for what you know\nDon't you let the lies hypnotise you no more", "image": "https://images.genius.com/7c04b6e599ad8afcceeab50f45cb8a7c.1000x1000x1.jpg"}], "artist": "Awon & Phoniks"}