{"songs": [{"title": "Valentino", "album": "Dropped Outta College", "year": "2019-02-01", "lyrics": "[Chorus]\nI don\u2019t want a valentine\nI just want Valentino\nI just want the neck\nI poker face like a casino\nDeep throat\nKnow I get it in like a free throw\nShawty want some mo'\nShe just can\u2019t seem to keep her knees closed\nI don\u2019t want a valentine\nI just want Valentino\nI just want the neck\nI poker face like a casino\nDeep throat\nKnow I get it in like a free throw\nShawty want some mo'\nShe just can\u2019t seem to keep her knees closed\n\n[Verse]\nI fuck her long\nAin\u2019t no Minute Maid\nMy diamonds lemonade\nFlexin' hard, call me Popeye\nWallet filled with spinach, ayy\nCut you off on the interstate\nI\u2019m first to finish, ayy\nI\u2019m a young rich nigga\nBitch it\u2019s always been that way\nTo the grave, might just be tomorrow\nMight just be today\nSo I always live it up\nWe poppin' bottles\nPoppin' K's\nGucci shades from my bougie bitch\nI ain\u2019t even had to pay\nHad to put on for the team\nAnd had to put on for the Bay\nI'm still fly when I wear robins wings\nI can\u2019t stay in one place\nRussian Creams in my rocket ship\nWe go to outer space\nMask off, mask on, fuck it\nI can\u2019t catch a case\nBlast off, blast off\nSee the stars up in Wraith\nYou can't get into the crib\nBecause the mansion got a gate\nYou can't come into my section\nI\u2019m gon' put you in your place\nIf your club goin' up\nYou bet I\u2019m sliding like it's chess\nAnd I think I fell in love\nShe shook that ass up in my face\n\n[Chorus]\nI don\u2019t want a valentine\nI just want Valentino\nI just want the neck\nI poker face like a casino\nDeep throat\nKnow I get it in like a free throw\nShawty want some mo'\nShe just can\u2019t seem to keep her knees closed\nI don\u2019t want a valentine\nI just want Valentino\nI just want the neck\nI poker face like a casino\nDeep throat\nKnow I get it in like a free throw\nShawty want some mo'\nShe just can\u2019t seem to keep her knees closed\n(She just can\u2019t seem to keep her knees closed)\n(She just can\u2019t seem to keep her knees closed)\n\nI don\u2019t want a valentine\nI just want Valentino\nI just want the neck\nI poker face like a casino\nDeep throat\nKnow I get it in like a free throw\nShawty want some mo'\nShe just can\u2019t seem to keep her knees closed\nI don\u2019t want a valentine\nI just want Valentino\nI just want the neck\nI poker face like a casino\nDeep throat\nKnow I get it in like a free throw\nShawty want some mo'\nShe just can\u2019t seem to keep her knees closed", "image": "https://images.genius.com/1fca0c717e1d5bca05bd997380f03be3.1000x1000x1.jpg"}], "artist": "24kGoldn"}