{"songs": [{"title": "Look In My Eyes", "album": null, "year": "2019-11-22", "lyrics": "[Chorus]\nLook me in my eyes and say a lie but don't lie to you\nI've been\u2005working\u2005on my fears\u2005for all these years at least\u2005i'm trying to\nHow you gon' look me in my eyes and tell a lie but say don't lie to you (yeah, yeah, yeah)\nI've been working through fears for all these years at least i'm trying to (yeah, yeah, yeah)\nI've been searching all my life, all my life 'till I found you (yeah, yeah, yeah)\nYou can try and numb the pain but it won't change cause you ain't bulletproof, bulletproof\nLook me in my eyes and say a lie but don't lie to you\nI've been working on my fears for all these years at least I'm trying to\n\n[Verse]\nUh, beautiful day out, nigga made a way out\nChillin' on my lonely, smoking 'tiva at the lake house\nFeeling all emotions like sometimes it ain't no way out\nGrinding all your life you feel you still ain't get your pay out, fuck it\nNiggas switching up sides I'm like I love it\nSo we ain't gotta be faking all the friendly shit in public\nI'm good, put that shit on my hood\nWonder why I'm so anxious I feel so misunderstood\nTryna find me some answers, while takin' tokes from the 'wood\nKnow them niggas would finish me if they thought that they could\nAll that humble shit old, to when hundreds are fold\nHit the stu' and I zone, I'm jotting raps in my phone, I'm him, yeah\nWholeheartedly mean it, I fought the demons\nKeep my iron load like I'm diagnosed as anemic\nGranny up in heaven she visit me when I'm dreaming\nAnd I can feel her spirit connecting me to my genius\nI'm blessed, Shredded up so why flex\nCompliments from your girl she like this shit on my neck\nProbably why he upset, she gon' start the neglect\nNow she hardly impressed, now you barely a threat\nI been tryna keep my cool but I might scoop and collect\nHit up wifey direct, I got an option on deck\nShe gon' smile with her pretty self, that's cause and effect\nCome and peep my demonstration bring my proper respect\nAll that cappin' in your caption boy you hardly a threat\nLOLO, never know this shit that I'm on I'm out in Cabo\nPeople rarely visit this part as far as I know\nKnow it like the back of my hand, it come to survival, straight up, nigga\n\n[Chorus]\nLook me in my eyes and say a lie but don't lie to you\nI've been working on my fears for all these years at least i'm trying to\nHow you gon' look me in my eyes and tell a lie but say don't lie to you (yeah, yeah, yeah)\nI've been working on my fears for all these years atleast i'm trying to (yeah, yeah, yeah)\nI've been searching all my life, all my life 'till I found you (yeah, yeah, yeah)\nYou can try and numb the pain but it won't change cause you ain't bulletproof, bulletproof\nLook me in my eyes and say a lie but don't lie to you\nI've been working on my fears for all these years at least I'm trying to\nHow you gon' look me in my eyes and tell a lie but say don't lie to you (say don't lie to you)\nI've been working on my fears for all these years at least i'm trying to (naw, naw, naw)", "image": "https://images.genius.com/22f07e18ba8d0336dacd3ce95c227775.1000x1000x1.png"}], "artist": "Ace Hood"}