{"songs": [{"title": "Dreams", "album": "Seasons ", "year": "2018-05-04", "lyrics": "[Verse 1: 169]\nClique we strong as ever, we be movin' too tight\nSoon be pushin' new rides\nEQT cocaine white\nSpeakin' for a while now\nTell me how you feel\nNo, love me for myself\nRight, only for my new clothes, yeah\n\n[Chorus: 169]\nI got a dream to fulfill\nAin't go no time to waste\nDon't be supportive when I make a mil'\nYou wasn't there the first day\nYou wasn't there when I made the moves in the first place\nI do not know what you tryna prove don't get in my way\n\nI got a dream to fulfill\nAin't go no time to waste\nDon't be supportive when I make a mil'\nYou wasn't there  the first day\nYou wasn't there when I made the moves in the first place\nI do not know what you tryna prove don't get in my way\n\n[Verse 2: J-Go]\nSteady tryna make it\nI've got my purpose, so why you tryna take it?\nOr you must be buzzin', what have you been drinkin'?\nLife is a process\nThe aim is to progress\nEven when times hit you hard\nMash 'em up with some bangers, let that digest\nI'm  on a mission\nCruisin' with the team\nWe been winnin' together, whatever the weather\nNo matter how deadly it seem\nWalk by faith and not by sight\nGod got my back so I'm soarin' high\n\n[Chorus: 169]\nI got a dream to fulfill\nAin't go no time to waste\nDon't be supportive when I make a mil'\nYou wasn't there  the first day\nYou wasn't there when I made the moves in the first place\nI do not know what you tryna prove don't get in my way\n\nI got a dream to fulfill\nAin't go no time to waste\nDon't be supportive when I make a mil'\nYou wasn't there  the first day\nYou wasn't there when I made the moves in the first place\nI do not know what you tryna prove don't get in my way\n\n[Talkbox Outro: 169]\nI got a dream to fulfill ('fill)\nAin't go no time to waste (time to waste)\nDon't be supportive when I make a mil'\nYou wasn't there  the first day (the first day)\nYou wasn't there when I made the moves in the first place\nI do not know what you tryna prove don't get in my way", "image": "https://images.genius.com/eeaacf7818d953eba024c70b33351a80.1000x1000x1.jpg"}], "artist": "Tyrell 169"}