{"songs": [{"title": "FAST", "album": null, "year": "2019-07-26", "lyrics": "[Hook]\n\nYeah she love when we go fast\nKeep\u200a my hand up on the gas\nShe\u200a don't want to take it slow\nSo tell me where you want to go\n\nYeah she love when we go fast\nKeep\u200a my hand up on the gas\nShe\u200a don't want to take it slow\nSo tell me where you want to go, go, go\n\n[Verse 1]\n\nLately\u200a I've been getting cash (Lately I've been getting cash)\nLately I just wanna smash (Lately I just wanna smash)\nBut ever since I met yo' ass (But ever since I met yo' ass)\nYou got my heart been beating so fast, fast, fast\n\nFeels\u200a like I'm about to crash (Feels like I'm about to crash)\nI might have to do the dash (I might have to do the dash)\nAnd if I see those red lights flash (And if I see those red lights flash)\nThen tonight my be our last, last, last\n\n[Hook]\n\nYeah she love when we go fast\nKeep my hand up on the gas\nShe don't want to take it slow\nSo tell me where you want to go\n\nYeah she love when we go fast (fast, fast, fast, fast)\nKeep my hand up on the gas (gas, gas, gas, gas)\nShe don't want to take it slow (no, no, no, no)\nSo tell me where you want to go, go, go\n\n[Verse 2]\n\nShorty I know you've been down (Shorty I know you've been down)\nEver since I came to town (Ever since I came to town)\nYou're the gem I finally found (You the gem I finally found)\nMake my heart fall to the ground, ground, ground\n\nBut will you really ride or die? (Would you really ride or die)\nShow the truth don't tell me lies (Show the truth don't tell me lies)\nHit the gas and let's get high (Hit the gas and let's get high)\nNow we're flying through the sky, sky, zoom!\n\n[Hook]\n\nYeah she love when we go fast\nKeep my hand up on the gas\nShe don't want to take it slow\nSo tell me where you want to go\n\nYeah she love when we go fast (fast, fast, fast, fast)\nKeep my hand up on the gas (gas, gas, gas, gas)\nShe don't want to take it slow (no, no, no, no)\nSo tell me where you want to go, go, go\n\n[Outro]\n\nYeah I wanna go fast\nWith you\nFast, with you\nYeah I wanna go fast\nWith you\nFast, with you", "image": "https://images.genius.com/3aec17c3b828f56f63054034a4cf0c74.1000x1000x1.png"}], "artist": "Arizona Zervas"}