{"songs": [{"title": "Mixer", "album": "AM1", "year": "2019-04-04", "lyrics": "[Verse 1]\nGonna get in your mind, one fine day\nGonna figure you out, one fine day\nDear Lord, maybe I should stay away, stay away\nLittle lost, little blind, blind with temptation\n\n[Pre-Chorus]\nTell me something, do I make you feel the way that I do?\nI been uptight, you got me right, I'm back into my groove\nKeep me bumpin\u2019, give me something that I could get used to\nI'm a fire, gotta keep me lit all night, all night, they say\n\n[Chorus]\nAnd they say my heart will bleed\nBut it doesn't matter to me\n\u2019Cause your love is so nasty\nBoy, yeah yeah yeah\nIn the dark, I'm living the dream\nWhen you pull up behind me\nLike a mixer, whipping that cream\nBoy, yeah yeah yeah\n\n[Verse 2]\nEvery night, club tights, touch your face\nEvery night I try to find out what's on your brain\nDear Mama, help me know just what to say\n'Cause I don't wanna be blind with temptation\n\n[Pre-Chorus]\nTell me something, do I make you feel the way that I do?\nI been uptight, you got me right, I'm back into my groove\nKeep me bumpin', give me something that I could get used to\nI'm a fire, gotta keep me lit all night, all night, they say\n\n[Chorus]\nAnd they say my heart will bleed\nBut it doesn\u2019t matter to me\n\u2019Cause your love is so nasty\nBoy, yeah yeah yeah\nIn the dark, I'm living the dream\nWhen you pull up behind me\nLike a mixer, whipping that cream\nBoy, yeah yeah yeah\n\n[Bridge]\nYou hit me late night asking, \"Can I come over?\"\nPut you on replay in my mind, all slumber\nI\u2019m wide awake, my body shakes and shivers\nI'm a fool, I guess 'cause I text you yes\nEven though my friends, they say\n\n[Chorus]\nAnd they say my heart will bleed\nBut it doesn't matter to me\n\u2019Cause your love is so nasty\nBoy, yeah yeah yeah\nIn the dark, I'm living the dream\nWhen you pull up behind me\nLike a mixer, whipping that cream\nBoy, yeah yeah yeah", "image": "https://images.genius.com/df7f93fca424b03efe4cc97f9956e993.1000x1000x1.png"}], "artist": "Amber Mark"}