{"songs": [{"title": "Take the Lead", "album": "TEN10", "year": "2018-09-21", "lyrics": "[Chorus: Chip]\nBaby you should take the lead\nYeah yeah\nSpin and put your hips on me\nOoh ooh\nFeel a bulge coming through in my jeans\nYeah yeah\nBaby come and whine for me\nDon't be shy for me\nCome and take the lead\nYeah yeah\nSpin and put your hips on me\nOoh ooh\nFeel a bulge coming through in my jeans\nYeah yeah\nBaby come and whine for me\nDon't be shy for me\nCome and take the lead\nYeah yeah\n\n[Verse 1: B Young]\nBaby you want\nWhat I want\nWhat we want\nWhat you need, girl\nI do you\nRearview\nJust do you\nAnd take the lead\nYeah\nWe can have that conversation\nGirl give me lickle demonstration\nTwo toke on the medication\nHave you flying like it's elevation\nGirl I want\nWhat you want\nWhat we want\nWhat you need\nGirl, I'll do you\nRearview\nJust do you\nGirl and take the lead\nYeah\nBaby gyal gon' do it for me\nGirl take the lead, yeah\nGon' do it for me\n\n[Chorus: Chip]\nBaby you should take the lead\nYeah yeah\nSpin and put your hips on me\nOoh ooh\nFeel a bulge coming through in my jeans\nYeah yeah\nBaby come and whine for me\nDon't be shy for me\nCome and take the lead\nYeah yeah\nSpin and put your hips on me\nOoh ooh\nFeel a bulge coming through in my jeans\nYeah yeah\nBaby come and whine for me\nDon't be shy for me\nCome and take the lead\nYeah yeah\n\n[Verse 2]\nTook one look\nJust a glance at you\nTipsy, man I had a glass or two\nI know you're thinking I just wanna, uhh\nHey! Slow your roll, I wanna dance with you\nGave you a wink\nThen, you came over (Ayy)\nPoured you a drink\nHey, why so sober (Come)\nI rate ya highly\nGyal bend over (Benn')\nSquare circle triangle\nX controller (Brrrt)\nOoh if I touch a button you in trouble (Mm)\nChampagne ah' fizz up\nSee it dere we affi bubble (Go'so)\nYou know ow fi do it (Do it)\nWhine mek me see it (Woi)\nI'm right behind\nGyal take the lead\nVibe we a vibe\nTell 'em don't interrupt, lights on\nBut there's still juice in my cup, I'm gone\nThey say if you can dance\nYou can, uhh\nWell dance time is up\n\n[Chorus: Chip]\nBaby you should take the lead\nYeah yeah\nSpin and put your hips on me\nOoh ooh\nFeel a bulge coming through in my jeans\nYeah yeah\nBaby come and whine for me\nDon't be shy for me\nCome and take the lead\nYeah yeah\nSpin and put your hips on me\nOoh ooh\nFeel a bulge coming through in my jeans\nYeah yeah\nBaby come and whine for me\nDon't be shy for me\nBaby you should take the lead\nYeah yeah\nSpin and put your hips on me\nOoh ooh\nFeel a bulge coming through in my jeans\nYeah yeah\nBaby come and whine for me\nDon't be shy for me\nCome and take the lead\nYeah yeah\nSpin and put your hips on me\nOoh ooh\nFeel a bulge coming through in my jeans\nYeah yeah\nBaby come and whine for me\nDon't be shy for me\nCome and take the lead\nYeah yeah", "image": "https://images.genius.com/dd5c1ecd250fc356cc3973f9bcac90f9.750x750x1.jpg"}], "artist": "Chip"}