{"songs": [{"title": "First Time", "album": "Breathe The Same EP", "year": "2016-01-05", "lyrics": "[Verse 1: BAER]\nLooking at me, your smoky eyes\nFelt a little something between my thighs\nI could tell that you know I\u2019m new\nBet I\u2019ll like the taste of your lipstick rouge\n\n[Pre-Chorus: BAER]\nYou whisper\nDon\u2019t be afraid to try, I know how you like it\nI know how to fuck you better, make you excited\nBody don\u2019t quit, those sugar pillow lips\nFuck a stranger, fuck with danger\nHow can I resist, baby?\n\n[Chorus: BAER]\nLights out, slow down\nBaby you know it\u2019s my first time\nMight get a little loud\nBaby you know its my first time\n\n[Verse 2: JVZEL]\nI\u2019ll be fast enough for your furious\nSo I\u2019m coming for you right now\nI\u2019m so serious, I been feeling this\nMy imagination gone wild\nIt\u2019s the first time not the last time\nA little nervous, never hurt shit\nWe can unwind with some red wine\n\n[Pre-Chorus: JVZEL]\nI\u2019m gon\u2019 need this when it\u2019s over\nAfter only one time\nYou got it baby, god damn you blowing my mind\nYou gon\u2019 call me when you sober\nMight be faded right now\nSo fuck it then, get your silhouette on my couch\n\n[Chorus]\nLights out, slow down\nBaby I know it\u2019s your first time\nMight get a little loud\nBaby you know it\u2019s my first time\n\n[Bridge]\nDon\u2019t be afraid to try\nI know how you like it\nI know how to fuck you better\nMake you excited\nDon\u2019t be afraid to try\nI know how you like it\nI know how to fuck you better\nMake you excited\nFirst time\nFirst, first, first time\nFirst time\nFirst, first, first time\nFirst time\nBaby I know it\u2019s your first time\n\n[Chorus]\nLights out, slow down (slow down)\nBaby I know it\u2019s your first time (first time)\nMight get a little loud (loud)\nBaby you know it\u2019s my first time\n\n[Outro]\nIt's my first time\nIt's my first time, baby", "image": "https://images.genius.com/7555df8b2183e1720848853737ddfaca.1000x1000x1.png"}], "artist": "BAER"}