{"songs": [{"title": "Drowning", "album": "The Bigger Artist", "year": "2017-03-10", "lyrics": "[Intro: A Boogie Wit Da Hoodie]\nI'm drownin'\nI'm drownin'\nI'm drownin'\nI'm drownin'\n\n[Chorus: A Boogie Wit Da Hoodie]\nWrist so icy, wonder why she like me, bitch I'm drownin'\nIn water, I just bought a Cuban, dipped it in a fountain\nEverywhere that I go it's a light show, I'm surrounded\nBust down, bust down, bust down, bust down, bust down, bitch I'm drownin'\nI just bought a Cuban ring and dipped it in a fountain\nChain so heavy I feel like I'm holdin' up a mountain\nEverywhere that I go it's a light show, I'm surrounded\nBust down, bust down, bust down, bust down, bust down, bitch I'm drownin'\n\n[Verse 1: A Boogie Wit Da Hoodie]\nI'm with all my niggas, I don't go nowhere without 'em\nIf they don't let us in they might throw shots at the bouncer\nActavis medicine, got it straight from out the doctor's\nI'm with RJ but I call him Wayne 'cause he's a shotta\nPick up the ladder, put it in the gun, make the 9 stretch\nNiggas with attitude, but we come straight out of Highbridge\nI'm gon' make her panties wet when she see the way I flex\nI'm gon' win a Grammy, move my family out the projects\nWe went from chillin' in the projects to makin' projects\nWe was tryna get to the top, and they tried to stop us\nI talk for myself, bitch I don't need no fucking voucher\nShe looked at my wrist and she looked at a hundred thousand\n\n[Chorus: A Boogie Wit Da Hoodie]\nWrist so icy, wonder why she like me, bitch I'm drownin'\nIn water, I just bought a Cuban, dipped it in a fountain\nEverywhere that I go it's a light show, I'm surrounded\nBust down, bust down, bust down, bust down, bust down, bitch I'm drownin'\nI just bought a Cuban ring and dipped it in a fountain\nChain so heavy I feel like I'm holdin' up a mountain\nEverywhere that I go it's a light show, I'm surrounded\nBust down, bust down, bust down, bust down, bust down, bitch I'm drownin'\n\n[Verse 2: Kodak Black]\nJust bought a brand new chain from Avianne\nNigga with attitude but I ain't from Compton\nLil Kodak, bitch, I'm Polo'd down like Carlton\nSniper Gang I put a nigga on a carton\nI'm the shit I'm fartin', I don't know how to potty\nPull up in a 'Rari, I'm in the Yo like Gotti\nA Boogie, I'm goin Scottie, nigga drop my deposit\nI ain't Jamaican, bitch I'm Haitian, but I got them shottas\nHarley Davidson every day, I'm ridin' with the chopper\nThey hatin', I know they don't wanna see a nigga prosper\nI ain't doing trims, I'm in the cut like I'm a barber\nShe call me daddy, but I ain't her motherfucking father\n\n[Chorus: A Boogie Wit Da Hoodie]\nWrist so icy, wonder why she like me, bitch I'm drownin'\nIn water, I just bought a Cuban, dipped it in a fountain\nEverywhere that I go it's a light show, I'm surrounded\nBust down, bust down, bust down, bust down, bust down, bitch I'm drownin'\nI just bought a Cuban ring and dipped it in a fountain\nChain so heavy I feel like I'm holdin' up a mountain\nEverywhere that I go it's a light show, I'm surrounded\nBust down, bust down, bust down, bust down, bust down, bitch I'm drownin'\n\n[Outro: A Boogie Wit Da Hoodie]\nBitch, I'm drownin'\nBitch, I'm drownin'\nI'm drownin'\nDrownin'\nI'm drownin'", "image": "https://images.genius.com/c305a381ac55898bf367375a676b5530.1000x1000x1.jpg"}], "artist": "A Boogie Wit da Hoodie"}