{"songs": [{"title": "Sunshine", "album": "It\u2019s Nice Outside", "year": "2017-08-21", "lyrics": "[Chorus: Anti-Lilly & Mariel]\nEverybody loves the sunshine\nEverybody loves the sunshine\nEverybody loves the sunshine\nThe sunshine\nNiggas getting killed in the sunshine\nMy niggas getting killed in the sunshine\nIt's hard to stay alive in the sunshine\n\n[Verse: Anti-Lilly]\nIt's my moment of clarity\nI never seen my life in this prescription\nBeen wrestling back and forth with my addictions\nCop a quarter P and flip it like it's overtime\nI overgrind, niggas be rapping that fiction\nTelling stories to anybody that's willing to listen to that bullshit\nLord willin this pen's gonna take me away from juug shit\nThis nine to five, and my nine to nine\nOnly keep a nine cause niggas try my piece of mind\nTook my piece of American pie, this ain't no movie\nLil homie, man, this real life\nTake a hit of reality, what it feel like\nI be so high but my low's right in my face\nThey be intertwined sometimes\nI don't what to feel but I tell my mama I'm fine\nBecause she lie to me, therfore I lie right back\nRight now we both fucked up\nBut she don't need to know that\nShe been stressing 'bout the house, that's why I can't show no slack\nI put my back against the wall before the wall touch her back\nEvery hustle need a purpose, nigga\nAll you need to know is my family come first, my nigga\nI'm 'bout to shine, but every diamond need some dirt my nigga\nHeaven and hell on earth I live to find my worth, my nigga\nHey\nI got scoliosis from holding the weight of the world upon my shoulders\nI been learning every day that shit don't go like how you want it\nIt's 'gon go like how it's 'posed to\nThis shit out of my control\nI just adapt instead of react\nMy head above water to stay afloat\nIt's hard to close my eyes\nBut still I'm tired\nMy mind's a mine that shit can go at any time\nSearching for some light, I hope I find my way\nCause I been living blind\n\n[Chorus: Anti-Lilly & Mariel]\nEverybody loves the sunshine\nEverybody loves the sunshine\nEverybody loves the sunshine\nThe sunshine\nNiggas getting killed in the sunshine\nMy niggas getting killed in the sunshine\nIt's hard to stay alive in the sunshine\nIt's hard to stay alive\nTill you die\n\n[Outro]\nHey babe\nI was just calling to check on you\nHopefully I'll see you Thursday\nI hope you're not working\nUm, alright, have a good day\nLove you, bye", "image": "https://images.genius.com/60bb7c36d7342572a738c702fea9532c.1000x1000x1.jpg"}], "artist": "Anti-Lilly & Phoniks"}