{"songs": [{"title": "Can\u2019t Lose", "album": null, "year": "2019-05-22", "lyrics": "[Intro]\nYeah, yeah, yeah, yeah, yeah, yeah\nYeah, yeah, yeah, yeah, yeah, yeah\nYeah, yeah, yeah, yeah, yeah, yeah\nYeah, yeah, yeah, yeah, yeah, yeah\n\n[Chorus]\n\u2018Cause if I\u2019m rolling with you\nIf I end up with you\nWho knows what we can do\nThere\u2019s no way we can lose, uh\n\n[Verse 1]\nOh, it ain\u2019t easy\nGirl, I need you, do you need me?\nChangin\u2019 the way you\u2019re gonna see me\nTook you a while to believe me\n\n[Pre-Chorus]\nThey don\u2019t know you like I know you\nAll this good lovin\u2019, I\u2019ma hold you\nNo long talk, let me show you\nAnywhere you go, you know I roll too\nGirl, are you local?\nBeen a long time, let me hold you\nUpload you pon the socials\nNo other man can promote you\n\n[Chorus]\n\u2018Cause if I\u2019m rolling with you\nIf I end up with you\nWho knows what we can do\nThere\u2019s no way we can lose\nYeah, yeah, yeah, yeah, yeah, yeah\nYeah, yeah, yeah, yeah, yeah, yeah\nYeah, yeah, yeah, yeah, yeah, yeah\nYeah, yeah, yeah, yeah, yeah, yeah\n\u2018Cause if I\u2019m rolling with you\nIf I end up with you\nWho knows what we can do\nThere\u2019s no way we can lose\nYeah, yeah, yeah, yeah, yeah, yeah\nYeah, yeah, yeah, yeah, yeah, yeah\nYeah, yeah, yeah, yeah, yeah, yeah\nYeah, yeah, yeah, yeah, yeah, yeah\n\n[Verse 2]\n\u2018Cause if I\u2019m rolling with you\nWe don\u2019t play by the rules\nDo our ting, that\u2019s for true\nThere\u2019s no way we can lose\nAlready know you want me\nStep in the room when I come fi\nGood food, girl, I know you hungry\nCome for ya belly if you trust me\n\n[Pre-Chorus]\n\u2018Cause they don\u2019t know you like I know you\nAll this good lovin\u2019, I\u2019ma hold you\nNo long talk, let me show you\nAnywhere you go, you know I roll too\nGirl, are you local?\nBeen a long time, let me hold you\nUpload you pon the socials\nNo other man can promote you\n\n[Chorus]\n\u2018Cause if I\u2019m rolling with you\nIf I end up with you\nWho knows what we can do\nThere\u2019s no way we can lose\nYeah, yeah, yeah, yeah, yeah, yeah\nYeah, yeah, yeah, yeah, yeah, yeah\nYeah, yeah, yeah, yeah, yeah, yeah\nYeah, yeah, yeah, yeah, yeah, yeah\n\u2018Cause if I\u2019m rolling with you\nIf I end up with you\nWho knows what we can do\nThere\u2019s no way we can lose\nYeah, yeah, yeah, yeah, yeah, yeah\nYeah, yeah, yeah, yeah, yeah, yeah\nYeah, yeah, yeah, yeah, yeah, yeah\nYeah, yeah, yeah, yeah, yeah, yeah", "image": "https://images.genius.com/00cf96bf7710db92d00c20adb7775473.1000x1000x1.jpg"}], "artist": "BenjiFlow"}