{"songs": [{"title": "Butterflies", "album": "AJ Tracey", "year": "2018-05-30", "lyrics": "[Intro: AJ Tracey]\nIt sounds like Nyge\nYeah, yeah, yeah\nCheck, check, check\n\n[Chorus: AJ Tracey]\n'Cause I just came to relax one time (Relax)\nThey be sayin', \"Young nigga, how you act so fly?\" (So fly)\nShe be sweatin' when it's backshot time\nI told her, \"Slow down, baby, take your time\" (Let's go)\nShe no spread it for them wasteman there\nOh no, 'cause she knows that's mine\nThem other tings, man, they don't compare\nShe the only one that gets my shine\n'Cause I just came to relax one time\nThey be sayin', \"Young nigga, how you act so fly?\" (Uh)\nShe be sweating when it's backshot time\nI told her, \"Slow down, baby, take your time\"\nShe no spread it for them wasteman there\nOh no, 'cause she knows that's mine (That's mine)\nThem other tings, man, they don't compare (Uh)\nShe the only one that gets my shine (Yeah)\n\n[Verse 1: AJ Tracey]\nWhy you acting like you wanna go? (You don't)\nHave a drink, drop it south like it's Wano Road (Down south)\nYou like me on a high, but I'm on a low (On a low, low)\nCall your bredrens, we can vibe, we can run a show (A show, show)\nDrink strong liquor, got the party jumpin' (Jumpin')\nI wanna get you home and give your ting a thumpin' (Yeah)\nI carve the pussy up like I'm cuttin' pumpkin (Cut, cut)\nPussy like the English Channel every time I jump in (Splash)\nFuck your man and who your man know (Brr, brr)\nShooters gettin' peeled like a mango (B-B-Brr, brr)\nTwo-step with me, we can tango\nMan know everywhere I go I make the gang go (Gang)\nShe smells like a peach and her skin sparkle (Sparkle)\nI bruck it in the kitchen, have her on the marble (Uh)\nPull up in a rented Lam', me nah wanna car pool\nIce on my wrist give a nigga Carpal (Bling, blaow)\n\n[Chorus: AJ Tracey]\n'Cause I just came to relax one time (Relax)\nThey be sayin', \"Young nigga, how you act so fly?\" (So fly)\nShe be sweatin' when it's backshot time\nI told her, \"Slow down, baby, take your time\" (Let's go)\nShe no spread it for them wasteman there\nOh no, 'cause she knows that's mine\nThem other tings, man, they don't compare\nShe the only one that gets my shine\n'Cause I just came to relax one time\nThey be sayin', \"Young nigga, how you act so fly?\" (Uh)\nShe be sweating when it's backshot time\nI told her, \"Slow down, baby, take your time\"\nShe no spread it for them wasteman there\nOh no, 'cause she knows that's mine (That's mine)\nThem other tings, man, they don't compare (Uh)\nShe the only one that gets my shine (Yeah)\n\n[Verse 2: Not3s]\nShe's the sweetest jawn\nAnd I'm praying that she rolls my way\n'Cause her backer be bigger than Jupiter\nThat's floatin' up in space\nOh babe, don't tease me now\nDon't try run them mind games\nDon't play, make it easier\nGirl, I love the way your nails look good\nAnd your body look cute\nYeah, I love the way it's like that\nHands up in the clouds\nPon my mountain top\nGirl, I like the way you climb that\nToo dank in my loud pack\nThumpin' the back, \u2018cause I love off the bounce back\nYour ex-man's a lab rat\nTalks about \"trap trap\"\nHe don't get cash\nGo tell that pussy'ole 'llow that\n\n[Chorus: AJ Tracey]\n'Cause I just came to relax one time (Relax)\nThey be sayin', \"Young nigga, how you act so fly?\" (So fly)\nShe be sweatin' when it's backshot time\nI told her, \"Slow down, baby, take your time\" (Let's go)\nShe no spread it for them wasteman there\nOh no, 'cause she knows that's mine\nThem other tings, man, they don't compare\nShe the only one that gets my shine\n'Cause I just came to relax one time\nThey be sayin', \"Young nigga, how you act so fly?\" (Uh)\nShe be sweating when it's backshot time\nI told her, \"Slow down, baby, take your time\"\nShe no spread it for them wasteman there\nOh no, 'cause she knows that's mine (That's mine)\nThem other tings, man, they don't compare (Uh)\nShe the only one that gets my shine (Yeah)\n\n[Outro: AJ Tracey]\n'Cause I just came to relax one time\nThey be sayin', \"Young nigga, how you act so fly?\"\nShe be sweating when it's backshot time\nI told her, \"Slow down, baby, take your time\"\nShe no spread it for them wasteman there\nOh no, 'cause she knows that's mine\nThem other tings, man, they don't compare\nShe the only one that gets my shine", "image": "https://images.genius.com/46a140fccc296c3327315105de1f02f4.320x320x1.jpg"}], "artist": "AJ Tracey & Not3s"}