{"songs": [{"title": "Blessings", "album": "A3", "year": "2019-07-19", "lyrics": "[Chorus]\nWhy am I stressing?\nI better count my blessing\nLife could've been more threatening\nBut it ain't, we good\nI man flexing\nGyal ah pull up no texting\nI never sleep, no resting\nI'm still awake, I'm good\n\n[Verse 1]\nTrue man always on the cellular\nMaking plans like I'm ahead of ya\nBut nothing ever happens if it ain't with you\nIf it weren't for you\nI never see America\nAll these places I go regular\nI never would've fell in love\nWith you, without you\n\n[Chorus]\nWhy am I stressing?\nI better count my blessing\nLife could've been more threatening\nBut it ain't, we good\nI man flexing (flexing)\nGyal ah pull up no texting\nI never sleep, no resting\nI'm still awake, I'm good\n\n[Verse 2]\nTrue man always on the cellular\nI got plans like I'm a senator\nBut nothing ever happens if it ain't with you\nWithout you\nI'd never be familiar\nAll these faces I see similar\nI never would've set it off\nWith you, without you\n\n[Chorus]\nWhy am I stressing?\nI better count my blessing\nLife could've been more threatening\nBut it ain't, we good\nI man flexing (flexing)\nGyal ah pull up no texting\nI never sleep, no resting\nI'm still awake, I'm good\n\n[Bridge]\nAll these lonely, lonely, lonely nights (Yeah)\nBlessed enough to hold you tight (Yeah)\nToss and turning, tossing turning he was (He was), she was (She was)\nGotta dash before I see the fire (Fire)\nIn a dash you made me see the light\nAnd your the only one I call my leader\nLead us\n\n[Chorus]\nWhy am I stressing?\nI better count my blessing\nLife could've been more threatening\nBut it ain't, we good\nI man flexing (flexing)\nGyal ah pull up no texting\nI never sleep, no resting\nI'm still awake, I'm good\n\n[Post-Chorus]\nTrue man always on the cellular\nI'm still awake, I'm good\n\nTrue man always on the cellular\nI'm still awake, I'm good", "image": "https://images.genius.com/8c7fba0032ab6870c41ccae605db5eaf.1000x1000x1.jpg"}], "artist": "Angel"}