{"songs": [{"title": "History", "album": "Head In The Clouds", "year": "2018-07-17", "lyrics": "[Chorus]\nWe got history (history)\nGot me feeling the nostalgia\nWhen you look at me (look at me)\nThinking 'bout what could've happened\nOr what could've been\nFinally a face I know, ain't that a sight to see?\nTake my time then take your clothes off\nOne more time, maybe\nActin' like you don't recall, it ain't impressin' me\nDidn't come to see your friends, I know you came for me\nLike your dress, but you fit better in my wrinkled tee\nWe moved on to newer things, but we got history\n\n[Verse 1]\nPut my feelings all aside\nDon't know how to make it right\nPictures poppin' on my mind\nAll these occasions\nLet's  work it out with me\nI don't think it hurts to give another try on it\nAin't nobody here know you like I do\nAsk all your friends if they know 'bout your size of shoes\nHow you like to cry when you laugh, when you off the booze\nI moved on but I still remember a thing or two\nI know you said \"gimme a hug,\" and I said \"gimme a break\"\nI wasn't trying my best, all the mistakes that I made\nI'm learning that it ain't the right move\nLearned from my mistakes, ain't that what the adults do?\n\n[Chorus]\nWe got history (history)\nGot me feeling the nostalgia\nWhen you look at me (look at me)\nThinking 'bout what could've happened\nOr what could've been\nFinally a face I know, ain't that a sight to see?\nTake my time then take your clothes off\nOne more time, maybe\nActin' like you don't recall, it ain't impressin' me\nDidn't come to see your friends, I know you came for me\nLike your dress, but you fit better in my wrinkled tee\nWe moved on to newer things, but we got history\n\n[Verse 2]\nAyy, ayy, yuh\nBet you got nobody 'round to make your day better\nSun brighter, don't got too much time, so girl, let's fuck now\nAnd talk later, put your pride aside and let me in\nYou know I got better since\nYou so good at self control, but maybe now it's time for change\nI've been alone for so long, got the one\nDidn't realize good ones exist in the world 'til I lost one\nEye for an eye makes the whole world go blind\nThings I would give to feel your lips for the last time\nGo and hang with your friends, I'll put this bullshit to end\nI rained on your parade and I just wish you the best\nI think it's time for me to bounce soon\nI just wish I had someone to say \"I'm home\" to\n\n[Chorus]\nWe got history (history)\nGot me feeling the nostalgia\nWhen you look at me (look at me)\nThinking 'bout what could've happened\nOr what could've been\nFinally a face I know, ain't that a sight to see?\nTake my time then take your clothes off\nOne more time, maybe\nActin' like you don't recall, it ain't impressin' me\nDidn't come to see your friends, I know you came for me\nLike your dress, but you fit better in my wrinkled tee\nWe moved on to newer things, but we got history", "image": "https://images.genius.com/92cda5bb963bfc12b790b78e3ec0be4e.750x750x1.jpg"}], "artist": "88rising & Rich Brian"}