{"songs": [{"title": "Irreplaceable", "album": "B\u2019Day", "year": "2006-10-23", "lyrics": "[Intro]\nTo the left, to the left\nTo the left, to the left (Mmm)\n\n[Verse 1]\nTo the left, to the left\nEverything you own in the box to the left\nIn the closet, that's my stuff\nYes, if I bought it, please don't touch (Don't touch)\nAnd keep talking that mess that's fine\nBut could you walk and talk at the same time\nAnd, it's my name that's on that jag\nSo remove your bags, let me call you a cab\n\n[Pre-Chorus]\nStanding in the front yard\nTellin' me, how I'm such a fool\nTalkin' 'bout, how I'll never ever find a man like you\nYou got me twisted\n\n[Chorus]\nYou must not know about me, you must not know about me\nI could have another you in a minute\nMatter of fact, he'll be here in a minute, baby\nYou must not know about me, you must not know about me\nI can have another you by tomorrow\nSo don't you ever for a second get to thinking\nYou're irreplaceable\n\n[Verse 2]\nSo go ahead and get gone\nCall up that chick and see if she's home\nOops, I bet you thought, that I didn't know\nWhat did you think I was putting you out for?\n'Cause you was untrue\nRollin' her around in the car that I bought you\nBaby, drop them keys\nHurry up before your taxi leaves\n\n[Pre-Chorus]\nStanding in the front yard\nTellin' me, how I'm such a fool\nTalkin' 'bout, how I'll never ever find a man like you\nYou got me twisted\n\n[Chorus]\nYou must not know about me, you must not know about me\nI could have another you in a minute\nMatter of fact, he'll be here in a minute, baby\nYou must not know about me, you must not know about me\nI will have another you by tomorrow\nSo don't you ever for a second get to thinking\nYou're irreplaceable (Irreplaceable)\n\n[Bridge]\nSo since I'm not your everything (Irreplaceable)\nHow about I'll be nothing (Nothing)\nNothing at all to you (Nothing)\nBaby, I won't shed a tear for you (I won't shed a tear)\nI won't lose a wink of sleep\n'Cause the truth of the matter is\nReplacing you was so easy\n\n[Interlude]\nTo the left, to the left\nTo the left, to the left (Mmm)\nTo the left, to the left\nEverything you own in the box to the left\nTo the left, to the left\nDon't you ever for a second get to thinking\nYou're irreplaceable\n\n[Chorus]\nYou must not know about me, you must not know about me\nI could have another you in a minute\nMatter of fact, he'll be here in a minute, baby\nYou must not know about me, you must not know about me\nI can have another you by tomorrow\nSo don't you ever for a second get to thinking (Baby)\nYou must not know about me, you must not know about me\nI could have another you in a minute\nMatter of fact, he'll be here in a minute\nYou can pack all your bags (You must not know about me)\nWe're finished (You must not know about me)\n'Cause you made your bed\nNow lay in it\nI can have another you by tomorrow\nDon't you ever for a second get to thinking\nYou're irreplaceable", "image": "https://images.genius.com/32185a6f843237f3fd467ea1151d79ce.1000x1000x1.jpg"}], "artist": "Beyonc\u00e9"}