{"songs": [{"title": "Walking", "album": "Head In The Clouds II", "year": "2019-10-11", "lyrics": "[Intro: Swae Lee]\nWoah, oh\nWoah, oh\nWoah, oh\nYeah\n\n[Chorus: Swae Lee]\nWhat it's gon' take? (Take)\nWhat it's gon' take to make you shake\u2005your\u2005worries away (Shake)\nI'm\u2005finally seeing you face to face\u2005(Face, hey)\nIt's your beauty girl, plus your frame (Ooh, ooh)\n\n[Verse 1: Joji, Swae Lee]\nYou got what I want, I see you walking away\nThis feels too real, I hope we could be the same\nBack and forth but you won't get nowhere\nI just want to relive this over\nI need you to know, I need you to know\nIn my mind you don't ever let go\nSo bright, baby, never turn the lights off\nI'll be there to catch you if you fall\nIf we matter at all (Yeah)\n\n[Chorus: Swae Lee]\nWhat it's gon' take? (Take)\nWhat it's gon' take to make you shake your worries away (Shake)\nI'm finally seeing you face to face (Face, hey)\nIt's your beauty girl, plus your frame (Ooh, ooh)\n\n[Bridge: Swae Lee]\nAnd I can't wait (Wait)\nIn a lil' teeny 'kini shit 'cause she love to sunbathe (Bathe)\nUsually I don't even trip but I can't see you walking away (Way)\nShe don't even know how I do all this shit in one day (Ooh)\n\n[Verse 2: Jackson Wang, Swae Lee]\nI got the moves here\nYou got the juice here\nWe can get loose and go wild, wild, wild\nPlaying for keeps, yeah\nDon't want to waste time\nHop in with me, take a ride, ride, ride\nSwerving in Phantoms, oh yeah (Oh yeah)\nShe said I look handsome, oh yeah (Oh, oh yeah)\nJump on the jet, we can talk when we land\nBaby know I got her in the palm of my hands now\nDown to cut all ties, baby, you live life\nDo this in a new town, baby, I don't mind\nDo this like a young Skywalker ('Walker)\nBaby, you're a real smooth talker, (Jackson)\n\n[Chorus: Swae Lee]\nWhat it's gon' take? (Take)\nWhat it's gon' take to make you shake your worries away (Shake)\nI'm finally seeing you face to face (Face, hey)\nIt's your beauty girl, plus your frame (Ooh, ooh)", "image": "https://images.genius.com/7a4990b3a98bdfee00bc97db029927db.800x1000x1.jpg"}], "artist": "88rising, Joji & Jackson Wang"}