{"songs": [{"title": "No Limits", "album": null, "year": "2019-11-29", "lyrics": "[Intro]\nIt sounds like Nyge\n\n[Chorus]\nCan't stitch man up, man's so with it\nCan't walk in my shoes\u2005'cah\u2005everything I do\u2005got soul in it\nLs and Ws,\u2005man, roll with it\nOld friends think man's blown, innit\nWhen they see us in the city, man's flown in it\nEverything I do, man's owning it\nEverything I do, man's owning it\nEverything I do, man's owning it\nWho's that there? That's bro with it\nEven when it's too hot, man's cold with it\nTake it to the top, I got no limits\n\n[Verse 1]\nTalk 'bout numbers, I show digits (Aw)\nI get Ps from my hooks like I sold fishes\nHate feelin' sad when your bro's missing\nTry ting, get ex on my old missus (Aw)\nThey don't want a war, man, they know we take no disses\nStill got man's gyal tryna blow kisses\nThey heard that I got a good thing that focuses\nFrom the bottom to the top, man blows the biz\nOutspoken, I get dough from an invoice (Trust)\nMTP, can't roll with the big boys (MTP)\nTuning my sick Royce, due for a mortgage\nPaigons have been void, move with the caution (Brap, brap, brap)\nTryna get my portion, they don't want to hear man\nI came out that distortion\nAnd we do it with ease, there's no forcing (Trust)\n\n[Chorus]\nCan't stitch man up, man's so with it\nCan't walk in my shoes 'cah everything I do got soul in it\nLs and Ws, man, roll with it\nOld friends think man's blown, innit\nWhen they see us in the city, man's flown in it\nEverything I do, man's owning it\nEverything I do, man's owning it\nEverything I do, man's owning it\nWho's that there? That's bro with it\nEven when it's too hot, man's cold with it\nTake it to the top, I got no limits\n\n[Verse 2]\nUh, you can't roll with bros\nHad neeky yutes and these hoes on toes\nI was rock-rollin' like the Rolling Stones\nCan't say I'm too proud of the role I chose (I can't)\nFlip the script, now roll at home\nBillin' up a hash one in the gown, I'm grown (Truth)\nStill fuck with the plug, got two phones (Ring)\nStill hit two hots in the town, no loans\nWith the same bros, not same hoes\nOn the same team, so we shoot for the same goals (Brap)\nI got flame thrower you can take home\nProbably took already but that's just how the game hoes (Trust)\nI'm tryna lay low on the main road\nTell the feds I'm a angel, I need a halo (Uh)\nFuck a bae, but I need a JLo\nWith a big back, intact, on the payroll (Big back)\n\n[Chorus]\nCan't stitch man up, man's so with it\nCan't walk in my shoes 'cah everything I do got soul in it\nLs and Ws, man, roll with it\nOld friends think man's blown, innit\nWhen they see us in the city, man's flown in it\nEverything I do, man's owning it\nEverything I do, man's owning it\nEverything I do, man's owning it\nWho's that there? That's bro with it\nEven when it's too hot, man's cold with it\nTake it to the top, I got no limits\n\n[Verse 3: AJ Tracey]\nYeah, I step right, can't get left back\nDanny Rose, I protect my pack\nHundred bank transfer, that's cack\nTalk to me, not at me (Yeah)\nI'll catch my opp on the back street\nI'm a angry, anxious millionaire\nWhat I'm bringin' to the beef, can't match me (Truth)\nI'll fly Bahamas, can't catch me (For real)\nWhen I start gettin' into it, brother, I get man\nLose a bro or a cousin for fuckin' with my bag\nBig drum for your drama, I'll convert man's loft (Brrr)\nNo tag, man, I'll hit him with the bass line slaps\nWe got clips like Posty\nAnd my youngin's with the drills like Pressplay\nSaw my bro with a big body whip at Westway\nCashed out on the same on the next day\nAnd that's factual\nRR with a skeng, no manual (Bah)\nGrippin' up your girl from a whole next angle\nFreeze out this ting in the game, no manual (None)\nSee their throat and the mash gets strangled (Bah)\nRonaldo Chop, then blast, no tangle (Bah)\nWe saw a profit like Saul and Samuel\nFarmhouse block, bare corn and candle\n\n[Chorus]\nCan't stitch man up, man's so with it\nCan't walk in my shoes 'cah everything I do got soul in it\nLs and Ws, man, roll with it\nOld friends think man's blown, innit\nWhen they see us in the city, man's flown in it\nEverything I do, man's owning it\nEverything I do, man's owning it\nEverything I do, man's owning it\nWho's that there? That's bro with it\nEven when it's too hot, man's cold with it\nTake it to the top, I got no limits\nTake it to the top, I got no limits", "image": "https://images.genius.com/34279cc2b583f1abb152c8ebb698e696.1000x1000x1.jpg"}], "artist": "Big Zuu, D7 & AJ Tracey"}