{"songs": [{"title": "Tints", "album": "Oxnard", "year": "2018-10-04", "lyrics": "[Verse 1: Anderson .Paak]\nI been feelin' kinda cooped up, cooped up\nI\u2019m tryna get some fresh air\nHey, why you got the roof off, roof off?\nYou know it never rains here\nHey, you ain't gotta flash when you takin' your picture\nYou ain\u2019t gotta draw no extra attention\nPaparazzi wanna shoot ya, shoot ya\nNiggas dyin' for less out here\n\n[Pre-Chorus: Anderson .Paak]\nI been in my bag, adding weight\nTryna throw a bag in a safe\nGiggin', tourin', chorin', raisin' babes\nBaby Milo wants some Bathing Apes\nNiggas crying for less out here\nDo what I gotta do bruh, do bruh\nGet up in my rear view mirror\n\n[Chorus: Anderson .Paak]\nI can't be ridin' round and round that open strip\nI need tints (Windows tinted)\nI need tints (I need my windows tinted)\nI can\u2019t be flying down that 110 with a bad bitch in my whip\nI need tints (Windows tinted)\nI need tints (I need my windows tinted)\nAnd it\u2019s no good for me, it's so good for them\nI need tints (Windows tinted)\nI need tints (I need my windows tinted)\nI got way too much to lose, so roll your window up real quick\nI need tints (Windows tinted)\nI need tints (I need my windows tinted)\n\n[Verse 2: Kendrick Lamar]\nYou probably think a nigga trollin\u2019 (Like)\nOr showin' out for the cameras (Right)\nFuck I'm doin' fish-bowlin\u2019? ('Side)\nOne hunnid thou' on the passenger\nBitch, I'm Kendrick Lamar, respect me from afar\nI was made in His image, you call me a god\nEverybody in attendance, I'm about to perform\nEverybody get offended by the shit I got on\nLike, can you buy that, nigga?\nNine hundred horse, can you drive that, nigga?\nA G5, can you fly that, nigga?\nI need tints so I can look at the snakes and posers\n(I need tint) 'Cause bomb head is non-disclosure\n(I need tint) So I can live with a peace of mind\nWithout niggas takin' a piece of mine\nAnd peace be still and not do fines, so fuck a fix-it ticket\nYou pull me over and might see one of your bitches, ahh!\n\n[Chorus: Anderson .Paak]\nRidin' round and round that open strip\nI need tints (Windows tinted)\nI need tints (I need my windows tinted)\nI can't be flying down that 110 with a bad bitch in my whip\nI need tints (Windows tinted)\nI need tints (I need my windows tinted)\nAnd it's no good for me, it's so good for them\nI need tints (Windows tinted)\nI need tints (I need my windows tinted)\nI got way too much to lose, so roll your window up real quick\nI need tints (Windows tinted)\nI need tints (I need my windows tinted)\n\n[Verse 3: Anderson .Paak]\nYou know I like it presidential (Presidential)\nStretch it out, that's a limo (That's a limo)\nPull it over, let me get behind ya ('Hind ya)\nWhere we goin', they don't need to know (Don't need to know)\nGhost ridin' in the Phantom (In the Phantom?)\nNiggas never see me comin' (Uh, superstar)\nShe wanna hold me like a ransom (Uh, bitch, I don't know you)\nBut the money keep me runnin' (Uh, but the money)\n\n[Pre-Chorus: Anderson .Paak]\nI been in my bag, adding weight\nTryna throw a bag in a safe\nGiggin', tourin', chorin', raisin' babes\nBaby Milo wants some Bathing Apes\nNiggas crying for less out here\nDo what I gotta do bruh, do bruh\nGet up in my rear view mirror\n\n[Chorus: Anderson .Paak]\nRidin' round and round that open strip\nI need tints (Windows tinted)\nI need tints (I need my windows tinted)\nI can't be flying down that 110 with a bad bitch in my whip\nI need tints (Windows tinted)\nI need tints (I need my windows tinted)\nAnd it's no good for me, it's so good for them\nI need tints (Windows tinted)\nI need tints (I need my windows tinted)\nI got way too much to lose, so roll your window up real quick\nI need tints (Windows tinted)\nI need tints (I need my windows tinted)\n\n[Outro: Anderson .Paak & Tayla Parx]\nI, I think I'm 'bout to black out\nCan't see me when I act out tonight\nI got some moves I gotta make though\nI got the goons up on the payroll\nThey won't see me coming\nThey won't see me coming, no, no\nI, I think I'm 'bout to black out\nCan't see me when I act out tonight\nI got some moves I gotta make though\nI got the goons up on the payroll\nThey won't see me coming\nThey won't see me coming\n\n[Physical Version Skit: Anderson .Paak & [?]]\n(As soon as I put this on, yeah, ooh)\n(Yeah, as soon as I put this on)\nGod damn, what?\n(Don't fight it, let it live)\nShit, what's up man?\nBubblin'! I see you my nigga!\nOh, thank you bro!\nAy, bro, I don't know if you- anybody ever told you this, you need to start sellin' bubble baths\nAh\nSince you got the song \"Bubblin'\" so it's- bath bombs dawg! It's London, my nigga! You'll really win!\nThat's extra, bro. That's extra. You gotta chill, bro, you gotta chill\nWhatchu mean I gotta chill, bro? Why are you rollin' yo windows up?\nJust be- just be yourself\nBro, lemme get 30 dollars!\nAy, you got some lotion?", "image": "https://images.genius.com/b97f4a77cd9a82c7861410ab71c4a586.686x686x1.jpg"}], "artist": "Anderson .Paak"}