{"songs": [{"title": "Killa", "album": null, "year": "2018-03-16", "lyrics": "[Intro]\n(Fanatix)\n\n[Verse 1]\nBody lookin' like a cola bokkle\nCome here baby let me show you some\nDo anyting you waan mi fi do\nKeep it going till the morning fi you\nFrom the first time you had your eyes on me\nYou never get the ting like one, two, three\nBut you know that I want you\nBoy da ting you ah murder\n\n[Chorus]\nWoah woah woah\nWhen I tip on my toes\nNo, no, no\nKeep on the blindfold\nWe both know that you ain't going home\nBut you already know\nYou know that I'm a killa\nKilla, killa\nThe way you murder the ting all night\nKnow that I'm a killa\nKilla, killa\nCah I guh deal with the ting onsite\nBoy do you know what yuh do?\nTouch my body\nTurn me on and\nGwaan and tell me what it feel like, feel like\nTouch my body\nTurn me on and\nGwaan and tell me what it feel like, feel like\n\n[Verse 2]\nCause I have everyting you want (want)\nEveryting you need (need)\nYou can be the king, be the don\nI can be the queen (you know when I roll up)\nAlways do it right for ya\nAlways do the stew peas with the rice una\nIntroduce you to suttin wo- worth it\nJust know you own the ting boy you never renting\nB- bwoy you do ya ting and dem ah rate yuh for\nSo come over mi yard, let me deal with ya\nMurderer\n\n\n[Chorus]\nWoah woah woah\nWhen I tip on my toes\nNo, no, no\nKeep on the blindfold\nWe both know that you ain't going home\nBut you already know\nYou know that I'm a killa\nKilla, killa\nThe way you murder the ting all night\nKnow that I'm a killa\nKilla, killa\nCah I gon deal with the ting onsite\nBoy do you know what yuh do?\nTouch my body\nTurn me on and\nGwaan and tell me what it feel like, feel like\nTouch my body\nTurn me on and\nGwaan and tell me what it feel like, feel like\n\n[Bridge]\nCause you know I will do it for yah\nTake the lead and you gon' follow\nClassy girl but I will swallow\nHuh, huh, huh, huuh\n(Skin Out!)\n\n[Verse 3]\nSo bring the ting come mek mi climb up\nGymnastic so mi twist mi spine up\nWhat you wanna roleplay, cool I'm into that stuff (Boy)\nAnd you know I been bad, so mi used to handcuff\n\n[Chorus]\nCause you know that I'm a killa\nKilla, killa\nThe way you murder the ting all night\nKnow that I'm a killa\nKilla, killa\nCah I guh deal with the ting onsite\nBoy do you know what yuh do?\nTouch my body (touch my)\nTurn me on and (nah nah)\nGwaan and tell me what it feel like, feel like\nTouch my body\nTurn me on and\nGwaan and tell me what it feel like, feel like\nTouch my body\nTurn me on and\nGwaan and tell me what it feel like, feel like\n\n[Outro]\nYou know that I'm a\nKilla, killa, killa\nThe way you murder the ting all night\nKnow that I'm a\nKilla, killa, killa\nCah I gon deal with the ting onsite\n\nBody lookin' like a cola bokkle (hehe)", "image": "https://images.genius.com/fbd731f445ddabaf76853a7eb9cd5a1c.700x700x1.jpg"}], "artist": "Alicai Harley"}