{"songs": [{"title": "Cream", "album": "CHASE", "year": "2019-02-27", "lyrics": "[Verse 1]\nYeah\nYeah, yeah, look\nThey said the paper get hot turn you to ashes\nOnly thing is I don't remember me askin'\nFill up my bag of chips and I ain't sharin' a fraction\nI'm down for whatever, niggas know I'm bout that action\nHe asked me for a ballpark price, I pitched him double\nI'm taxin' like they uncle but I gotta keep it subtle\nAnd even if he notice I know he don't want no trouble\nCuz there's nothing like the hustle in a nigga from the struggle\n\n[Chorus]\nI been on my dough since a youngin'\nYou should know that shit\nYou should know(You should know)\nI been on my dough since a youngin'\nYou should know that shit\nYou should know(You should know)\nI been on my dough since a youngin'\nYou should know that shit\nYou should know(You should know)\nI been on my dough since a youngin'\nYou should know that shit\nYou should know(You should know)\n\n[Bridge]\nI got what you need, what you want, and what you don't\nI do what you see, what you plot and what you won't\nI just served a fiend walkin' out the corner store\nOnly thing that's guaranteed is I'm bound to get this dough\nI got what you need, what you want, and what you don't\nI do what you see, what you plot and what you won't\nI just served a fiend walkin' out the corner store\nOnly thing that's guaranteed is I'm bound to get this dough\n\n[Verse 2]\nNow don't let me catch you slippin' cause I always got that grip\nWe might run up in your crib and take whatever we can get\nMeet the plug up for a zip but we gon run off with a brick\nAll them hundreds on the counter cause that paper counterfeit\nAnd I'm ---\n\n[Outro]\nMan fuck what you talkin about, im tryna get paid\nYou know it's whatever, I'm down for whatever\nIf it's bread I'm there\nShit, Imma get mine", "image": "https://images.genius.com/87c06eb8c63e2a0213a6eb6a3dbc4aef.1000x1000x1.jpg"}], "artist": "Aaron May"}