{"songs": [{"title": "APOLOGIZE", "album": "DIE FOR MY BITCH", "year": "2019-07-19", "lyrics": "[Intro]\nYeah, uh\n\n[Pre-Chorus]\nI said, \"Baby, don't worry, I'm way too numb to apologize\"\nAnd we both feel sorry sometimes, it's okay to feel sorry sometimes\nAnd my momma told me keep distance 'cause all you do is wreck my mind\nAnd we both feel sorry sometimes, it's okay to feel sorry sometimes\n\n[Chorus]\nWe all feel sorry sometimes, we shouldn't feel sorry sometimes\nWe all feel sorry sometimes, we shouldn't feel sorry sometimes\nWe all feel sorry sometimes, we shouldn't feel sorry sometimes\nWe all feel sorry sometimes, we shouldn't feel sorry sometimes\n\n[Verse 1]\nYou been canceled, come see the exit\nSave face for the broken\nHad you last, threw you back, took your heart and wrecked it\nAll pain, no emotion\nGrab 'em back the neck, don't let go\nBaby Keem been top five, what you smokin'?\nI could put a wish on her tippy toes\nNo more opinions, I'm done bein' open\nI need one, hand in the air for the switch, you don't\nTwo, hand in the air for a nigga, you don't\nThree, hand in the air\nFour, for the man in the mirror\nAnd I won't make it official\nI just hope we confidential\nBack and forth in a rental\nI pray to God that he sent you\n\n[Pre-Chorus]\nI said, \"Baby, don't worry, I'm way too numb to apologize\"\nAnd we both feel sorry sometimes, it's okay to feel sorry sometimes\nAnd my momma told me keep distance 'cause all you do is wreck my mind\nAnd we both feel sorry sometimes, it's okay to feel sorry sometimes\n\n[Chorus]\nWe all feel sorry sometimes, we shouldn't feel sorry sometimes\nWe all feel sorry sometimes, we shouldn't feel sorry sometimes\nWe all feel sorry sometimes, we shouldn't feel sorry sometimes\nWe all feel sorry sometimes, we shouldn't feel sorry sometimes\n\n[Verse 2]\nI want you to pray for me (Pray)\nGo out of your way for me (Way)\nAre you ever goin' to pray for me? (Pray)\nThat ain't nothin' to play with\nLove train falls down\nIt don't come back around\nI can't stop now\nI can't stop now\n\n[Pre-Chorus]\nI said, \"Baby, don't worry, I'm way too numb to apologize\"\nAnd we both feel sorry sometimes, it's okay to feel sorry sometimes\nAnd my momma told me keep distance 'cause all you do is wreck my mind\nAnd we both feel sorry sometimes, it's okay to feel sorry sometimes\n\n[Chorus]\nWe all feel sorry sometimes, we shouldn't feel sorry sometimes\nWe all feel sorry sometimes, we shouldn't feel sorry sometimes\nWe all feel sorry sometimes, we shouldn't feel sorry sometimes\nWe all feel sorry sometimes, we shouldn't feel sorry sometimes", "image": "https://images.genius.com/ac75728b4e527d09c6161544f3d2adac.1000x1000x1.jpg"}], "artist": "Baby Keem"}