{"songs": [{"title": "Lower Da Boom", "album": "Between a Rock and a Hard Place", "year": null, "lyrics": "[Cheech and Chong]\nA lot of cats put down grass man\nLike uh, uhh.. because they say things about it\nLike it makes you, lose your memory and all that\nWell I just wanna say that uhh, uhh\nI forget where I was man\n(\"Ohh-h OK cut, Freddy, Freddy stop..\")\n\n[Tame One]\nBoom Skwad in the house\n\nI lower da boom when I do the cypher dance\nWith naps and saggy pants as I romance the plants\nI take puffs on stuff, rough enough to give a buzz\nTo my cuz, even though he don't touch the stuff\nSee this blunt in my front, some say might stink\nBut yo the skunk helps me think\nI'm a boom smoker joker with the knack because I'm gifted\nSome say misfit, but fuck it let's get lifted\nI get a box of 50, get nifty with a spliff G\nAnd tick tackle new jacks who tried to diss me\nI've walked through the rain for dimes at the sess spot\nNot hot with cops, cause I'd hate to get popped\nI'm a terror to a trey bag, son you'll soon see\nBut I gots to get, higher, lower the boom G\n\n[Hook - Boom Skwad]\nLower da boom, you got to lower da boom\nWhere the brothers puff the ism and the smoke clouds the room\nSpark that blunt, represent; don't front\nWe got what you want, it's the indo funk\n\n[El Da Sensai]\n*inhaling* Ahh, I just catch the fumes\nI consume, bend the room, with the Nubian tune\nSpark another L for the cypher\nSit back and light the, five inch adventure that's alrighta\nLower the boom, for the sess bags thicker\nOne's a flight to Phillie, while the other one's the liquor\nOff to the weed spot, the bags better be fat\nOr else you catch the speed knot, and holmes you don't need that\nSpark the indo or the L, sniff the weed\nBut I never get splits mista cause Tame's been hip ta\nThe baby of the blunts, so I'm down to catch the contact\nHere's the rap chat, it's a fact that I react\nSmooth from the boom consumed a zoom zoom a zoomin\nMC El the leaner cleaner thoughts dials tune-in\nInto, the matter roll the blunt bunt batter\nPass the shit quick, don't flip, with the chit chatter\nI never puffed cause once my lungs got jammed\nMy man said it wouldn't kill, but I choke, god damn\nThe sess starts to cloud the room\nThe Artifacts, commences ta, lower the boom\n\n[Hook - Boom Skwad]\nLower da boom, you got to lower da boom\nWhere the brothers puff the ism and the smoke clouds the room\nSpark that blunt, represent; don't front\nWe got what you want, it's the indo funk\n\n[Tame One]\nOhh I hope I live to see the day they make it legal\nSo all the people can see what I'm smokin ain't evil\nStop callin me a pusher cause I take pulls and take tokes\nCut snakes, cut breaks, and I hate fake folks\nSo pass the cheeba senorita cause I need a\nFat fuckin Phillie just before I funk a freaker\nCreatin from a milk crate with hooks and riffs\nI can lift em, and shift em makin jams like this\nWith the blunt in my left hand and the Phillie in my pocket\nMC El, at my right, with the mic so I can rock it\nSess makes my eyes red, but shades only cost three bills\nIn Hooterville, so I'm chill\nSee the bigger the blunt, is how I feel about my indo\nBecause my moms would never throw my shit out the window\nI puff herb til noon, chill and watch cartoons\nYes once again, I lowered the boom\n\n[Both]\nAre you weeded?\n\n[El Da Sensai]\nNope see, I'm doper for the session\nCatchin wreck, check the tec, cause I'm sober for the sketch\nIf I'm caught smokin blunts, I catch a bad one from my clan see\nI'm higher than a messiah so you know I'm handy dandy\nLegalize it holmes cause the zone's gettin bigger\nFrom the whites, to the Ricans, cause\nThey learned it from the niggas\nSo who's the first to kick it real, for the, cypher\nEight Phillies so you know you gots to pass the other lighter\nPass the incense gents, it smells out in the hall\nMy growth was never stunted cause I'm six feet tall\nNo need for the sheepa cheeba cleaner than, Beaver Cleaver\nThough I'm down to pitch, with my skit like Tom Seaver\nEither, or my jaw speak of true features\nI must be, the freaker of the sober class teacher\nSo pass the Visine, so you can keep your eyes clean\nLook to Looney Tunes, we lowered, the boom\n\n[Hook x2 - Boom Skwad]\nLower da boom, you got to lower da boom\nWhere the brothers puff the ism and the smoke clouds the room\nSpark that blunt, represent; don't front\nWe got what you want, it's the indo funk\n\n[Boom Skwad]\nLower da boom\nSpark that blunt\nLower da boom, ya got to lower da boom\nSpark that blunt, represent, don't front\n\n[Cheech and Chong]\nI just wanna say that ahh\nA lot of you cats, that don't think\nMarijuana should be legalized\nWell you're all fucked (\"Cut!!\")", "image": "https://images.genius.com/54ffba209ef6a2fec0239958841e4356.800x800x1.jpg"}], "artist": "Artifacts"}