{"songs": [{"title": "Sorry", "album": "Lemonade", "year": "2016-04-23", "lyrics": "[Chorus]\nSorry, I ain't sorry\nSorry, I ain't sorry\nI ain't sorry, nigga, nah\nSorry, I ain't sorry\nSorry, I ain't sorry\nI ain't sorry\n\n[Verse 1]\nHe trying to roll me up (I ain't sorry)\nI ain't picking up (I ain't sorry)\nHeaded to the club (I ain't sorry)\nI ain't thinking 'bout you (I ain't sorry)\nMe and my ladies sip my D'USS\u00c9 cups\nI don't give a fuck, chucking my deuces up\nSuck on my balls, pause, I had enough (Sorry, I ain't sorry)\nI ain't thinking 'bout you\nI ain't thinking 'bout\n\n[Pre-Chorus]\nMiddle fingers up, put them hands high\nWave it in his face, tell him, boy, bye (Sorry, I ain't sorry)\nTell him, boy, bye, boy, bye, middle fingers up\nI ain't thinking 'bout you\n\n[Chorus]\nSorry, I ain't sorry (You)\nSorry, I ain't sorry (You)\nI ain't sorry, nigga, nah\nI ain't thinking 'bout you\nSorry, I ain't sorry\nSorry, I ain't sorry, I ain't sorry\nNo, no, hell nah\n\n[Verse 2]\nNow you wanna say you're sorry\nNow you wanna call me crying\nNow you gotta see me wilding\nNow I'm the one that's lying\nAnd I don't feel bad about it\nIt's exactly what you get\nStop interrupting my grinding\n(You interrupting my grinding)\nI ain't thinking 'bout you\n\n[Chorus]\nSorry, I ain't sorry\nI ain't thinking 'bout you\nI ain't thinking 'bout you\nSorry, I ain't sorry\nI ain't thinking 'bout you\nI ain't thinking 'bout you\n\n[Pre-Chorus]\nMiddle fingers up, put them hands high\nWave it in his face, tell him, boy, bye (Bye) (Sorry, I ain't sorry)\nTell him, boy, bye (Bye), boy, bye (Bye)\nMiddle fingers up, I ain't thinking 'bout you\n\n[Chorus]\nSorry, I ain't sorry\nSorry, I ain't sorry\nI ain't sorry, nigga, nah\nSorry, I ain't sorry\nSorry, I ain't sorry\nI ain't sorry\nNo, no, hell nah\n\n[Bridge]\nLooking at my watch, he shoulda been home\nToday, I regret the night I put that ring on\nHe always got them fucking excuses\nI pray to the Lord you reveal what his truth is\n\n[Outro]\nI left a note in the hallway\nBy the time you read it, I'll be far away\nI'm far away\nBut I ain't fucking with nobody\nLet's have a toast to the good life\nSuicide before you see this tear fall down my eyes\nMe and my baby, we gon' be alright\nWe gon' live a good life\nBig homie better grow up\nMe and my whoadies 'bout to stroll up\nI see them boppers in the corner\nThey sneaking out the back door\nHe only want me when I'm not there\nHe better call Becky with the good hair\nHe better call Becky with the good hair\n\n[Visual breakdown]", "image": "https://images.genius.com/dbcba28fc215bdbf2e0d95de50d4e0b1.1000x1000x1.jpg"}], "artist": "Beyonc\u00e9"}