{"songs": [{"title": "\u200bi \u200bmiss the old u", "album": "digital druglord", "year": "2017-04-21", "lyrics": "[Verse 1]\nI miss the old you\nThe one that held me down and kinda told the truth\nAt Warwick every Wednesday\nCan't control you\nPartyin' with rappers\nActin' hoeish too\nYou got yourself a singer, ah\n\n[Pre-Chorus]\nWhen it was on, we was on fire\nEven let you and your girls go whip the Ghost 'round town\nDraped you head to toe in GucciGhost, wow\nAnd I never got a single fuckin' thank you from you\nOr, \"I love you daddy\"\nYou ungrateful bitch\nThe more the baddie, more the bratty\nMan, I take you out for dinners\nTake you shopping for them clothes\nBefore I got so distant\nAnd you got so fucking cold\n\n[Chorus]\nI miss the old you\nI miss the old you\nI used to hold you\nI used to hold you\nAnd that ain't cost nothing, baby\nReal love don't cost a motherfuckin' penny\nI miss the old me\nI miss the way I used to be\nI miss the old me\nAnd now these drugs controllin' me\nIt's all your fault, baby\nStill reaching for that Henny\n\n[Post-Chorus]\nAnd I never got a single fuckin' thank you from you\nOr, \"I love you daddy\"\nYou ungrateful bitch\nThe more the baddie, more the bratty\nMan, I take you out for dinners\nTake you shopping for them clothes\nBefore I got so rich and couldn't trust none of these hoes\nI miss the old you\n(Take you shopping for them clothes\nBefore I got so distant\nAnd you got so fucking cold)\n\n[Verse 2]\nI miss the old you\nBefore you fucked G-Eazy\nBoth, the Migos too\nStarted bumping 21 and NAV\nJust 'cause we do\nOn the slow notes, late night\nBeartrap, mansionz\nI got snoozegod on my right\nI pour a four up in my Sprite\n\n[Pre-Chorus]\nWhen it was on, we was on fire\nEven let you and your girls go whip the Ghost 'round town\nDraped you head to toe in Gucci Ghost, wow\nAnd I never got a single fucking thank you from you\nOr, \"I love you daddy\"\nYou ungrateful bitch\nThe more the baddie, more the bratty\nMan, I take you out for dinners\nTake you shopping for them clothes\nBefore I got so distant\nAnd you got so fucking cold\n\n[Chorus]\nI miss the old you\nI miss the old you\nI used to hold you\nI used to hold you\nAnd that ain't cost nothing, baby\nReal love don't cost a motherfuckin' penny\nI miss the old me\nI miss the way I used to be\nI miss the old me\nAnd now these drugs controllin' me\nIt's all your fault, baby\nStill reaching for that Henny\n\n[Post-Chorus]\nAnd I never got a single fuckin' thank you from you\nOr, \"I love you daddy\"\nYou ungrateful bitch\nThe more the baddie, more the bratty\nMan, I take you out for dinners\nTake you shopping for them clothes\nBefore I got so rich and couldn't trust none of these hoes\nI miss the old you\nI miss the old you\nI miss the old you\nI miss the old you\nI miss the old you", "image": "https://images.genius.com/721c65ae887fda4533fec9cc8c80fa9f.1000x1000x1.jpg"}], "artist": "\u200bblackbear"}