{"songs": [{"title": "No I in Team", "album": null, "year": "2018-09-13", "lyrics": "[Intro]\nTell me where the cash at\nYeah, yeah, yeah, yeah\nTell me where the...\nTake, take it easy workin' 9 to 4\nYuh\n\n[Chorus]\nTell me where the cash at, I been on a fast track\nShawty want my heart but I could never back track\nI just wanna smash that, hit it then I pass back\nShawty want my heart, but, I could never back track\nThis ain\u2019t nothin' new, I been chasing dreams\nShe been playing games, but there ain't no I team\nYeah, I stay with my crew, girl that\u2019s all I need\nShe been playing games, but there ain't no I in team\n\n[Verse 1]\nIt's just me, myself and squad\nI been going hard\nShe told me to slow it down\nI take it too far\nSearching for a check\nSearching for some luck\nUsed to look for love\nNow I barely find a fuck\nUsed to catch them feelings aye\nNow I'm catching planes\nI just want the billies aye\nI won't ever change\nWoke up in the hillies ya\nRed dots on my phone\nIf it ain't 'bout money then\nBitch leave me alone\n\n[Pre-Chorus]\nCause I don't wanna die too young\nBut I been livin\u2019 life too fast\nAnd she just want all my love\nBut I know that it never lasts\n\n[Chorus]\nSo tell me where the cash at, I been on a fast track\nShawty want my heart but I could never back track\nI just wanna smash that, hit it then I pass back\nShawty want my heart, but, I could never back track\nThis ain\u2019t nothin' new, I been chasing dreams\nShe been playing games, but there ain\u2019t no I team\nYeah, I stay with my crew, girl that's all I need\nShe been playing games, but there ain't no I in team\n\n[Verse 2]\nNo there ain't no I in team girl, team girl\nNo designer on my feet girl, feet girl\nI\u2019m tryna pull up in that new whip, that new whip\nCheck the socks i'm on my rhude shit, my rhude shit\nAnd i just hit my new thang\nShe always on a trip\nShe just wanna do thangs\nI just wanna sip\nShorty got a body\nBut she don't ever flex\nI know she a good girl\nBut i don't need the stress\n\n[Pre-Chorus]\nCause I don't wanna die too young\nBut I been livin' life too fast\nAnd she just want all my love\nBut I know that it never lasts\n\n[Chorus]\nSo tell me where the cash at, I been on a fast track\nShawty want my heart but I could never back track\nI just wanna smash that, hit it then I pass back\nShawty want my heart, but, I could never back track\nThis ain't nothin' new, I been chasing dreams\nShe been playing games, but there ain't no I team\nYeah, I stay with my crew, girl that's all I need\nShe been playing games, but there ain't no I in team", "image": "https://images.genius.com/4f082630463accd253c5a1e880d156d8.500x500x1.jpg"}], "artist": "Arizona Zervas"}