{"songs": [{"title": "Jet Black", "album": "Ventura", "year": "2019-04-12", "lyrics": "[Intro: Anderson .Paak]\nYuh, yuh\n\n[Verse 1: Anderson .Paak]\nShe was a fan, but her friend didn't care\nI like the ones who buy they own damn beers\nIf you wanna toast to the life that you live\nPour enough shots for the whole year\nJet black hair, baby, jet black hair\nMatte black Jeep with the Rubicon grill\nOoh, it's been a while, baby, don't go there\nOoh, it's been a while, baby, come here\n\n[Pre-Chorus: Anderson .Paak]\nShaped like pear, baby, jet black hair\nYou bought the drinks and I paid no care\nHold a nigga down, don't go nowhere\nOoh, it's been a while, baby, come here\n\n[Chorus: Anderson .Paak & Brandy]\nWe peakin'\nHands above us\nFeels like someone lifted me\nWe peakin'\nArms like covers\nFeels like someone sent for me\n\n[Verse 2: Anderson .Paak]\nYuh, yuh\nWe goin' in there from the window sills\nI don't mind if they watch, I don't care\nWho gon' love you when your love ain't there?\nBaby, that ass is just unfair\nJet black hair, baby, jet black hair\nAt least two grams in your blunt wrapped there\nThese two hands always land up on the small of your back\nShould I ask if eyes can go there?\n\n[Pre-Chorus: Anderson .Paak]\nYou bought the drinks and I paid no care\nCouple more shots, we can all get to bed\nYes, Lord, like you livin' on a prayer\nPlay too much, baby, come here\n\n[Chorus: Anderson .Paak & Brandy]\nWe peakin'\nHands above us\nFeels like someone lifted me\nWe peakin'\nArms like covers\nFeels like someone sent for me (Sent for me, yeah)\nWe peakin'\n\n[Bridge: Anderson .Paak & Brandy]\nIf this is the mood, then you should know\nI have to be honest, I love it\nWe peakin'\nIf this is the mood, then you should know\nI have to be honest, I love it\nWe peakin'\n\n[Verse 3: Anderson .Paak & Brandy]\nAnd the coldest part is I'm not even there\nI watch your feed, but I don't feed into that\nJust give me the news\nI miss all the parties, but I'm still the best dressed, clean\nAs the curtain on him pulls back\n\n[Chorus: Brandy & Anderson .Paak, Anderson .Paak]\nHands above us\nFeels like someone lifted me\nArms like covers\nFeels like someone sent for me\nWe peakin'\nHands above us\nFeels like someone liftin' me\nWe peakin'\nArms like covers\nFeels like someone sent for me\nWe peakin'", "image": "https://images.genius.com/93a042aff45826b8e533047fbb3d78a7.1000x1000x1.jpg"}], "artist": "Anderson .Paak"}