{"songs": [{"title": "Night Drive", "album": "PHO", "year": "2016-10-21", "lyrics": "[Intro]\nAyyyyyy ooh\nAyyyyyy ooh\nAyyyyyy ooh\nYeah\n\n[Chorus]\nPurple in the sky\nCruising Highway 85\nThought I saw a shooting star\nBeaming in your haunting eyes\n\n[Verse 1]\nHerbie Hancock on my radio\nOoh let's pull over for the liquor store\nCop some Skittles and some Crown Royal\nI know we ended things a week ago\nBaby fall into me slow\n\n[Pre-Chorus]\nOoh don't keep your love from me\nNo no love on me\nOn that night drive\nOoh you're so fine\n\n[Chorus]\nPurple in the sky\nCruising highway 85\nThought I saw a shooting star\nBeaming in your haunting eyes\n\n[Verse 2]\nI said now baby we can disappear\nAWOL like we are some fugitives\nLiberation oh so cavalier\nOoh baby take me far away from here\nBaby you know I'm sincere\n\n[Pre-Chorus]\nOoh don't keep your love from me\nNo no love on me\nOn that night drive\nOoh you're so fine\n\n[Chorus]\nPurple in the sky\nCruising highway 85\nThought I saw a shooting star\nBeaming in your haunting eyes\n\n[Outro]\nOoh ayyyyayyyayyyayyy\nOoh ayyyyayyyayyyayyy", "image": "https://images.genius.com/abfa548b2bed126d1ea89ec0e33663b4.1000x1000x1.jpg"}], "artist": "Ari Lennox"}