{"songs": [{"title": "31 Bumrush", "album": "That\u2019s Them", "year": null, "lyrics": "My off the hook look, leaves my competitors shook\nNo matter what groups you book, I still jam like Sam Cooke\nTook a whole click out, and had the soundman flippin\nKickin wicked freestyle to shit on niggas with the writtens\n\nCheck my computer type graphics, niggas get they ass kicked\nQuick if they try to flip like ashes, I'm\nNever passive, as is, yo you see the flow yo what happened\nCheck out them niggas rappin\n\nThe clap of the crowd be showin me love like Cupid\nLoop it back, shit slams like I dished off to Shaq\nMy crew stay strapped with battle raps on cap\nWe ready to clap on chaps who make up half you sucker rap acts\n\nI'm intact with facts, MC's can't compete with these treats\nAnd Shawn J P. with the beats, unleash\nTalents, balance, styles extra-ordinary\nWith the vocabulary, no other buries\n\nWe know schematics on rapper's theatrics\nOnly a few can freak status\nArtifacts Technique Can freak from here to Dallas, leavin you to clean up\nLike Alice, shit's thick like smoke from out the chalice\nThe weak we em-barr-ass, showin no pity on your city\nWe either play you live or have you taped in like MIDI (who)\nThe Brick City Committee comin through a nigga soundset\nThis round's for all our niggas that didn't get down yet\n\nAshes to ashes, dust to dust\nFrom off the back of the bus, the 31 Bumrush\nCrews we breeze through, you don't know, you need to\nTell the soundman, don't touch nothin but the EQ\n(repeat 2X)\n\nDeafenin, lethal weapon steppin with the props\nSeekin through your sale racks and peepin all mall cops\nIn to win, tall like, Paul Bunyan, the bass line's drummin\nMeanin that the Notty Headed Nigguz comin\n\nLights, camera! Act like you wanna bring the dra-ma\nI make it hotter than all of Atlanta, ready to act up\nMy Hooterville upbringin is swingin upon ya son\nGunnin for your under the name of Tame One\n\nYo, eyes focused, lips ready to toke it\nYou'll choke on my skit, your dilemma is to quit\nFlip scripts, who's the winner takin out all beginners\nIn an instant, my style's polished and stain resistant\n\nThe E&J sipper blunt ripper nigga flips your bitch ass\nWith better effects, we go to war like George Lu-cas\nToucan Sam and we be the Mister Man simply put\nYour twelve inch could barely make a foot\nWe got bombs, my momma told me no when I was younger\nBut I told her, \"I don't cry on no shoulders I'm a soldier\"\nLet me show ya, how we can rock a crowd like Ayatollah\nCheck the folder (here we go check it out right now)\n\nNow you got the scoop, check the Guess troop low\nOn the chest, niggas still use the word fresh blessed\nYou see the structure, builder, constructer\nBust a, nother with the skills that I muster\nUp touche you check the rhyme forte\nArtifacts, Tame One, and MC El the Sensai\n\nChorus", "image": "https://images.genius.com/d5a8483aa7871d4d8e089dd37d52240b.941x937x1.png"}], "artist": "Artifacts"}