{"songs": [{"title": "Bussin", "album": "Dirt Bag", "year": "2019-08-09", "lyrics": "[Intro]\nScott Storch\nBlueface, baby\nC\u00e1llate, Mike Crook\nYeah, aight\nYou slipping, I'm sliding, bussin' (Bussin')\nBussin'\n\n[Chorus: Blueface]\nNew AP bussin' like AP (Bussin')\nNo wings, but this is an eight piece AP (Bussin')\nNo SI, these VV's (Bussin')\nYou slipping, I'm sliding, bussin' (Bussin')\nNew AP bussin' like AP (Bussin')\nNo wings, but this is an eight piece AP (Bussin')\nNo SI, these VV's (Bussin')\nYou slipping, I'm sliding, bussin' (Bussin')\n\n[Verse 1: Blueface & Lil Pump]\nYou slipping, I'm sliding, bussin' (Slidin')\nShe gon' bust down 'cause my AP bussin' (Bussin')\nBreaking, I'm hitting the hole like AP (Like AP)\nGlock with no safety, but I keep it for safety (Slippin')\nEight piece, no wings, all VV's\nChain hangin' and swangin' on me like titties (Yeah, aight)\nBitch, I'm litty like a titty\nDiamonds on me and they bussin' like the city (Bussin')\nThis Glock do magic tricks when shit get tricky (Ooh, Lil Pump)\nUp the pump, no fakin', bussin' like transportation (Bussin')\nRolex bust down Dayton (Bussin'), yeah, aight\nBussin,' bussin,' bussin,' bussin'\n\n[Chorus: Blueface & Lil Pump]\nNew AP bussin' like AP (Bussin')\nNo wings, but this is an eight piece AP (Bussin')\nNo SI, these VV's (Bussin')\nYou slipping, I'm sliding, bussin' (Bussin')\nNew AP bussin' like AP (Bussin')\nNo wings, but this is an eight piece AP (Bussin')\nNo SI, these VV's (Bussin', ooh)\nYou slipping, I'm sliding, bussin' (Bussin', ooh, ooh)\n\n[Verse 2: Lil Pump]\nI'ma pull it out at her grandma house, ooh (Grandma)\nGucci loafers on when I'm stepping out\nGucci Mane, I don't know, bitch, it ain't a singalong, ooh (Woah)\nI don't give a fuck, yeah, I'ma hit it raw (Yeah)\nDrown in the pussy, I'ma slip and slide (Slip and slide)\nHave her riding dick in the Maybach while the seat recline, ooh\nRatchet ass ho, hit it from behind\nTwo times, bust it down, you ain't gotta be shy (Ooh)\nGoddamn, I just pulled her wig off (Damn)\nTwo chains on, Derek Fisher (Fisher)\nBaby mama calling me but I don't want to pick up\nShe asked me for cocaine, I put her on the jigga (Ooh)\n\n[Chorus: Blueface]\nNew AP bussin' like AP (Bussin')\nNo wings, but this is an eight piece AP (Bussin')\nNo SI, these VV's (Bussin')\nYou slipping, I'm sliding, bussin' (Bussin')\nNew AP bussin' like AP (Bussin')\nNo wings, but this is an eight piece AP (Bussin')\nNo SI, these VV's (Bussin')\nYou slipping, I'm sliding, bussin'", "image": "https://images.genius.com/6a94b1b7a441d36b1a0760eb335fe6e0.1000x1000x1.jpg"}], "artist": "Blueface"}