{"songs": [{"title": "Wait a Minute", "album": "Direction", "year": "2018-11-16", "lyrics": "[Chorus:]\nBaby when we vibin'\nI get so excited\nOoh you know I like ya\nI tried but I can't fight it\nIs it that I'm trippin'?\nKinda crazy how you got me in my feelings\nI just wanna take my time with my decisions\nGot my attention, you're what I'm missing\nWait a minute\n\n[Verse 1:]\nTeach me 'bout some things\nWhat you do, I like your chains\nUsually, I stay in my lane\nAnd I know you do the same\nAnd not to mention I ain't quick to love\nOr let you kiss it\nYou the type to make a good girl start to sinnin'\nI don't really know a lot about ya'\nBut I got many things I like about ya'\n\n[Pre-Chorus:]\nI can see me on the ground I'm fallin'\nI can see you on my mind in the mornin'\nLove's a song I'll be the verses, you're the chorus\nSmooth sailin' but the winds they got me nervous\n\n[Chorus:]\nBaby when we vibin'\nI get so excited\nOoh you know I like ya\nI tried but I can't fight it\nIs it that I'm trippin'?\nKinda crazy how you got me in my feelings\nI just wanna take my time with my decisions\nGot my attention, you're what I'm missing\nWait a minute\n\n[Verse 2:]\nLet me get this right\nLet me get this right\nSay you ain't the jealous type\nYou gon' do me right\nIf you got a plan\nI may be down to ride\nI can see the way you move\nYou got a future bride\nBut understand, baby\nDon't need a boy I need a man, baby\nYou gotta show me where you stand, baby\nCause I ain't had no one love me lately\n\n[Pre-Chorus:]\nI can see me on the ground I'm fallin'\nI can see you on my mind in the mornin'\nLove's a song I'll be the verses, you're the chorus\nSmooth sailin' but the winds they got me nervous\n\n[Chorus:]\nBaby when we vibin'\nI get so excited\nOoh you know I like ya\nI tried but I can't fight it\nIs it that I'm trippin'?\nKinda crazy how you got me in my feelings\nI just wanna take my time with my decisions\nGot my attention, you're what I'm missing\nWait a minute\n\n[Verse 3:]\nIt takes a lot to get you off my mind\nYou kinda' popped up at the perfect time\nCause I done given love too many tries\nI'm scared to jump\nBut damn, you're so damn fine\nYou're like the sun\nAnd when it rains, you shine\nAnd I been waitin' on this all my life\nFeels like I'm rollin' dice\nToo good this can't be right\n\n[Chorus:]\nBaby when we vibin'\nI get so excited\nOoh you know I like ya\nI tried but I can't fight it\nIs it that I'm trippin'?\nKinda crazy how you got me in my feelings\nI just wanna take my time with my decisions\nGot my attention, you're what I'm missing\nWait a minute", "image": "https://images.genius.com/14cad93f89cb8620c2393f85b0c9c744.400x400x1.jpg"}], "artist": "Ayanis"}