{"songs": [{"title": "No Longer Lovers", "album": "A Family Portrait", "year": "2016-10-10", "lyrics": "[Verse 1 : Blasko]\nCall it in desires\nThoughts that flames with fire\nPlanted by the higher road\nThat I don't believe in love no more\nThat I don't believe in love no more\n\nTaken through the ashes, baby\nWell, you took my love and crashed it, yeah\nDropped it from the higher road\nI don't believe in love no more\nI don't believe in love no more\n\n[Chorus : Blasko]\nTake back all your lovin\n'Cause we're no longer lovers\nTake back all your lovin\n'Cause I don't believe in you no more\n\n[Verse 2 : Blasko]\nHold on to your last baby\nFricken don't wanna see the shame in your eyes today\nTalking 'bout the higher road 'cause you know\nI don't believe in us no more\nYou know I don't believe in us no more\nYeah\n\n[Chorus : Blasko]\nTake back all your lovin\n'Cause we're no longer lovers\nTake back all your lovin\n'Cause I don't believe in you no more\n\n[Verse 3 : Jordan Dennis]\nLook red is the roses and blood in veins\nBlue is the violets and shame on your face\nGive and you get, you dont give and you take\nBest that you had I expect you to drake\nCollectively, ecstasy couldn't compare\nTo the feeling of you next to me\nWhy I always feel like you trying to be testing me?\nHow you always gotta go and give the nth degree?\nI guess it's just some bad luck I choose the blackest of cats\nTrying to make it work and pull a rabbit out of the hat\nYou keep chipping on the wall and not expect it to crack\nI left some big shoes to fill, you better go and get Shaq, huh\nWhat are you saying, got to be paying felony fame\nYou got a face and we will never be same\nTry go and take a trip down memory lane\nJust wipe the tears from your eyes\nLet the melody ring, dang\n\n[Chorus : Blasko]\nTake back all your lovin\n'Cause we're no longer lovers\nTake back all your lovin\n'Cause I don't believe in you no more\n\nTake back all your lovin\n'Cause we're no longer lovers\nTake back all your lovin\n'Cause I don't believe in you no more", "image": "https://images.genius.com/c9eb12890bb5602c36bb16c7da1ec0ce.500x500x1.jpg"}], "artist": "Billy Davis"}