{"songs": [{"title": "Are We There Yet", "album": null, "year": "2019-06-14", "lyrics": "[Verse 1]\nTried to fight it\nSecond that I realized you're on my mind\nIt's all the time (It's all the time, it's all the time)\n\n[Verse 2]\nDidn't want it\nThen you go finesse emotions\nWhen you call me late at night (Late at night, late at night)\n\n[Pre-Chorus]\nI come and go, I'm casual\nKnow how to show no interest\nTried to pretend you're just a friend\nTill you broke me\n\n[Chorus]\nSo tell me why'd you mess up\nMade me fall in love, got me stressed out wondering\nWill we fuck it all up?\nOnly been a month but my heart beat's stuttering\nWill you be around?\nAre you always down?\nSo baby tell me\nAre we there yet?\nAre we there yet?\nAre we, are we\u2026 there yet? (Are we there yet?)\nAre we there yet?\n\n[Verse 3]\nSeven hours\nYou and I just getting high\nCatching feels we can't ignore (We can't ignore, we can't ignore)\n\n[Pre-Chorus]\nI come and go, I'm casual\nKnow how to show no interest\nTried to pretend you're just a friend\nTill you broke me\n\n[Chorus]\nSo tell me why'd you mess up\nMade me fall in love, got me stressed out wondering\nWill we fuck it all up?\nOnly been a month but my heart beat's stuttering\nWill you be around?\nAre you always down?\nSo baby tell me\nAre we there yet?\nAre we there yet?\nAre we there yet?\nAre we there yet?\nAre we\u2026 there yet?", "image": "https://images.genius.com/e2adf14f79259c21258dff66a00811f0.1000x1000x1.jpg"}], "artist": "32Stitches & BAER"}