{"songs": [{"title": "I Do Need You", "album": "Poison", "year": "1990-03-20", "lyrics": "Hey baby, I've been clockin' it for a while and\nNow's about time I tell you how I feel\n\nHoooooo Hoooooo Hoooooo\n\nI know for sure\nThat you'll never change mmmm mmm mmmm\nWhy I continue to love you\nThe answer remains the same\n\nWhy do I?\nDo I cry?\nWhen I know\nNothing will ever change\nBut if I\nKeep holding on\nJust maybe\nYou'll see\nThat\nI do need you\n(oh oh oh oh oh oh oh)\nI do want you\n(I need you and I want you)\nI do need you\n(Woah oh oh oh oh)\nI do want you\n(I need you Hoo Hoo)\n\nDeep in my heart\nI feel that you really do care. oh\nIs it true what they say?\nThat uh actions speak louder than words?\nAnd your's just isn't there. oh\n\nWhy do I?\nDo I cry?\nWhen I know\nNothing will ever change\nBut if I\nKeep holding on\nJust maybe\nYou'll see\nThat\nI do need you\n(I I I I I I I I oh)\nI do want you\n(I need you I do)\nI do need you\n(I know for sure that I need)\nI do want you\n(need Lord have mercy)\n\nMmm mmm mmm\n\nOh\n\nMmm mmm mmm\n\nFeels so good\n\nHoo!\n\nI do need you\nI do want you\nI do need you\nI do want you", "image": "https://images.genius.com/d6ffa06b190b8cc38c17cf2f832bae26.1000x1000x1.jpg"}], "artist": "Bell Biv DeVoe"}