{"songs": [{"title": "Free Yard", "album": "This Is UK Grime Vol. 2", "year": null, "lyrics": "I got a free yard man, come down\nNah that's a long ting man it's Friday night I gotta see my man\nBun your man let's have a one night stand\nI told you before that I love my man\nBut he don't love you he wants a quick slam\nI told you no I ain't comin man jam\nYou're on a long ting where's your bredrin Pam\nI hate girls that try and act stush\nWhen I got a free yard and I want some tush\nI'll be like com round\nAnd she'll be like nah\nShut up bitch and get in the car\nIt's not often I got a free yard\nHurry up man I don't even live dat far\nCross the park turn left and your dere\nIt's no a long ting I'll pay your cab fair yeah\nWe can take it slow fam\nEasy Peasy I'll put on a slow jam\nWe'll she how slow that you jam\nWhen we put you in front of a cam\nYeah yeah your face is corny\nBut it's your back off that gets me horny\nSo I'll but a bag on your head\nOi allow it aggro com on blud that's dread\nI got a free yard man, come down\nNah that's a long ting man it's Friday night I gotta see my man\nBun your man let's have a one night stand\nI told you before that I love my man\nBut he don't love you he wants a quick slam\nI told you no I ain't comin man jam\nYou're on a long ting where's your bredrin Pam\nYeah blud\nManz said that you got a free yard fam\nManz with a few tingz still what can man bring them yeah?\nCourse blud\nIt's on alright chicks\nI hope no one's gonna act long\nWhen its p's your banking\nIt's because you're spanking\nNow I'm waiting for Twist\nHe's bringing down chicks and there taking the piss\nWhat kinda time you call this\nIt's been half an hour on my call list\nI don't know what you think this is\nMan like me ain't lookin the misses\nNext thing you I'm smothered in kisses\nIt's time to go home and the chicks turn vicious\nI got a free yard man, come down\nNah that's a long ting man it's Friday night I gotta see my man\nBun your man let's have a one night stand\nI told you before that I love my man\nBut he don't love you he wants a quick slam\nI told you no I ain't comin man jam\nYou're on a long ting where's your bredrin Pam\nOk now the deal\nI don't wanna know how you feel\nMums on holiday ion Brazil\nAnd what she's comin back in what 3 days still\n(Is that so)\nYeah we can have bare fun\nCom on babes I need my hair done\n(For real)\nNah it's an excuse\nBut still I wanna make good use\nYou might know me from across the road\nAcross the road\nI live just across the road\nSw12 that's the post code\nAnd for the best don't get me in stressed mode\nCome on and bring your bredrins Pamela\nI'll come and I'll bring the camera\nThere's 2 of you but I got stamina\nLet's get it started no long no long\nI got a free yard man, come down\nNah that's a long ting man it's Friday night I gotta see my man\nBun your man let's have a one night stand\nI told you before that I love my man\nBut he don't love you he wants a quick slam\nI told you no I ain't comin man jam\nYou're on a long ting where's your bredrin Pam\nI got a free yard man , come down\nNah that's a long ting man it's Friday night I gotta see my man\nBun your man let's have a one night stand\nI told you before that I love my man\nBut he don't love you he wants a quick slam\nI told you no I ain't comin man jam\nYou're on a long ting where's your bredrin Pam", "image": "https://images.genius.com/e6be46e319badf8d9221cc5837581f76.600x600x1.jpg"}], "artist": "Aggro Santos"}