{"songs": [{"title": "Take Time", "album": "Matte Black Soul", "year": "2014-12-12", "lyrics": "[Hook]\nI'll take time to understand you\nWhen nobody else will care\nI'll take time to understand you\nWhen nobody else will care\n\n[Verse 1: Awon]\nHe might be what you want, but I'm what you need\nA glass of Merlot and some Sour D\nAnd I'm a better role model for your seeds\nKnowledge, wisdom, understanding, girl I got degrees\nAnd like my man Dicap say, \"tell a friend\"\nWith compliments I'm sparking up your estrogen\nThat pretty brown round full of melanin\nThe way it jiggle looking like some gelatin\nI want to touch you taste you, your pudding pop\nIs motivation relations we couldn't stop\nElectric relaxation was on my box\nYour heart beat is racing when you on the top\nYour nails dig into my skin when you climax\nLooking at my watch wishing to turn the time back\nI'm watching you, watching me, watching you\nWith the same expression like what we just do word\n\n[Hook]\nI'll take time to understand you\nWhen nobody else will care\nI'll take time to understand you\nWhen nobody else will care\n\n[Verse 2: Awon]\nYou text me the next day while I was at work\nUsing up all my data time for that jerk\nDidn't even mention last night and that hurt\nAll you wanted was a fat sack of that purp\nSo I tell you I got you like always do\nGive you a roundabout time when I'm coming through\nTo be thoughtful I bought you some flowers\nI'm at your crib in a couple of hours\nI'm surprised his car is parked outside\nI didn't even get the roses out of my ride (my ride)\nHe even answered your door, I had to dap him up (dap him up)\nWe like the same ball team, I had to chat him up (chat him up)\nI said hello and goodbye the bag is on me (on me)\nMaybe you want to work it out with homie\nEven though when you're with him you feel lonely\nEven know you won't be his one and only\n\n[Hook]\nI'll take time to understand you\nWhen nobody else will care\nI'll take time to understand you\nWhen nobody else will care\n\n[Verse 3: Awon]\nYou hit me up the next day tryna explain (explain)\nNo need I ain't got no time for head games (games)\nIt's a simple choice, either me or him\nSee I could just fall back and I could be your friend (be your friend)\nBut it's complicated 'cause you let me have it\nI ain't Elmer Fudd, baby I don't chase the rabbit\nCuriosity of you and I provoke this\nWe both know what's best, so I propose this\nYou figure out just what you want to do first\nI ain't rushing you baby girl the truth hurts\nAnd yo, touching you, yo that ain't right\nIf you gonna fuck your man on the same night\n\n[Hook]\nI'll take time to understand you\nWhen nobody else will care\nI'll take time to understand you\nWhen nobody else will care", "image": "https://images.rapgenius.com/aa14ac8a39b32891cc5f52566bd171bd.1000x1000x1.jpg"}], "artist": "Awon"}