{"songs": [{"title": "Trippin", "album": null, "year": null, "lyrics": "(Intro)\nYea, She just want me for my dick\nWe Lit, We Lit, (HIDEMUPINBACKGROUND)\nAye, Aye, Aye Aye Aye Aye Aye\n\n(Hook)\nShe hit my phone up she trippin\nGot so much bitches that I should be pimpin\nYou talk too much nigga zip it\nAin't no rap dissing you finna get stitches\nMy nigga right in the kitchen\nHe bag it and zip it\nYou know that he gripping\nI ball on these bitches like I'm Scotty Pippin\nI'm off the pills man I'm Trippin, I'm trippin\n\n(Verse)\nI'm a Warrior No Curry\nJust like a MILF you get hit with the 30\nAmmo Slap You Inna Flurry\nUnleash my fury no mercy like Kirby\nFuck the judge and motha fuck the attorney\nRun in they crib, Wipe em out like they dirty\nShe told me eat it, But I don't like Turkey's\nHe said he gon hurt me, I ain't even worried\n\nPop out the cut and start sparking shit up\nFeeling Chaotic I'm Spartacus yuh\nShe gave me a ride, We gon park it and fuck\nSmackin that ass and I'm marking it up\n\nShe got a man but I don't give a fuck\nThat nigga a punk\nHe know that I hit it he blowing dm up and phone for what\nHe don't want no smoke so don't pass him the blunt\n\nShe know I'm oh so savage\nSlump a nigga with the gogo gadget\nYou niggas can't do no damage\nDon't push me bitch I do damage\nThat bitch got way too much baggage\nSo I won't love her I'm taking advantage\nYou only getting one night\nYou can't my shordy, you can't be my wife\n\nYa mixtape don't interest me\nDon't waste ya energy\nNo I won't buy it and no I ain't listening\nWhat's gotten into me\nDemons got into me\nYou would shiver if you heard what they whispering\n\nFingerfuck the nina now she squirting\nMake dat bitch sing like a symphony\nI take you out of yo mufuckin misery\nLike I'm a doctor, Bitch I got the remedy\nBut\n\nLife is a game don't play yo self\nDisrespect me nigga that is a penalty\nPlease get away lil bitch\nI don't love you bitch we ain't got no chemistry (repeat)\n\n(Hook)", "image": "https://images.genius.com/d754e944a461d16ed52019829ca5e683.500x500x1.jpg"}], "artist": "Bandingo YGNE"}