{"songs": [{"title": "BBC", "album": "BBYSHOE", "year": "2018-02-10", "lyrics": "[Intro]:\nYeah\nMommy you\u2019re so cute! Hehe!\nSay it one more time\u2026\nYeah\n\n[Verse]:\nI\u2019m a bad bitch nigga you can\u2019t kill me\nNo you can\u2019t smoke me out, just hunnid dollar bill me\nThese niggas kill me acting like I owe \u2018em something\nA grown woman, I won\u2019t sacrifice myself for nothing\nI\u2019m going places, making plays, I got a bigger vision\nI\u2019m tired of 20 dollar booty calls and supervision\nYou was a star until you went and tried to play the moon\nYou broke my heart and then I turned into a fucking goon\nYeah I\u2019m a bad bitch, nigga, you can\u2019t kill me\nNo you can\u2019t take me out I can\u2019t show you the real me\nSmoking Colorado dope, keep ya mid grade dick\nBurning money all week on my hot girl shit\nI\u2019m a bad bitch, nigga, you can\u2019t kill me\nI\u2019ve been my own fucking shooter for a while, bitches funny style\nActing like a child - I got four of those\nI\u2019m not tryna keep up competition with you silly hoes\nBeefing over clothes, hating from outside the club\n\u2018Cause they nigga show me love\nAs if he could ever handle me\nI can take your nigga but that shit don\u2019t take away from you\nThese niggas never bout it, better love on you mo' betta, boo\nTell \u2018em I\u2019m a bad bitch, nigga, you can\u2019t kill me\nYeah you can take me out the hood but bitch I\u2019m still me\nI\u2019m not gon\u2019 switch up my persona for no white folks\nI\u2019m not gon\u2019 bite or swallow tongues cause bitch I might choke\nI need a whip that\u2019s clean enough to check my makeup in\n\u2018Cause you know mirrors treat you better then a fucking friend\nThey blending in so they be aggy when you standing out\nWas sposed to shine together, now you acting cubic, I\u2019m a diamond\nI\u2019m a bad bitch nigga you can\u2019t kill me\nI put it on him when I wanna and he pay me\nHe don\u2019t like my pockets empty, he don\u2019t play me\nBut he won\u2019t keep me cause I can\u2019t give him a baby\nFuck it, I\u2019m a bad bitch nigga you can\u2019t kill me\nI used dream about the day that you would kill me\nWas tryna feel you but you wasn\u2019t the real you\nYou gotta FaceTime your kids and I know that ain\u2019t cool\nKeep niggas out from round my kids because they never stay\nIt ain\u2019t no Uncle Mike, no momma\u2019s friend, no Uncle Ray\nI gotta look out for my lil one\u2019s, that\u2019s fucking gang\nPut a hole in you for one of them, it ain\u2019t a thing\nKeep niggas out from round my kids because they never stay\nIt ain\u2019t no Uncle Mike, no momma\u2019s friend, no Uncle Ray\nI gotta look out for my lil one\u2019s, that\u2019s fucking gang\nPut a hole in you for one of them, it ain\u2019t a thing, bitch!", "image": "https://images.genius.com/e75414b8dfc22ae66b2b35a693b7be94.1000x1000x1.jpg"}], "artist": "\u200bbbymutha"}