{"songs": [{"title": "Chewing Gum", "album": "Negro Swan", "year": "2018-08-24", "lyrics": "[Intro: Tommy Wright III]\nMy man, Rico MDB in the house\nMy dog C-9 with the date\nMy dog TC over here, grinnin' all golden\nAnd he finna come up\nPretty smart-\n\n[Chorus: Devont\u00e9 Hynes with Kingpin Skinny Pimp]\nTell me what you want from me\nTell me what you want from me\nTell me what you want from me\nTell me what you want from me\n\n[Verse 1: Devont\u00e9 Hynes]\nSwitchin' up your style, but you've waited too long\nFunny until now so it's wrong\nPacing yourself, and racing yourself in the name of truth\nWhat's true?\n\n[Refrain: Devont\u00e9 Hynes, *Tommy Wright III]\nBrother, baby, we've seen it all\nAnd we're tired, so what you want from me?\n*Grinnin' all gold\n\n[Chorus: Devont\u00e9 Hynes with Kingpin Skinny Pimp]\nTell me what you want from me\nTell me what you want from me\nTell me what you want from me\nTell me what you want from me\n\n[Verse 2: Devont\u00e9 Hynes]\nNothing can replace me if you're not taking my lead\nBetter to be broken than in need\n\n[Refrain: Devont\u00e9 Hynes]\nBrother, baby, we've seen it all\nAnd we're tired, uh, so what you want from me?\n\n[Chorus: Devont\u00e9 Hynes + Project Pat]\nTell me what you want from me\n(What you want from me baby)\nTell me what you want from me (Grill on froze)\nTell me what you want from me (Want from me)\nTell me what you want from me\n\n[Verse 3: A$AP Rocky]\nLookin' for the chewin', for the jaw\nBlowing like the time, word of mouth\nShawty told me that this world is ours\nSelfish with that pussy like it's mine\nPeppermint, double-mint, spearmint, type of shit\nShe the type of chick to get right on the dick\nRide on the dick, with no license and shit\nNo relatives, sentimental\nIt's detrimental, still compared to this relevance\nShe the type of chick to get right on the dick\nRide on the dick, with no license and shit, oh\nBack and forth, wall to wall, use the jaw\nLosin' drawers in the sauce, now\nOn the job, never off\nThat pussy got, won't let her off, and it's so good\nShout out my ex, though, she was the best though\nGot on my damn nerves, hella fresh, though\nI bought that Guess shirt\nShe had that mesh shirt, I turned it to a sweatshirt\nThrow on that sweatshirt, she fuck with Earl, too\nShe fuck with girls, too, I fuck with her too\nTell her quit the chattin', jaws made for chewin'\nIf you fuckin' with me, bet you know what you're doin', like\n\n[Outro: Project Pat, Tommy Wright III]\nVavet, get the new CD, 'Feel Me Before They Kill Me'\nRight now Fear me in person\nBuy Feel Me, Before They Kill Me! You heard me?\nPatta, I like the dirty, dirty, I love to beat it, beat it\nTell her lies and and I promise whole lot of shit\nShe\u2019ll never get, bend over let me hit\nA North Memphis nigga bitch, he\u2019s very slick\nHo, don\u2019t beat a bih, and they see you break\nThat ho love a rich nigga, I got plenty cake\nShe get it like she do, cause she pretty freak\nPretty hate, I got choppas call me pretty Drake\nPatta", "image": "https://images.genius.com/aad8d9928bbae76247e27513da5d6e6a.1000x1000x1.jpg"}], "artist": "Blood Orange"}