{"songs": [{"title": "Loose Prayers", "album": "It\u2019s Nice Outside", "year": "2017-08-21", "lyrics": "[Verse 1: Anti-Lilly]\nThey steady asking when yo time comin\n\"Nigga, what you waiting on?\"\nI check the watch on my wrist, the seconds pacing\n5:29 P.M. I crack a smile cause 5:30 on the way, eh\nLosing my balance, made it through another day\nMan, I've been faking on a lot of shit\nAin't been as happy as I should\nBeen running through the woods in my mind\nTime after time, I lose myself\nHitting trees, tryna make something good up out my situation\nQuit that is something I never could\nI pray for sunshine, think bout my angels in the clouds\nFrom the skies where the rain be comin' down on my life\nDark  come before the dawn\nCan't tell my days from the night\nIt's all a maze, see I've been going through changes\nDon't know what phase I'm in\nClose my hands and shed a tear before I say Amen\nFaith with no works is dead, before the grind I pray again\nDon't know who down for me\nMy own brother fucked me over\nStabbed me in my back then got the fuck from round from me\nLike who I trust out here, friends is foes\nFamily hoe me on occasion\nLike where the fuck do I go?\nOh, my woman love me but she gets my worst\nAnd she deserve better\nCause she been riding for me through whatever\nPut her hand on my chest told me baby it's goin' get better, oh\nShe motivate me to get my shit so together and\nHard times don't last long, nigga, but life don't neither\nThis for them times where I felt like I don't need either\n\n[Hook: Anti-Lilly]\nI promise one day that imma make it out of here\nSinning every day I'm living like you ain't there\nSending these loose prayers\nMe and these loose prayers\nMy momma told me lay all my problems by the Lord\nPoppa told me problems I something I gotta wear\nI'm sending loose prayers, uh\nI'm sending loose prayers\n\n[Verse 2: LC]\nI say: \"nam myoho renge kyo\", Prepare your soul for war\nChanting these evil spirituals, spiritually I'm evolved\nThey say they stand for Ya but keep everything but the Lord\nThey took his name out the bible and replaced it with God\nAnd I've been writing prayers on this loose leaf\nPraying that Lucifer lose me\nBecause this noose only boost me to speak the real\nAnd until we seek the health, we will never be healed\nAnd I find it to be the reason our saviour was killed\nI see a lot of folks at church but can't quote no scriptures\nCan't trust the pastor, in my eyes he just a hopeless nigga\nCause he ain't healin', he just here to help us cope with sinning\nRevoke the system, back against the wall I know that feeling\nSay you ain't got your fringes on but you keep the Lord\nAnd all that sinning in your booth ain't help you speak to ya\nAnd Deuteronomy 31:6 tell me don't fear\nCause He here if I ever need to talk\nSo I'm sending loose prayers\n\n[Hook: Anti-Lilly]\nI promise one day that imma make it out of here\nSinning every day I'm living like you ain't there\nSending these loose prayers, me and these loose prayers\nMy momma told me lay all my problems by the Lord\nPoppa told me problems I something I gotta wear\nI'm sending loose prayers, uh\nI'm sending loose prayers", "image": "https://images.genius.com/60bb7c36d7342572a738c702fea9532c.1000x1000x1.jpg"}], "artist": "Anti-Lilly & Phoniks"}