{"songs": [{"title": "Sunday Night", "album": "EMMANUEL", "year": "2019-09-18", "lyrics": "[Chorus]\nI be on that kryptonite, I be on that shit they like\nI be slidin' on\u2005them,\u2005blazin', faded on\u2005a Sunday night\nShinin' like my neon\u2005lights, can I stay at your crib tonight?\nTrippin', I'm hallucinatin', usually, I make music, baby\n\n[Verse 1]\nI'ma moonwalk like Mike tonight\nKnock a nigga out like a Tyson fight\nMy cousin got locked for the China White\nI'ma make a mill' 'fore I'm 25\nRide around town with a .45\nTried to kill me, but I'm still alive\nSame old me, but the price is high\nCrash my truck, but I still survive\n\n[Chorus]\nI be on that kryptonite, I be on that shit they like\nI be slidin' on them, blazin', faded on a Sunday night\nShinin' like my neon lights, can I stay at your crib tonight?\nTrippin', I'm hallucinatin', usually, I make music, baby\n\n[Verse 2]\nYou don't make enough to really fuck with me\nGet high, then fly with the birds and bees\nExcuse me, please\nIs that your car? Can I see it, please?\nMouth on froze like it's two degrees\nYou a damn fool, come and fool with me\nI don't like you 'cause you rude to me\nI just got money, so it's new to me\nLife real sad, so it's blue to me\nWeed real loud, so it's cool with me, I buy jewelry\nBeat gon' drop, come and move with me\nYou can see me on the movie screen\nReal nice car with a beauty in it\nTurn my girl to a millionaire\nReal nice guy, but I'm barely there, I might disappear\nClose my eyes, but it's very clear\nI see ghosts when I step in here\nEverything change when the money there\nThings ain't change for a hundred years, I'm finally here\n\n[Chorus]\nI be on that kryptonite, I be on that shit they like\nI be slidin' on them, blazin', faded on a Sunday night\nShinin' like my neon lights, can I stay at your crib tonight?\nTrippin', I'm hallucinatin', usually, I make music, baby\n\n[Verse 3]\nMessiah here, in Emmanuel\nShine this light on the dirty world\nNiggas try to play like their money good\nI do shit that they wish they could\nNiggas supposed to stick up for their family, but we see they don't\nI got all that gutter and that meaning that they fiending for\nNiggas supposed to stick up for they brothers, but we see they don't\nI got all that gutter and that meaning that they fiending for\n\n[Chorus]\nI be on that kryptonite, I be on that shit they like\nI be slidin' on them, blazin', faded on a Sunday night\nShinin' like my neon lights, can I stay at your crib tonight?\nTrippin', I'm hallucinatin', usually, I make music, baby\nI be on that kryptonite, I be on that shit they like\nI be slidin' on them, blazin', faded on a Sunday night\nShinin' like my neon lights, can I stay at your crib tonight?\nTrippin', I'm hallucinatin', usually, I make music, baby", "image": "https://images.genius.com/1166ca41d40c349d1eca7a115950fca4.939x939x1.jpg"}], "artist": "Ameer Vann"}