{"songs": [{"title": "Proper Paper", "album": null, "year": "2018-10-18", "lyrics": "[Hook]\nAnything dah gyal yah want, you know him give it to me\nA did fi mi yesterday, a still fi mi today\nWhen me whine dung slow, him tell me kill it, kill it\nBwoy mi nah lie, your love is wicked, wicked\n\n[Pre Chorus]\nBwoy me wuh do anything fi you\nWrap an' pop off anything fi you\nBad gyal from yard but me ah sing fi yuh (Ahh)\n\n[Hook]\nAnything dah gyal yah want, you know him give it to me\nA did fi me yesterday, a still fi me today\nWhen me whine dung slow, him tell me kill it, kill it\nBwoy mi nah lie, your love is wicked, wicked\n\n[Verse 1]\nThe lifestyle of a boss and his main\nHe say, she say and everybody wanna taste\nThey drag my name through the dirt for the fame\nDamn, we flex good so of course they gon' hate\n\n[Chorus]\nTell them we no need fi explain ah\nThe ting never dead, no need no undertaker\nTell them we no need fi explain ah\n'Cause you're married to the ting 'pon proper paper\nTo the ting 'pon proper paper\nYou're married to the ting 'pon proper paper\nTo the ting 'pon proper paper\nYou're married to the ting 'pon proper paper\n\n[Hook]\nAnything dah gyal yah want, you know him give it to me\nA did fi mi yesterday, a still fi mi today\nWhen me whine dung slow, him tell me kill it, kill it\nBwoy mi nah lie, your love is wicked, wicked\n\n[Pre Chorus]\nBwoy me wuh do anything fi you\nWrap an' pop off anything fi you\nYour ex-gyal a look ah fight, me ah guh chill fi you (Ahh)\n\n[Verse 2]\nNah let go\nA bag of gyal waan me lock you off\nDem coulda never play me part\nNah let go\nYou know me love you with me whole heart\nTrials, troubles and all\n\n[Pre-Chorus]\nBwoy me wuh do anything fi you\nWrap an' pop off anything fi you\nBad gyal from yard but me ah sing fi you (Ahh)\n\n[Chorus]\nTell them we no need fi explain ah\nThe ting never dead, no need no undertaker\nTell them we no need fi explain ah\n'Cause you're married to the ting 'pon proper paper\nTo the ting 'pon proper paper\nYou're married to the ting 'pon proper paper\nTo the ting 'pon proper paper\nYou're married to the ting 'pon proper paper\n\n[Hook]\nAnything dah gyal yah want, you know him give it to me\nA did fi mi yesterday, a still fi me today\nWhen me whine dung slow, him tell me kill it, kill it\nBwoy mi nah lie, your love is wicked, wicked\n\n[Bridge]\n(Put down the phone, cah your love is wicked\nCan't sleep alone, cah your love is wicked\nGave you the gold, yeah you know I did it\nYou nuh haffi stress cah you know say)\nPut down the phone, cah your love is wicked\nCan't sleep alone, cah your love is wicked\nGave you the gold, yeah you know I did it\nYou nuh haffi stress cah you know say\n\n[Pre-Chorus]\nBwoy me wuh do anything fi you\nWrap an' pop off anything fi you\nBad gyal from yard but me ah sing fi you (Ahh)\n\n[Chorus]\nTell them we no need fi explain ah\nThe ting never dead, no need no undertaker\nTell them we no need fi explain ah\n'Cause you're married to the ting 'pon proper paper\nTo the ting 'pon proper paper\nYou're married to the ting 'pon proper paper\nTo the ting 'pon proper paper\nYou're married to the ting 'pon proper paper\n\n[Hook]\nAnything dah gyal yah want, you know him give it to me\nA did fi me yesterday, a still fi me today\nWhen me whine dung slow, him tell me kill it, kill it\nBwoy mi nah lie, your love is wicked, wicked\n\nAnything dah gyal yah want, you know him give it to me\nA did fi me yesterday, a still fi me today\nWhen me whine dung slow, him tell me kill it, kill it\nBwoy mi nah lie, your love is wicked, wicked\n(Wicked, wicked, wicked)", "image": "https://images.genius.com/faa7260467008ed401cfbd82937cbbb8.640x640x1.jpg"}], "artist": "Alicai Harley"}