{"songs": [{"title": "Wrong Lesson", "album": "DDD - EP", "year": "2018-03-28", "lyrics": "[Chorus]\nDoesn't mean less when you make that sound\nYou Come at me best when you spread shit round\nOnly works well when you ponder spontaneity\nThere\u2019s nothing really worse than being held as a traitor\nIf I wasn't true then I think I would be fake (ah)\nAnd you'd count the time I really wouldn't wait (ah)\n\n[Verse 1]\nWhy your hands are so sticky\nYou\u2019re too high no you can't come with me now\nIt's too rushed. Yes it is that easy\nBut doesnt seem worth it\nIf the capital is co-con(spiracy )\n\n[Pre-Chorus]\nI cry your crazy\nIt's too crowded for me but\nI lie on your lazy\nForce is not the way too\n\n[Chorus]\nDoesn\u2019t mean less when you make that sound\nCome at me best when you spread shit round\nOnly works well when you ponder spontaneity\nThere\u2019s nothing really worse than being held as a traitor\nIf I wasn't true then I think I would be fake (ah)\nAnd you'd count the time I really wouldn't wait (ah)\n\n[Verse 2]\nYou think I learnt the wrong lesson\nBut you don\u2019t know that i'm constantly testing myself\nAnd no I count my own blessings\nBut if it bothers you then i'll make it seem messy\n\n[Pre-Chorus]\nI cry your crazy\nIt's too crowded for me but\nI lie on your lazy\nForce is not the way too\n\n[Chorus]\nDoesn\u2019t mean less when you make that sound\nCome at me best when you spread shit round\nOnly works well when you ponder spontaneity\nThere\u2019s nothing really worse than being held as a traitor\nIf I wasn't true then I think I would be fake (ah)\nAnd you'd count the time I really wouldn't wait (ah)\n\n[Bridge]\nCount the times I\nBreathe your own line\nCry fire while your down down\nAnd i thought the line\nSent to bleed the time dry\nI assume we\u2019re not high\n\n[Chorus]\nDoesn\u2019t mean less when you make that sound\nCome at me best when you spread shit round\nOnly works well when you ponder spontaneity\nThere\u2019s nothing really worse than being held as a traitor\nIf I wasn't true then I think I would be fake (ah)\nAnd you'd count the time I really wouldn't wait (ah)\n\n[Outro]\nYou count the times I really really wouldn't wait for you (Ah ah oh)\nYou count the times I really really wouldn't\nYou count the times I really really wouldn't wait for you (Ah ah oh)\nI count the times I count the times", "image": "https://images.genius.com/d03763e48a8bb140c31a5231f8f547e4.800x536x1.jpg"}], "artist": "Ama Lou"}