{"songs": [{"title": "Jasmine", "album": null, "year": "2019-09-06", "lyrics": "You and Homie still together, told her I could wait forever\nI just hope you don't\u2005plan\u2005on taking that\u2005long though\nMy love letters more like\u2005keys into your heart\u00a0\nInk on my fingers on your arp\nBut I just might've pressed the wrong note\nOff to bad start!\u00a0Talk through the fast start\nBut caught you at glance far\nYou feeling me, you feeling me\nMouth full bad thoughts, you called me an asshole, that\u2019s chalk on the asphalt\nYa killing me ya killing me\nA viewing ain't a view like what I got in the hills\nYou off the clock we can chill\u00a0If you got timing to kill\nI got a spot we can fill,\u00a0a couple blocks in the field\u00a0\nI know a house is not a home, I pay a lot of the bills\nSo whatcha say\u00a0love, slither in and bitten in the apple\nWritten many raps from these scribbles in my MacBooks\nCatcall,\u00a0blackball,\u00a0gamble with these rolling stones to blame\nI lay my head on\u00a0wherever I let my hat fall\n\nSo babe I see that you're lonely\nWe can leave any moment of time but it's all in your mind (and I)\nKnow that someone's at home but is he doing you wrong?\n(Yeah) I'll let you decide\n\nI got a waiting list of waitresses that want phone service more than their own service\nI just got a taste for you\u2026\u00a0let\u2019s feast on it\nWe could beef on it, freeform, lock a lease on it\nDon\u2019t give me no answer too fast, I\u2019ll let you sleep on it\nBoxing the snooze late, driving your roommate crazy\nClimbing the roof date, you tired of all these outings\nGot a couch at the new place just slide in your suitcase\nMaybe we can order Chinese food and pop in a bootleg\nCan I hit you with that\u00a0\u201cwhat you doing\u201d text on a weekday\nMake up at Sephora after arguing at Cheesecake\nHighlight on your clean face, then freebase the teammates\nAnd cracked a smile from passing out and tripping off the replays\nShe say, he say don't feed into them games\nAin't no freedom in a cage, we can wing it with seating scenery\nSelfies you can send him when he ask you how your day went, ooh\nYou let this moment go to waste girl, I swear to God!\n\nSo babe I see that you're lonely\nWe can leave any moment of time but it's all in your mind (and I)\nKnow that someone's at home but is he doing you wrong?\n(Yeah) I'll let you decide", "image": "https://images.genius.com/c7901bf865edbf1688474983d4fa1da2.640x640x1.jpg"}], "artist": "Carneyval, Armani White, Jackson Breit"}