{"songs": [{"title": "Rotisserie", "album": "Baby Gravy - EP", "year": "2017-10-11", "lyrics": "[Intro: bbno$]\nUh, bbno$\nYo, wassup, baby?\nSkrr skrr\nMan, downtime your mother\nCrazy, bro crazy\n\n[Chorus: bbno$ & Yung Gravy]\nForeign clothes, foreign show, need a foreign ho (ho, ho, ho)\nForeign money, foreign honey, sippin' foreign pho (true)\nBorn show, born to glow, never said that (skrr, skrr)\nStayin' low on my toes, I'ma get that (get it)\nIt's getting serious\nMake a bitch delirious\nBitches on my dick cause a boy so mysterious (woah)\nThat's a mystery\nThots makin' history\nWrist keep spinnin' like a fuckin' rotisserie (skrr)\n\n[Verse 1: bbno$]\nDavid Letterman, I said it man, I'm better, man (better)\nShe wrap me up, she wrap me up, just like the Santa man (whoo)\nI love my candy, tryna be a little sweeter man (sweet)\nI'm after money, need my money, I'm a greedy man\nMoney on my grave, I'll run it up until I die (die)\nGot some eyes on every spot, I'm flexin' like a fly (fly)\nI never hurt a fly, I never cause a homicide (nah)\nIf you playin' with me, I'ma use some pesticide (skrr)\nBaby\n\n[Chorus: bbno$ & Yung Gravy]\nForeign clothes, foreign show, need a foreign ho (ho, ho, ho)\nForeign money, foreign honey, sippin' foreign pho (true)\nBorn show, born to glow, never said that (skrr, skrr)\nStayin' low on my toes, I'ma get that (skrrrr)\nIt's getting serious\nMake a bitch delirious\nBitches on my dick cause a boy so mysterious (woah)\nThat's a mystery\nThots makin' history\nWrist keep spinnin' like a fuckin' rotisserie (skrr)\n\n[Verse 2: Yung Gravy]\nGot my wrist whippin' (whippin')\nLookin' like a chef (chef)\nOregano in my right, 30 on my left (yeah)\nPull up with the set, got the kitchen all wet\nAnd the cream team comin' for your neck (lil' bitch, ooh)\nI don't do shit, but my bitch got tits (tits)\nGravy walk around lookin' like a fucking lick (lick)\nSide bitch thick and my main bitch thick\nAnd my oatmeal thick, bitch, I can't even pick (whoo)\nGravy be finnesin', it's a blessin' when I'm on the block\nTeach your boy a lesson 'bout the flexin', bitches on a jock\nWrist so reflective, it's aggressive for a fuckin' clock\nI been pourin' dressin' and caressin' on your fuckin' thot\n(Holy shit)\n\n[Chorus: bbno$]\nForeign clothes, foreign show, need a foreign ho\nForeign money, foreign honey, sippin' foreign pho\nBorn show, born to glow, never said that\nStayin' low on my toes, I'ma get that\n\n[Outro: bbno$]\nGet it how I like\nGet a ho I like, yeah\nCash out how I like how I like\nCash out how I like how I like, yeah\nThotty ain't my type\nYeah, she ain't my type, yeah\n40 on my wrist\nWhat a damn life, yeah", "image": "https://images.genius.com/69b55f92b10c21fed0f8fe639621d7b0.500x500x1.jpg"}], "artist": "Yung Gravy & bbno$"}