{"songs": [{"title": "Kyrie", "album": "88GLAM", "year": "2017-11-07", "lyrics": "[Intro: 88 Camino]\nRollie, Rari, wrist\nRari, Rollie, switch\n\n[Chorus: 88 Camino]\nSauce 'em up like Kyrie, yeah\nRollie, Rari, wrist\nRari, Rollie, switch\nGuacamole Lambo with the artichoke dip\nRollie, Rari, wrist\nRari, Rollie, switch\nGuacamole Lambo, yeah\nSauce 'em up like Kyrie, yeah\n\n[Post-Chorus: Derek Wise]\nThese days I been dead, got no feelings\nLeft behind my ex, movin' forward, drop the ceiling\nForeign going skrt, diamond choker, got no freedom\nI don't want no love, do 'em dirty, I mislead em\n\n[Verse 1: Derek Wise]\nTracking shipment on my purchase, copped a Rollie\nDid that cause I made a 100 on my lonely\nIf I ain't sitting in a foreign, I get cold feet\nShit on niggas that would ever lil bro me\nWho knew that gettin' money, sitting in the fast lane\nCould make a ho go switch it up to get that last name\n20 racks in money counter, look like fast frame\nRich forever, Glam Boy be thinking past fame\nBuy a bitch Chanel, brand new pair of heels\nJust so she could shit all on my ex, she kiss and tell\nPoppin' all these pills, I been on a thrill\nDouble cup gon' hold me up, I pray that I don't spill\nI drown away in all my ice, my neck a glacier\nI don't stress, I take a trip, don't got no neighbors\nAll my enemies come back and ask for favors\nAnd all my ex's come around when they see paper\n\n[Chorus: 88 Camino]\nSauce 'em up like Kyrie, yeah\nRollie, Rari, wrist\nRari, Rollie, switch\nGuacamole Lambo with the artichoke dip\nRollie, Rari, wrist\nRari, Rollie, switch\nGuacamole Lambo, yeah\nSauce 'em up like Kyrie, yeah\n\n[Post-Chorus: Derek Wise]\nThese days I been dead, got no feelings\nLeft behind my ex, movin' forward, drop the ceiling\nForeign going skrt, diamond choker, got no freedom\nI don't want no love, do 'em dirty, I mislead em\n\n[Verse 2: 88 Camino]\nYeah, you talk about your block like it\u2019s popping there\nYeah, you talk about that block, but you're not from there\nYeah, you talk about your block like it\u2019s popping there\nYeah, you talk about that block, but you're not from there\nI\u2019m on your block like papa bear\nYou got Harleys, but no choppers there\nI\u2019m a block boy, you\u2019re an opp boy\nI\u2019m a hot boy, I\u2019m a hot boy\nI got the codeine cases (yeah)\nYou thought that this star faded (yeah)\nDiamond ring is a spaceship (yeah)\nThe Maybach back spacious (yeah)\nShe keep poppin' for your highness (yeah)\nIt\u2019s not me reacting, it's my sinus\nRoll up on you like dices\nAss back off the bike is\nWhy the future looks brightest\nStart sprinkling spices\nTest me, I might bite it\nI been on my Mike Tyson\nJetski on ice\nWith the Gretzky slice\n\n[Chorus: 88 Camino]\nSauce 'em up like Kyrie, yeah\nRollie, Rari, wrist\nRari, Rollie, switch\nGuacamole Lambo with the artichoke dip\nRollie, Rari, wrist\nRari, Rollie, switch\nGuacamole Lambo, yeah\nSauce 'em up like Kyrie, yeah\n\n[Post-Chorus: Derek Wise]\nThese days I been dead, got no feelings\nLeft behind my ex, movin' forward, drop the ceiling\nForeign going skrt, diamond choker, got no freedom\nI don't want no love, do 'em dirty, I mislead em", "image": "https://images.genius.com/b4c3804d105c45bae4444a238d6ee7a9.1000x1000x1.jpg"}], "artist": "88GLAM"}