{"songs": [{"title": "12", "album": "88GLAM", "year": "2017-11-01", "lyrics": "[Verse 1: Derek Wise]\nI'm just ballin' with my chick, ayy\nDrive through Collins with my chick, ayy\nGot her hands all on my drink, ayy\nLet her take a couple sips, ayy\nPlay my roll because she lit, ayy\nCartier all on her wrist, ayy\nUnder pressure, she don't switch, ayy\nAll that pressure, now we gliss, ayy\n\n[Chorus: 88Camino & Derek Wise]\nSanta Claus, don't trust no elves\nFuck you mean? I barely trust myself\nCome outside in my Jordan 12\nIf I see 12, I'm doin' 12\nAyy, goddamn, they couldn't stand you\nNow you pullin' up, different cities, they demand you\nCodeine in my cup, blink as fuck, actin' brand new\nNumbers goin' up, countin' up what I ran through\n12, come outside in my Jordan 12\nIf I see 12, I'm doin' 12\nGoddamn, they couldn't stand you\nNow you pullin' up, different cities, they demand you\n12\n\n[Verse 2: Derek Wise]\nI'ma kiss my bitch goodbye\nRight back all on that block, I scale it with my eyes\nDodgin' warrants made a nigga feel alive\nWhat would I do to buy Rick Owens? No surprise\nHey, I was stretchin' like a jeweler (Like a jeweler)\nCan't measure up, my money dirty like my Ruger\nGoogle me, ain't got no patience for the rumors\nDon't play with fire, yeah that youngin' like a kuma\n\n[Verse 3: 88Camino]\nShe got a trunk on her, but she gave me headlight\nWhen I'm blue she get nude in the red light\nWhen the head's good when I go to bed good (Nothin' wrong)\nWhen the head's good usually when the bread's good (Nothin' wrong)\nI'm comin' down slow like a parachute, shawty\nI could put forever into context, shawty\nKnow you got a man but he embarrass you, shawty\nYeah, we should cut him like we on set, shawty\n\n[Chorus: 88Camino & Derek Wise]\nSanta Claus, don't trust no elves\nFuck you mean? I barely trust myself\nCome outside in my Jordan 12\nIf I see 12, I'm doin' 12\nAyy, goddamn, they couldn't stand you\nNow you pullin' up, different cities, they demand you\nCodeine in my cup, blink as fuck, actin' brand new\nNumbers goin' up, countin' up what I ran through\n12, come outside in my Jordan 12\nIf I see 12, I'm doin' 12\nGoddamn, they couldn't stand you\nNow you pullin' up, different cities, they demand you\n12", "image": "https://images.genius.com/b4c3804d105c45bae4444a238d6ee7a9.1000x1000x1.jpg"}], "artist": "88GLAM"}