{"songs": [{"title": "800db cloud", "album": "1000 gecs", "year": "2019-05-31", "lyrics": "[Intro: Laura Les]\nHe said, \"I love you,\" on the plane\nI said, \"I love you too\"\nHe said, \"Everything is different now, everything has changed\nAlways on a plane, always something new\"\nI said, \"Nothing's new, nothing\u2019s changed, I still need you\"\nI'm 'bout to hit the boof\nSmokin\u2019 somethin' new\n\n[Verse 1: Dylan Brady]\nNo rules, then I smoke, then it's all gone\nHit that G so hard that I fall off\nTaking shots in the dark, that's a bad call\nGoing straight for your head, gotta saw it off\n(Go, go, go, go, go)\nI got a bag on the way\n(Go, go, go, go, go)\nSmokin' a zip in a day\n(Go, go, go, go, go)\nWhat were you trying to say?\n(Go, go, go, go, go)\nMaking it up on the way\n\n[Verse 2: Laura Les]\nI never say what I need, when I need you\nNever say what I need, when I need you\nI'm good on the weed but I need you\nI might hit the weed, I might hit the boof\nI'm addicted to Monster, money, and weed, yeah\nI'm blowin\u2019 clouds so loud, you can\u2019t fuckin' see, yeah\nI\u2019m addicted to everything that I see, yeah\nI'm addicted to making money off weed, yeah\nI might go and throw my phone into the lake, yeah\nIt ain't hard to quit caring what you think, yeah\nBurnt me one too many times like a tree, yeah\nNow there's fire raining down on your screams, yeah\n\n[Outro: Laura Les and Dylan Brady]\nOhhhh\nYeah\n(AAAAAAAA)\nI hit the big boof then it\u2019s all gone\n(AAAAAAAA)\nI hit the big boof then it's gone\n(AAAAAAAA)\nI hit the big boof and the weed, yeah\n(AAAAAAAA)\nI hit the big boof then it's gone\nJust shut the fuck up, where's the weed at?\nJust shut the fuck up, where's the weed?\nJust please fuck me up, where's the weed at?\nJust shut the fuck up", "image": "https://images.genius.com/411e3fa393a7bcb50368b5d2e3e1489a.1000x1000x1.jpg"}], "artist": "100 gecs"}