{"songs": [{"title": "Cake", "album": "88GLAM", "year": "2017-11-07", "lyrics": "[Pre-Chorus: 88 Camino]\nStandards come in doubles, that goes on forever\nHow could she be loyal when she love me for my sweater\nDedicated cheat (yeah, yeah, yeah), maybe I\u2019m just spoiled\nClucking in my coupe, Birds is clapping like anoya\nCake!\n\n[Chorus: Derek Wise & 88Camino]\nTook her on a double date (yeah, yeah, yeah)\nGirl, you know it ain\u2019t your birthday\nBut you throwing me the cake\n(Throwing me the cake)\nToo much sauce up on my plate\nI be floating in that foreign\nI finesse for my filet\n(Throw-throwing me the cake)\nTook her on a double date\nGirl, you know it ain\u2019t your birthday\nBut you throwing me the cake\n(Throwing me the cake)\nToo much sauce up on my plate (yeah, yeah, yeah)\nI be floating in that foreign\nI finesse for my filet\n(Throwing me the cake)\n\n[Verse 1: Derek Wise & 88Camino]\nDouble cup gon' hold me up, I pray that I don\u2019t spill\nChopper on my partner, you know he be trained to kill (pew, pew)\nPull up to the club with 20 racks in dollar bills\nShe go down the pole, Glamboy paying all her bills\n(Throwing me the cake)\nShe gone make some shake, money she gone rake (then we)\nBalling like McGrady, finessing every play (woo)\nPull up to the Ace (and then we) order up the Spades\nPull out in the Range (skrr), she sliding to my place\n(Throwing me the cake)\nPiece together my whole night, God damn, that shit was real\nThrowing all these bands, molly rock all in my pill\nShawty focused, gonna get it, finna make a couple mill (yeah, yeah, yeah)\nShe be twerking on a nigga like he about to sign a deal\n(Throwing me the cake)\n\n[Pre-Chorus: 88 Camino]\nStandards come in doubles, that goes on forever\nHow could she be loyal when she love me for my sweater\nDedicated cheat (yeah, yeah, yeah), maybe I\u2019m just spoiled\nClucking in my coupe, Birds is clapping like anoya\nCake!\n\n[Chorus: Derek Wise & 88Camino]\nTook her on a double date (yeah, yeah, yeah)\nGirl, you know it ain\u2019t your birthday\nBut you throwing me the cake\n(Throwing me the cake)\nToo much sauce up on my plate\nI be floating in that foreign\nI finesse for my filet\n(Throw-throwing me the cake)\n\n[Verse 2: 88 Camino]\nStory of my life and how I got it (how I got it)\nI\u2019m not being ignant, I\u2019m just popping (I'm just popping)\nStory up, we know it's not exotic (not exotic, yeah)\nStory up, my nigga how about it?\nI don\u2019t bring no sand to the beach\nFall in love when I\u2019m rolling off a bean\nI\u2019m from the streets, but your man industry (yeah, yeah, yeah)\nYou mad at me 'cause your man isn\u2019t me (throwing me the cake)\nYeah, my soul done turned to black (soul done turned)\nThis the second Audi that I crashed (second Audi)\nThe concept of your ass I try to grasp (yeah, yeah, yeah)\nI\u2019m just keep on swiping 'til its maxed (yeah, yeah, yeah)\n(Throwing me the cake)\n\n[Pre-Chorus: 88 Camino]\nStandards come in doubles, that goes on forever\nHow could she be loyal when she love me for my sweater\nDedicated cheat (yeah, yeah, yeah), maybe I\u2019m just spoiled\nClucking in my coupe, Birds is clapping like anoya\nCake!\n\n[Chorus: Derek Wise & 88Camino]\nTook her on a double date (yeah, yeah, yeah)\nGirl, you know it ain\u2019t your birthday\nBut you throwing me the cake\n(Throwing me the cake)\nToo much sauce up on my plate\nI be floating in that foreign\nI finesse for my filet\n(Throw-throwing me the cake)\nTook her on a double date\nGirl, you know it ain\u2019t your birthday\nBut you throwing me the cake\n(Throwing me the cake)\nToo much sauce up on my plate\nI be floating in that foreign\nI finesse for my filet\n(Throwing me the cake)", "image": "https://images.genius.com/b4c3804d105c45bae4444a238d6ee7a9.1000x1000x1.jpg"}], "artist": "88GLAM"}