{"songs": [{"title": "Boasy", "album": null, "year": "2018-06-29", "lyrics": "[Verse 1: Avelino]\nI'm from a mad place\nGet your act together\nGet your act straight\nUh\nImagine Biggie never had Faith\nI felt like Diddy when the cash came\nI'm doing numbers now\nAll these notes man\nI never had 100 pounds\nI was 23 with a hundred thou'\nI ain't playing with chips\nPut a hundred down, everytings changed\n4 by 4s, everyting's range\nI don't chase girls\nOnly Henny gets chase\nWhen then wanna wave at us\nWe get waved\nAnd that's everyday\nCause I remember being broke\nI remember having joke girls take me for a joke\nHood scary\nAnd now I pull up in the ghost\nI'm just boasy, I don't boast\nLet's make a toast\n\n[Chorus: Not3s]\nBoasy\nI don't boast I'm just boasy\nLet's make a toast and get poury\nDrink it up for my story\nMy story\nLike surely\nI remember days I was poorly\nEveryone try ignore me\nNow I'm living life boasy\nSo boasy\nYeah\n\n[Verse 2: Not3s]\nI been dreamin' of this\nEven through the days they didn't believe in the kid\nHow could I take a break\nWhen I'm tryna make\nMy fam move from the fiends and the bits\nI can never stop don't be silly, don't be silly\nIf there's any problems then my bro's are getting drilly\nBut we smiling now, cause we great\nShutdown Libertine and got tay\nAh, yes, aye, aye\nIf you know you're proper\nPut your bottles in sky-iy-yi\nLift it up high in the air, lift it up high in the air\nIn the air, air, yeah\nI'm nice\nSauce forever dripping man I know I never dry\nMan I'm so high in the air\nMan I'm so high in the air\n\n[Chorus: Not3s]\nBoasy\nI don't boast I'm just boasy\nLet's make a toast and get pory\nDrink it up for my story\nMy story\nLike surely\nI remember days I was poorly\nEveryone try ignore me\nNow I'm living life boasy\nSo boasy\nYeah\n\n[Bridge: Avelino & Not3s]\nI remember having nothing\nBut I still had to share it with my brothers\nI switched it quick, my gear got to shifting\nNow I only chill with the piff tings\nNow I'm high off of life\nI don't even smoke and I'm buzzing\nBut I do, I'm high off the spliff ting\nI'm sorry mum, if you're listening\n\n[Chorus: Not3s]\nBoasy\nI don't boast I'm just boasy\nLet's make a toast and get pory\nDrink it up for my story\nMy story\nLike surely\nI remember days I was poorly\nEveryone try ignore me\nNow I'm living life boasy\nSo boasy\nYeah", "image": "https://images.genius.com/2b9dc4e0c933baf9702e7399b5d618c4.500x500x1.jpg"}], "artist": "Avelino"}