{"songs": [{"title": "Wrong Side of Da Tracks", "album": "Between a Rock and a Hard Place", "year": "1994-10-25", "lyrics": "[Verse One: Tame One]\nI'm out to bomb like Vietnam under the same name Tame One\nThe bad one, ink flow master bastard with the Magnum\nI tags up quick and then I steps to the exit\nWhen it's time to get sefted or flex on some fresh shit\nSome wack crook stole my black book I know who took it\nI know his whole tag because the fag writes his name crooked\nThe ink I use might stink but you gotta think\nI got my props Hoppes 'cause my tags don't shrink\nI'm tagging and bagging bitches cause my name is famous in the street\n'Cause they know my name's from cruising in the Jeeps\nSo yo grab a can and put your man up and stand up\nFor the fresh never stale niggas off the third rail\nDeep dark and black like the Magnum I pack\nIt's that Artifacts chat from the wrong side of da tracks\n\n[Chorus: repeat 2X]\nThe Artifacts are from the wrong, side of da tracks\nThe Artifacts are from the wrong side\n\n[Verse Two: El Da Sensai]\nI load my backpack with spray paints and markers to spark the\nTag I never drip, I catch the path, take a trip\nTo the train yards and think back, when I used to write that\nShit that used to hit, had all the mad color tips\nBreaking was my thing I used to spin the back\nI never thought I'd spin the wax with tracks to make your hands clap\nI could've went the other way but no haps\nI got my dap on the map with the Bic down to a spray cap\nNiggas used to doubt to my clout but now I turn em out\nThey shout my shout out uptown like they wanna be down\nAvoid the crowds that wanna stab me in the back enough of that\nWatch the third rail track 'cause I don't wanna get zapped\nPieces I burn to show my name no shame\nDon't wanna put the blame down on my nigga Tame\nBrothers don't wanna see me grow to get my cash flow\nI have no remorse, so check me out in The Source\n\n[Chorus: repeat 2X]\nThe Artifacts are from the wrong, side of da tracks\nThe Artifacts are from the wrong side\n\n[Verse Three: Tame One & El Da Sensai]\nI burn my name up quick like a Thai stick\nAs red as my eyes get I still rocks the fly shit\nBack with some ultra flat black catchin wreck in a sec\nWet paint, ain't shit, when I'm on the set\nI'm live like the third rail, on time like a PATH train\nThe name Tame alone got fame so fuck a last name\nI tags mad when I drag a fat sack of ism\nComin out with New Editions like Mike Bivins\nI get a sticker from my nigga with the bag of em\nWrite my name on em then I peel off the back of em\nAnd stick em to victims of underground systems\nLet the toys bring the noise, me and my boys are gonna diss em\nIn conclusion don't snooze when two niggas from the Jerz\nKick the mad graffiti slurs and kick the bass to the curb\nThe Artifacts Jack, bringin the art of facts back\nSome seem to forget about the ebony that caught wreck\nSo remember this you're tender when you slip in to enter\nThe Artifacts zone cause graffiti's still prone\nTo kick ass pizazz slash let me tag\nWhy is that black? Because the wack jack was known as a fag\nSo don't cross the path that's the gat to your back\nThe Artifacts out, wrong side of da tracks\n\n[Chorus: repeat 2X]\nThe Artifacts are from the wrong, side of da tracks\nThe Artifacts are from the wrong side", "image": "https://images.genius.com/792ea74da4d3ad69dbb3c81d7b143754.599x600x1.jpg"}], "artist": "Artifacts"}