{"songs": [{"title": "\u200blike that", "album": "aurora", "year": "2017-06-02", "lyrics": "[Verse 1]\nCan see it from the way you looking at me\nYou don't think I'm worth your time\nDon't care about the person that I might be\nOffended that I walk the line\n\n[Pre-Chorus]\nSo what if I'm not\nSo what if I'm not everything you wanted me to be?\nSo what if I am\nSo what if I am more than you can see?\n\n[Chorus]\nWhen you treat me like that, when you treat me like that\nIt's pushin' me harder, it's pushin' me harder\nWhen you breakin' my back, when you breakin' my back\nI only get stronger, I only get stronger\nI should've walked away one year ago\nWhen you said I wouldn\u2019t make it out alive\nWhen you treat me like that, when you treat me like that\nI only get stronger, I only get stronger\nWhen you treat me like that\n\n[Verse 2]\nAs far as I can tell, it's kinda crazy\nThat you even care at all\nConvincing everybody you can save me\nBut you're the one who made me fall\n\n[Pre-Chorus]\nSo what if I'm not\nSo what if I'm not everything you wanted me to be?\nSo what if I am\nSo what if I am more than you can see?\n\n[Chorus]\nWhen you treat me like that, when you treat me like that\nIt's pushin' me harder, it's pushin' me harder\nWhen you breakin' my back, when you breakin' my back\nI only get stronger, I only get stronger\nI should've walked away one year ago\nWhen you said I wouldn\u2019t make it out alive\nWhen you treat me like that, when you treat me like that\nI only get stronger, I only get stronger\nWhen you treat me like that\n\n[Bridge]\nWhy you wanna see me bleed?\nWhy you wanna watch me fall apart?\nTry to find the worst in me\nBut I won't follow you into the dark\n\n[Chorus]\nWhen you treat me like that, when you treat me like that\nIt's pushin' me harder, it's pushin' me harder\nWhen you breakin' my back, when you breakin' my back\nI only get stronger, I only get stronger\nI should've walked away one year ago\nWhen you said I wouldn\u2019t make it out alive\nWhen you treat me like that, when you treat me like that\nI only get stronger, I only get stronger\nWhen you treat me like that", "image": "https://images.genius.com/cfc6f1300f59daa9a9ccb85f9eb215c5.1000x1000x1.jpg"}], "artist": "Bea Miller"}