{"songs": [{"title": "S.L.U.T.", "album": "aurora", "year": "2017-10-06", "lyrics": "[Verse 1]\nI love myself, I wanna see it\nWhen I turn around, look in the mirror\nAnd if you don't like it, you can leave it\n'Cause it's my own and I'll keep owning it\nIf you don't like what I'm wearing\nWell, you're only bothered 'cause you're staring\nAnd you'll never talk me into caring\n'Cause it's my own and I'll keep owning it\n\n[Pre-Chorus]\nI'ma do just what I want on the regular\nAnd it's really not my fault if you're scared of a\n\n[Chorus]\nSweet little unforgettable thing, unforgettable\nSweet little unforgettable thing, so incredible\nNo and I'm not sorry, I'm just loving my body\nI don't care if you scared of a sweet little unforgettable thing\n\n[Verse 2]\nI love my ass, I wanna shake it\nYou can thank my mama 'cause she made it\nDon't you waste your breath tryna change it\nJust mind your own and I'll keep owning it\nWe gotta learn to stick together\nLove your color, gender or whatever\n'Cause your happiness don't need a censor\nJust mind your own and we'll keep owning it\n\n[Pre-Chorus]\nI'ma do just what I want on the regular\nAnd it's really not my fault if you're scared of a\n\n[Chorus]\nSweet little unforgettable thing, unforgettable\nSweet little unforgettable thing, so incredible\nNo and I'm not sorry, I'm just loving my body\nI don't care if you scared of a sweet little unforgettable thing\n\n[Bridge]\nShame, shame, shame on me, shame, shame, shame\nShame on me, baby, I ain't gon' change\nShame, shame, shame on me, shame, shame, shame\nShame on me, baby, I ain't gon' change (No, no, no)\n\n[Chorus]\nSweet little unforgettable thing, unforgettable\nSweet little unforgettable thing, so incredible\nNo and I'm not sorry, I'm just loving my body\nI don't care if you scared of a sweet little unforgettable thing\n\n[Outro]\nShame, shame, shame on me\nShame on me, baby\nShame, shame, shame on me\nShame on me, baby\nSweet little unforgettable thing", "image": "https://images.genius.com/585943da5d2a6d8b4c45cb5520c5c53d.1000x1000x1.jpg"}], "artist": "Bea Miller"}