{"songs": [{"title": "Heavy Camp", "album": "2.23", "year": "2018-02-23", "lyrics": "[Intro: Travis Scott]\nAh-ah, ah\nYeah\nAh-ah\nAh-ah, ah-ah\n\n[Chorus: Travis Scott]\nYeah, woah, drop a six, make me trip (it's lit)\nWoah, for my dawg, hit a lick (straight up)\nWoah, Heavy Camp with the clique (alright)\nWoah\nUh, uh, uh, Juvenile off the mix (yah)\nAyy, break it down, make it dip (yeah-eah)\nAyy, off top, off the rip (yeah-eah)\nAyy (ooh)\n\n[Verse 1: Blac Youngsta & Travis Scott]\nI won't forget how they shitted on me (ooh)\nHow they quitted on me (ayy, ah-ah, ooh)\nUh, uh, uh\nAll these hundreds on me\nI be runnin' to that money, nothin' but gunnas 'round me\nI be runnin' with them gunnas (straight up, it's lit)\nFuck it up, bitch called my phone trippin', I hung up\nI'ma fire this bitch if he run up\nEverybody 'round me gettin' some money\nI'll slide out for my dawgs, and I'm sellin' dope 'til the Sun up\n\n[Refrain: Travis Scott]\nAnd I'm glad I found you\nI'm glad I found you\nI'm glad I found you\nGlad I found you\nGlad I found you\nGlad I found you\n\n[Chorus: Travis Scott]\nYeah (ayy), drop a six, make me trip (it's lit)\nWoah, for my dawg, hit a lick (straight up)\nWoah, Heavy Camp with the clique (alright)\nWoah\nUh, uh, uh, Juvenile off the mix (yah)\nAyy, break it down, make it dip (yeah-eah)\nAyy, off top, off the rip (yeah-eah)\nAyy (ooh)\n\n[Verse 2: Blac Youngsta & Travis Scott]\nWrist, Patek, 40 layin' on the set\nI eat, you eat, told my nigga we gon' eat\nI ain't gotta stand in front of grandma's house\nAnd sell dope 'cross the street no more\nShout out everybody who ever hated on me\nOr turned their back on me before\nFire shots, I'ma fire back (uh)\nLie to me, I'ma lie back (uh)\nTwo wrongs don't make a right\nI don't give a fuck about that\nUh, uh, uh, uh\nThey mad 'cause I'm rich (uh, uh)\nI might go and fuck my hater's bitch\nWhole lot of ice on my wrist (yeah)\nFor my dawg, I'll hit a lick\n\n[Refrain: Travis Scott]\nAnd I'm glad I found you\nI'm glad I found you\nI'm glad I found you\nGlad I found you\nGlad I found you\nGlad I found you\n\n[Chorus: Travis Scott]\nYeah (ayy), drop a six, make me trip (it's lit)\nWoah, for my dawg, hit a lick (straight up)\nWoah, Heavy Camp with the clique (alright)\nWoah\nUh, uh, uh, Juvenile off the mix (yah)\nAyy, break it down, make it dip (yeah-eah)\nAyy, off top, off the rip (yeah-eah)\nAyy\n\n[Outro: Blac Youngsta & Travis Scott]\nAh-ah, ah, ah-ah\nAh-ah, ah-ah, ooh\nI won't forget how they shitted on me (straight up)\nHow they quitted on me (straight up)\nAh, ooh", "image": "https://images.genius.com/ee69076f1ce4965485804f46122faf1c.730x730x1.jpg"}], "artist": "Blac Youngsta"}