{"songs": [{"title": "L$D", "album": "AT.LONG.LAST.A$AP", "year": "2015-05-21", "lyrics": "[Verse]\nI know I dream about her all day\nI think about her with her clothes off\nI'm ridin' 'round with my system bumpin' LSD\nI look for ways to say \"I love you\"\nBut I ain't into makin' love songs\nBaby, I'm just rappin' to this LSD\nShe ain't a stranger to the city life\nI introduced her to this hippy life\nWe make love under pretty lights, LSD (Acid)\nI get a feelin' it's a trippy night\nThem other drugs just don't fit me right\nGirl, I really fuckin' want love, sex, dream\nAnother quarter to the face system\nMake no mistakes, it's all, a leap of faith for love\nIt takes a place in, feelin' that you crave doin' love, sex, dreams\n\n[Chorus]\nIt started in Hollywood\nDreamin' of sharin' love\nMy tongue at a loss for words\nCause my feelings just said it all\nParty just started up\nDreamin' of sharin' worlds\nHeld this feeling for way too long\nSaid, \"I really wanna let it go\"\n\n[Bridge 1]\nI've been gettin' fly because the gimmick's so dope\nI've been getting high cause I figured Lord told me\nI've been drinking, driving, now we'll never go home\nI gon' stay in doubt because the weather's so cold, oh\n\n[Bridge 2]\nFeeling low sometimes when the light shines down\nMakes me high\nCan you feel it?\nCan you feel it?\nFeeling low sometimes when the light shines down\nMakes me high\nCan you feel it?\nCan you feel it?\n\n[Chorus]\nIt started in Hollywood\nDuh, duh-duh\nDreamin' of sharin' love\nDuh, duh-duh\nMy tongue at a loss for words\nCause my feelings just said it all\n\n[Outro]\nI look for ways to say, \"I love you\"\nBut I ain't into makin' love songs\nBaby, I'm just rappin' to this LSD", "image": "https://images.genius.com/19334c7066ac6b6181eb3369786635ac.1000x1000x1.jpg"}], "artist": "A$AP Rocky"}