{"songs": [{"title": "Chase", "album": null, "year": "2017-06-27", "lyrics": "[Chorus: AJ]\nYeah\nGrowing up my momma raised me\nTold me chase the money not the ladies\nNow im making money and the ladies\nBeing young growing up's crazy\nThey just want to walk in my shoes\nIf the shoe dont fit don't try to\nYeah\nThey just want to be like me\nBut they can't do what I do\n\n[Verse 1: Deno]\nFreestyle on the playground\nNever thought a day like this would've came round\nNow i'm making muller everyday\nAnd the girls on my line say D can you come round\nHold up, let me change the flow\nHold up, now they wanna know about me\nI gotta keep it moving ain't no stoppin me\nSee im never wasting time\nAll the girls know what im like\nAnd I know they like my grind\nThats why they be on my line\nDon't waste my time now calling my line no no no\nI got to keep it moving ain't no stoppin' me\n\n[Chorus: AJ]\nYeah\nGrowing up my momma raised me\nTold me chase the money not the ladies\nNow im making money and the ladies\nBeing young growing up's crazy\nThey just want to walk in my shoes\nIf the shoe dont fit don't try to\nYeah\nThey just want to be like me\nBut they can't do what I do\n\n[Verse 2: Deno]\nComing up i gotta get it on\nSpeeding done the lane i can't move slow\nShe wanna put her body on me\nI leave it lonely but it's heading from the get-go\nBieng young growing up's crazy\nBieng me living life's wavey\nThey already know where im about to go\nIt's every single day\nIm on a brand new wave\nThere's nothing more to say\nApart from bieng there\nYes every single day\nIm on a brand new wave\nThere's nothing more to say\nApart from bieng there\n\n[Chorus: AJ]\nYeah\nGrowing up my momma raised me\nTold me chase the money not the ladies\nNow im making money and the ladies\nBeing young growing up's crazy\nThey just want to walk in my shoes\nIf the shoe dont fit don't try to\nYeah\nThey just want to be like me\nBut they can't do what I do\n\n[Verse 3: AJ]\nDone taking Ls for a life time\nBoys get gassed in the limelight\nLimit to the tension, to the runs out\nYou should really know how life's like\nMan I've always been a man of the P's\nBut my man on the peace, wanna roll with the P's\nAnd they don't really understand the streets\nWhen we take a mans life, there's no resting in peace\n\n[Chorus: AJ]\nYeah\nGrowing up my momma raised me\nTold me chase the money not the ladies\nNow im making money and the ladies\nBeing young growing up's crazy\nThey just want to walk in my shoes\nIf the shoe dont fit don't try to\nYeah\nThey just want to be like me\nBut they can't do what I do", "image": "https://images.genius.com/6f4233429faee59fdc838a71a96e397a.1000x1000x1.jpg"}], "artist": "AJ x Deno"}