{"songs": [{"title": "Everything", "album": "Pandemonium!", "year": "2002-09-05", "lyrics": "E-v-e-r-y-t-h-i-n-g\nE-v-e-r-y-t-h-i-n-g\n\n[verse 1:]\nWhen I'm out on the road\nGoing from show to show\nTold my homie romeo\nHow much I miss you so\nI don't know how much longer it'll be\nI'm missing you, wanting you\nAnd I really want to talk to you\n(Oh no) I left my 2-way at home\nStill sitting on the charger\n(Oh no) my battery is dead on my cell phone\nAnd I really want to call ya\nJ-boog gotta let me use your phone\nGotta call my baby back home\nLet her know what she means to me\nCause we gotta be\n\n[Chorus 2x:]\nYour my (your my) angel (angel)\nYour my (your my) heart girl\nCause your my everything (your everything I want in a woman)\nGirl your my everything (your everything I need in a woman)\n\n[verse 2:]\nI got cha on the phone\nYou saying you wish I was home\nBut then you flip the script\nTryna put me in the wrong\nAnd you think I'm lying when I been trying all day to talk to you\nJuggling videos and photo shoots\n(Baby girl don't think) that when your calls go by and by I don't really want to call ya\n(Don't think) got me screening my calls while checking my caller I'd tryna dodge ya girl\nTrying be all I can be\nA young man in this industry\nYou mean the world to me\nYou are my everything I\n\n[Chorus 2x:]\nYour my (your my) angel (angel)\nYour my (your my) heart girl\nCause your my everything (your everything I want in a woman)\nGirl your my everything (your everything I need in a woman)\n\n[hook:]\nGirl\nI want you to know\nNothing will come between you and me\nGirl I want you to know\nYou'll always be\nMy everything\n\n[rap:]\nBaby girl I'm missing\nCan't wait to get home so I can hold you\nPlanets loves when it comes to you\nFaithful and true is what I stay to you\nYour my homie when I chill with you\nThrow on some sweats with some nike shoes\nAll gifts are diddy from me\nLouie skirt with the mini tee\nSee times been hard for me\nBeing on the road without my wifey\nLookin at my watch as the time go by\nLookin at the skies as the days go by\nWishing on these days you could fly\nTil the next time you'll be by my side\nFor you I ride\nFor you I ride\nMe and you girl like bonnie and clyde\n\n[Chorus 2x:]\nYour my (your my) angel (angel)\nYour my (your my) heart girl\nCause your my everything (your everything I want in a woman)\nGirl your my everything (your everything I need in a woman)", "image": "https://images.genius.com/9d506ed6ae8ee5422fe230f2c40e08ff.945x945x1.jpg"}], "artist": "B2K"}