{"songs": [{"title": "When Will I See You Smile Again?", "album": "Poison", "year": "1991-01-04", "lyrics": "[Intro]\nI'm so sorry baby, I never meant to hurt you\nPlease forgive me\nLa da da da da da da La da da da da da da da da oh ho\n\n[Verse 1]\nTears I see drop from your eyes, Tell me why you cry\nGuilt I feel when you look at me, Did I let you down\n\n[Bridge]\nGirl, you see that I, I apologize\nTell me what to do, to get through to you\nGirl, it's not the same\nI know I was to blame, Just tell me when will I\nSee you smile again\n\n[Hook]\nTell me when will I see you smile again\nCause I know I messed up baby (Oh)\nAnd I know you're fed up (Ooh) sugar (Hey hey)\nTell me when will I see you smile again (Oh, oh, oh)\nCause I know I messed up, baby, and I know you're fed up sugar\n\n[Verse 2]\nPromises I know I made many times before, and I broke each one of them\nBut I had to learn over and over again\nDon't hurt the one you love\n\n[Bridge]\nGirl, you see that I, I apologize\nTell me what to do, to get through to you\nGirl, it's not the same\nI know I was to blame, Just tell me when will I\nSee you smile again\n\n[Hook]\nTell me when will I see you smile again\nCause I know I messed up baby (Oh)\nAnd I know you're fed up (Ooh) sugar (Hey hey)\nTell me when will I see you smile again (Oh, oh, oh)\nCause I know I messed up, baby, and I know you're fed up sugar\n\nLook baby, Listen\nPlease forgive me for all the wrong I've done\nYou see I just can't understand, why I keep making\nThis same kind of mistake over and over again\nBut there's one question that remains in the back of my mind now\nAnd that is...\nWhen will I see you smile again?\n\n[Hook]\nTell me when will I see you smile again (baby we can talk it over)\nCause I know I messed up baby (baby we can work it out)\nAnd I know you're fed up sugar\nTell me when will I see you smile again\nCause I know I messed up baby\nAnd I know you're fed up sugar (Is there something I can do, hey, hey, hey, hey)\nTell me when will I (Oh) see you smile (Ooh) again\nCause I know I messed up baby\nAnd I know you're fed up sugar\nTell me when will I see you smile again\nCause I know I messed up baby", "image": "https://images.genius.com/c8ac5ba4d9f0a357c4ebf583b5b81178.600x600x1.jpg"}], "artist": "Bell Biv DeVoe"}