{"songs": [{"title": "Rather Unique", "album": "Doe or Die", "year": "1995-10-10", "lyrics": "[Scratches in the intro and Chorus by Pete Rock]\n[A sample of the Onyx classic \"Slam\" is heard in the background of the intro and the Chorus]\n\n[Intro: Pete Rock]\nRock the house (rock the house...)\nEast New York, East New York\nEast New York, East New York\nUhh, East New York, East New York\nEast New York, East New-York\nTo my nigga AZ, hit it off\n\n[Verse 1: AZ]\nWe was already molded into people's minds as mulignanes\nNow we more fucks'd up with a mayor named Giuliani\nYou can try to blind me, analyze but can't define me\nMy mind's divine, heavily entwined with Gandhi's\nFar from feeble, I leave your nostrils hard to breathe through\n'Cause my cerebrals are more of a higher plane than the Hebrews\nMy mic devotion brings out my deepest emotions\nOverdosin' wannabes posin', sendin' them through convulsions\nToo hard to follow, you took a bite but couldn't swallow\nYour mind's boggled\nBut I'm as deep as Donald Goines novels\nMy whole persona's kinda laid back like a recliner\nAnd since a minor, I been fuckin' with marijuana\nWavy-hair, my skin got a money gettin' glare\nStrictly menace wear, mackin' off a Guinness beer\nSo, where it all begins is here\nDestiny and me finally meet\nSo, how can I be weak? I'm rather unique\n\n[Refrain: Big Daddy Kane sample & Pete Rock]\nWhy, why, why I'm rather unique\nSo check it out why I'm rather unique\nSo check it out why, why, I'm rather unique\nSo check it out why I'm rather, rather rather unique\nSo check it out why I'm rather unique\nJust check it out why I'm, why, why I'm rather unique\nSo check it out why, why, why I'm rather unique\nAZ check him out, one time why, why, why I'm rather unique\n\n[Verse 2: AZ]\nMy verbals rip shit, brains give birth to thoughts in triplets\nFuck it, I'm on some flip shit, ready to let my clip spit\nDramatical, vocals release shells like automatics do\nMusic's magical, causin' any battles to be tragical, child\nGot a style sick as hell, sicker than sickle cell anemia\nSlaughter your circulatory like leukemia\nFilled with larceny, who want parts of me? I'm vicious\nMad malicious 'cause it's real on this road to riches\nI got this mastered, other rappers'll graft it, weak and wicked\nCamouflagin' as killers; how they speak and kick it\nPeep this uniqueness, non-believers I'm leavin' speechless\nLeft to choke as if skunk smoke was comin' through the speakers\nSurgically nice with any verbal device\nTrife, breathin' life into mics\nMy eyesight's beyond the twilight\nSo, die or fight, no surrender, no retreat\nTechniques speak, I'm rather unique\n\n[Refrain: Big Daddy Kane sample & Pete Rock]\nSo check it out why I'm rather unique\nUhh why, why, I'm rather unique\nEast New York, East New York why, why, I'm rather unique\nWhy, why, I'm rather unique\nEast New York, East New York why, why, I'm rather unique  why, why, I'm rather unique\nEast New York, East New York  why, why, I'm rather unique\nMy man AZ to the fullest\n\n[Verse 3: AZ]\nSo, it's gonna take more than your astrologist to knowledge this\nPhysiologists couldn't even figure out the exoticness\nRaps demolishin', certified the way I style it\nMy wordplay blaze with the rays of ultraviolet\nMy culture's smilin', gettin' more in depth with each breath\nAutobiography follows the footsteps of Malcolm X\nMoney and sex, Gore-Tex, Donna Karan and Guess\nFinesse, success through the life stress, mics I bless\nPuffin' trees to get me high as trapeze\nLookin' Japanese, at ease when I'm stackin' G's\nSo, let's discuss, plus degrees\nWhy the rhyme force is the source for thoughts that's lost\nSo, don't cross 'cause it'll cost\nThe ghetto savior, smooth for real, playa with flavor\nMoves be major, with un-explainable behavior\nThe word's on the street so keep your ears to the concrete\nWhy I'm rather unique\n\n[Refrain: Big Daddy Kane & Pete Rock]\nWhy I'm rather unique\nCheck it out\nCheck it out\nCheck it out\nCheck it out\nCheck it out\nCheck it out\nCheck it out\nCheck it out\nCheck it out", "image": "https://images.genius.com/5cc4600632bf9367c2c0a750ddfa9002.600x600x1.jpg"}], "artist": "AZ"}