{"songs": [{"title": "I Am Who I Am", "album": null, "year": "2017-10-17", "lyrics": "[Verse 1]\nNiggas wanna hang, yeah (hang, nigga)\nCause they cannot be the mans, yeah\nChase like I'm the man, yeah (the man, nigga)\nThey all went 'Golden' like the rent, yeah (Golden!)\nGo give a fuck about the two cents (go fuck, nigga)\nOr the money that I do spend (money!)\nVirginia Black with the ice, that's the new blend (VG, VG)\nLike I'm bout to start a new trend\n\n[Pre-Hook]\nAh man, ah man (yeah)\nPut the work by the fan (woo)\nKeep the hammer in my hand (blah, blah)\nAh man, ah man (woo)\nI got different plans\nUsed to pull up with the pipes (pull up, pull up)\nNow I pull up with the bands (woo)\n\n[Hook]\nBecause I am who I am, yeah (yah, yah, yah)\nBecause I am who I am, yeah (yah, yah, yah)\nI got bitches on my 'Gram, now (got bitches!)\nBecause I am who I am, now (yah, yah, yah, yah)\nI'm the man, I'm the man\nI'm the man, I'm the man (the man, nigga)\nSo they all want to pretend now (pretend, nigga)\nBecause I am who I am, yeah (yah, yah, yah)\n\n[Verse 2]\nGot a night pack on back\nAnd a Mac on my back\nLeft him dead\nGot em wacked\nHollow tips on the strap (pow, pow)\nMan-man talking to the feds (no)\nSo we know you niggas rats\nAnd we\u2019ll stack up the racks\nDouble up on the packs (blah, blow)\n\n[Bridge]\nThey don't wanna see me \"Pop Style\"\nThey gon' see me come and drop down\nAnd she don't wanna see me pop now (she wet, she wet, yeah)\nThey don't wanna see me pop (she wet)\n\n[Pre-Hook]\nAh man, ah man\nPut the work by the fan\nKeep the hammer in my hand\nAh man, ah man\nI got different plans (woo)\nUsed to pull up with the pipes (pull up, pull up)\nNow I pull up with the bands\n\n[Hook]\nBecause I am who I am, yeah (yah, yah, yah)\nBecause I am who I am, yeah (yah, yah, yah)\nI got bitches on my 'Gram, now (got bitches!)\nBecause I am who I am, now (woo, woo, woo)\nI'm the man, I'm the man (I'm the man, nigga)\nI'm the man, I'm the man (I'm the man, nigga)\nSo they all want to pretend now\nBecause I am who I am, yeah (yah, yah, yah)\n\n[Verse 3]\nIf you come to my block\nThat might be your last stop\nI got the drop on your stash spot\nTake you for your tings and your long talk\n\n[Pre-Hook]\nAh man, ah man\nPut the work by the fan\nKeep the hammer in my hand\nAh man, ah man\nI got different plans\nUsed to pull up with the pipes\nNow I pull up with the bands\n\n[Hook]\nBecause I am who I am, yeah (yah)\nBecause I am who I am, yeah (yah, yah, yah)\nI got bitches on my 'Gram, now (got bitches!)\nBecause I am who I am, now (woo, woo, woo)\nI'm the man, I'm the man (the man, nigga)\nI'm the man, I'm the man (the man)\nSo they all want to pretend now\nBecause I am who I am, yeah (yah, yah, yah)", "image": "https://images.genius.com/66540edd6063d4a04dc7e57fa5ddeac8.500x500x1.jpg"}], "artist": "Baka Not Nice"}