{"songs": [{"title": "The Antidote", "album": "Are We Still Dreaming?", "year": "2019-11-08", "lyrics": "[Intro]\nThat's just the way it go\nThat's just the way it go\nThis be the antidote\nThat's just\u2005the\u2005way it go\n\n[Verse 1: jay]\nNo\u2005need to pretend, I just wanna\u2005win\nSwimming in the bands, feeling live in my skin\nI just want a friend, that can hold my drank\nWhile I bust these moves, swinging to break the bank\nWith some L's on my record I been loving a bit\nNo falling in love, keep me on top of my shit\nI tweak and I twist, grasp a hold of my bliss\nEuphoria hits, when I see you shake those hips\n\n[Pre-Chorus: willem ardui]\nSometimes I just wanna go back\nThe antidote take me back there\n\n[Chorus: jay & willem ardui]\nDon't know 'bout you but I'm feeling cute\nThat's just the way it go\nEven when I'm broke I feel good\nThat's just the way it go\nWhen you feel like you're not in the mood\nThis be the antidote oh\nJust let your bones catch this groove\nThat's just the way it go\nJust what I need\nThank you for the feeling that you bring\nJust wanna be there when it blows\nYeah, know what I mean\nKnow what I mean\n\n[Verse 2: winston surfshirt]\nI want you to choose\nI got all day long to lose\nThat's just the way it go\nYou must be my antidote\nI can't seem to take it\nNow my dreams have been awakened\nIf you don't make your way in\nI got no time left for saying\n\n[Pre-Chorus: willem ardui]\nSometimes I just wanna go back\nThe antidote take me back there\n\n[Chorus: jay & willem ardui]\nDon't know 'bout you but I'm feeling cute\nThat's just the way it go\nEven when I'm broke I feel good\nThat's just the way it go\nWhen you feel like you're not in the mood\nThis be the antidote oh\nJust let your bones catch this groove\nThat's just the way it go\nJust what I need\nThank you for the feeling that you bring\nJust wanna be there when it blows\nYeah, know what I mean\nKnow what I mean\n\n[Bridge: willem & winston]\nSometimes I just wanna go back\nThe antidote take me back there\nSometimes I just wanna go back\nThe antidote take me back there\nI was on a mission I was always gonna fail\nI gotta listen if I wanted to prevail\nI wanna hear you say-ay-ay\nTake me back there\n\n[Outro]\nTake me back there\nThat's just the way it go\nThat's just the way it go\nThis be the antidote\nThat's just the way it go", "image": "https://images.genius.com/32372b69738f51bae8033fed94d43fad.1000x1000x1.jpg"}], "artist": "Blackwave."}