{"songs": [{"title": "Wire", "album": "DDD - EP", "year": "2018-03-28", "lyrics": "[Chorus]\nI love you more but better when the sun is down\nAnd I love you more when you ain't been around yeah\nI have written about cha\nI won't go that way\nEven if I try\nI will look to escape\nEven if I hide\nYeah yeah yeah yeah yeah\n\n[Verse 1]\nEven when I pull you round I can't replace\nAnd I think you're harder than what I would say\nHow am I gonna teach me right if I won't trade\nAnd I think that beats me right what would you say ?\n\n[Pre-Chorus 1]\nEven if its cut so long I will never let your paper thin out\nEven with a with a court order I will never let you bale me out\nI have never really ran so strong\nI have only ever ran me down\nI have only just noticed that it was already written out\n\n[Chorus]\nI love you more but better when the sun is down\nAnd I love you more when you ain't been around yeah\nI've been thinking about yah\nI won't go that way\nEven if I try\nI will try to escape\nEven if I hide\nHeyyahyeah\n\n[Verse 2]\nI know you tried shouting well right in my face\nNo reaction call me anything but my name\nI have no regrets now tell me the same\nFuck being cold I just don't play that game\n\n[Pre-Chorus 2]\nHow the way they aiming now\nPardon my reason for bailing out\nBuy into the fish forgasey, how\nEven if you really hate this sound\nI have only ever ran so strong\nYou will never really run me out\nI have only ever known this\nCuz it was already written out\n\n[Chorus]\nI love you more but better when the sun is down\nAnd I love you more when you ain't been around yeah\nI have written about ya\nI won't go that way\nEven if I try\nI will look to escape\nEven if I hide\nYeah yeah yeah yeah yeah\n\n[Outro]\nI love you more\nI love you\nI love you", "image": "https://images.genius.com/d03763e48a8bb140c31a5231f8f547e4.800x536x1.jpg"}], "artist": "Ama Lou"}