{"songs": [{"title": "Art of Facts", "album": "That\u2019s Them", "year": "1997-04-15", "lyrics": "[Intro: Tame One]\nAs Mellow Max passes the blunts to Skully\nWe're about to come get nutty up in here\nArtifacts, nine-six tricks\nSean J. with the beat\nComplete, with the Artifact techniques\n\n[Verse 1: Tame One]\nI like to rip off mics and clock off dice that roll funny\nGetting blunted off somebody's ho money\nHoneys beeping for me for cheese, ease back\nPlease keep that weave intact\nBest believe that Tamer D'll be back\nGet the weed sacks relax, fuck a flick from Blockbuster\nI'ma touch ya, proving who got the bomb like Russia\nFriendly neighborhood rap hood, with goods\nCould it be?  Yes, no question\n(\"Tame One\") Now let's start up the session\nKick a rap out til I black out, check out when I wreck out\nThrowing backs out, laughing out loud when niggas crap out\nMe I want more G's than the LAPD\nFrom when I wrote my first rhyme in eighty-three\nWith each speech released I reach mad blocks\nAnalyzing more spots than Matlock\nNow I got this rapping shit on padlock\nYou only half-rock, my shit returns like resurrections in religion\nWas fucking with the fact we only bullshitting\n\n[Hook: scratches]\nYo El - Sinister Brick City minister\n\n[Verse 2: El Da Sensai & Tame One]\nOne two, yo\nStart taking notes, stating all quotes\nNiggas couldn't see me through an optometrist scope\nOpen, by the rhythm MCs that's hardest\nNew Jerusalem, Artifacts be the oddest\nMain target, crews who think they bringing the news\nWho's this? Kicking in your Benz-y box crisp\nAs long as the Boom Skwad is hearing me clear\nThere ain't another rapper here that's gonna G this year (yeah)\nLyric for lyric we exhibit mass appeal\nStaying real like Erick Sermon\nDrunk off the funk like it was bourbon\nRolling up Big Willie like Suburban, Blazers make a wager\nTamer blows up like a pager\nMaking you wake up early, tell your girlie turn my tape up\nWait up, let me lace up the place like boots\nMake loot, and Proceed to rock like Roots\nI tear the roof off, and when I fuck don't take my boots off\nI shoot from the lip, and make your nose glow like Rudolph\nYou soft, so let me hit you off with all the hardness\nArtifacts shit, we got the hard shit regardless\n\n[Hook: scratches]\nPunks pop junk, Tame and the Sensei leave 'em all beat\n\n[Verse 3: El Da Sensei]\nMany ask how I be making up my shit\nLike the format and how it don't match or fit\nI just, dig into the X-Files of styles\nHitting while you're missing I'll prove that the child\nBe on the different angles strangle those who wanna tangle\nWith the, Flexi With the Technique ripper\nEl Da Sensei what the men say in the back?\nThinking that we can't battle rap in combat\nCease that, realize that the Facts don't mess\nAround when we bless sounds down for any test\nSo bring your nine and your vest\n'Cause when you step to these men, your plan best to be correct\nInterject with intellect, each step steady\nDissing those who pose with beef that's petty\n\n[Hook: scratches]\nWho wanna battle (The Artifacts)? No one", "image": "https://images.genius.com/d5a8483aa7871d4d8e089dd37d52240b.941x937x1.png"}], "artist": "Artifacts"}