{"songs": [{"title": "Memory Lane", "album": "Mind of Destruction", "year": "2019-10-25", "lyrics": "[Intro]\nSour K on the beat, yuh\n\n[Verse 1]\nWhite mask, time to suit up\nThey only know GlokkNine for\u2005the\u2005guns and the\u2005boot up\nI got a daughter on\u2005the way, I don't even want her to know that her old man really is a shooter\nYou on top like an elevator\nI watched my nigga hit in different counties, came up like a escalator\nI'm tryna serve 'em, where the dinner table?\nHow he on and you mistakin' me? I think you false impersonatin'\nThey givin' out false allegations\nSaid I fucked another bitch and got her pregnant with another baby\nReally all these niggas soldier hatin'\nThrowin' dirt up on my name, tryna come up, shit been motivatin'\nI been clutchin' on my pistol lately\nShe got dumb brain, I swear to God, this bitch, she got education\nShe gave me a whole affidavit\nFuck a Xan, give me a Addy, I'ma boot, I'm regenerated\nThey don't know how I been feelin' lately\n223s clear the scene, drop the roof off the ceiling, baby\nI told her, \"Get up out your feelings, baby\"\nI ain't cuffin' you and you ain't cuffin' me, that's how the situation\nI'ma rock 'bout my niggas, even if a fist fight or slingin' pistols\nYeah, I know my neck right, my chain bigger\nWe came from the same hood, nigga, same system\nI done watched that fame do it, how it changed niggas\nYou 'posed to be right here, nigga, same pictures\nBut me and OD posted for the camera, though\nAll in the camera, screamin', \"Gang, gang\"\nHollerin' out, \"Bitch, free Lil Kameo\"\nAll my niggas, they gon' maintain\n'Cause I swear, Lil Yo, he already rolled\n\n[Outro]\nFree my nigga, man\nThe system tryna rope my nigga on the RICO\nI swear you, he, and she know\nIt's Lil Nine from the block, it's Lil Nine with a Glock\nSour K on the beat, I put a bitch to sleep\nAyy, yuh\nSour K on the beat, yuh", "image": "https://images.genius.com/6f646226d70ece04ca60ae7ff40ca54c.597x597x1.png"}], "artist": "9LOKKNINE"}