{"songs": [{"title": "Okay", "album": "83 Babies", "year": "2018-07-04", "lyrics": "[Intro: Yung Boss Tevo]\nOkay\nNo way\nNo way\n\n\n\n[Chorus: Yung Boss Tevo & (Setitoff83)]\nOkay\nShe wanna fuck cause a nigga the shit now?\nOkay\nI fuck her then duck her, she think ima cuff her?\nNo way\nI got a K and that bitch hit his face and watch him blow away, now watch him blow away\nOkay\nShe wanna fuck cause a nigga the shit now?\nOkay\nI fuck her then duck her, then she think ima cuff her?\nNo way, (No way)\nI got a K and that bitch hit his face and watch him blow away, (now watch him blow away)\nNow watch him blow away\n(Ha!)\n\n\n[Verse 1: Setitoff83]\nOkay\nBitch set it off on this beat, you can call me the Reaper\nI got niggas scared, I can smell the fear of you niggas, Jeapers Creepers\nIf you ain't fuckin', end of discussion, lil mama I ain't tryna see ya\nI charge 100 for a feature, I [?] $100 sneakers\nShe gon' fuck cause she know I'm that nigga now\n30 on me, he run up, I sit 'em down\nI got 60 shots in this choppa, it feel like I've been shootin' a minute now\nYeah them crackers label me a menace now, so I gotta watch out in my city\nAnd you know they love K.Y., so if I ain't here it's a drought in my city\nOpps never pop out in my city, cause they know we showing no pitty\nIt's a drill yeah I got the choppa, YBT got the smif and Tony got the glizzy\n[?] we leave a witness, lay everything down including civilians\nSo the mission ain't finished until everyone missing, then it's back to the trenches\n\n\n[Chorus: Yung Boss Tevo]\nOkay\nShe wanna fuck cause a nigga the shit now?\nOkay\nI fuck her then duck her, she think ima cuff her?\nNo way\nI got a K and that bitch hit his face and watch him blow away, now watch him blow away\nOkay\nShe wanna fuck cause a nigga the shit now?\nOkay\nI fuck her then duck her, then she think ima cuff her?\nNo way\nI got a K and that bitch hit his face and watch him blow away\nNow watch him blow away\n\n\n[Verse 2: Lil Tony]\nI'm like okay\nNiggas beefin' over bitches, ain't gettin' no money no way\nI got off my ass, I chased me a bag, I cannot wait yeah\nI cannot wait, huh, niggas talk down til I walk down, I'm tryna send 'em away, huh\nPut the boy up in the sky, put 'em right next to K.Y.,\nI'm up in the bricks with a Tec, put it up to his neck like a bow tie\nWe ain't goin' back and forth, nah this ain't no Tetris\nI'm tryna walk down, draw down on a nigga and stretch 'em, yeah catch him\nAdd up the grams when I whip up them yams, I had to get me some action\nCan't front you a pack, run off with my sack, on gang ima stretch 'em\nMama knowin' how I'm thuggin', she told me \"be careful\"\nMe and Keys like a birds of a feather, my niggas down for whatever\nOn gang\n\n\n[Chorus: Yung Boss Tevo]\nOkay\nShe wanna fuck cause a nigga the shit now?\nOkay\nI fuck her then duck her, she think ima cuff her?\nNo way\nI got a K and that bitch hit his face and watch him blow away, now watch him blow away\nOkay\nShe wanna fuck cause a nigga the shit now?\nOkay\nI fuck her then duck her, then she think ima cuff her?\nNo way\nI got a K and that bitch hit his face and watch him blow away\nNow watch him blow away\n\n\n\n[Verse 3: Yung Boss Tevo]\nEverybody tell me that this is my time, and then bitch I'm still on my grind\nYou know I'm the boss, I can say the word and have your face over criminal minds\nI know some niggas did criminal times, still getting additional time\nKnow we all go through difficult times, I'm one of a kind, I stay on my grind then everything okay\nNo way that a nigga gon' take something from me, niggas know that my niggas don't play no games\nI spit that crack cocaine, you'll get tied up on a Sunday, bullet wound to his face\nAmbulance [?], I think that bitch losing his face, so they like okay\nThink he got hit with that Drac, plus I found bigger holes in his waist, his people losing faith\nSomebody hold on to his ribs I think them bitches finna break, they like \"no way\"\nWho the fuck shot this man? They had to hit his ass up with some [?]\nLook at his face, now look at his head, somebody need to help me put it back in place\nLook at the K, this bitch full of lead, when I get to blowin' ain't nobody safe (okay)", "image": "https://images.genius.com/a147ee67a3082cfaad628d48d6cb1d62.640x640x1.jpg"}], "artist": "83 Babies"}