{"songs": [{"title": "AfraidOfmoney", "album": null, "year": "2018-09-27", "lyrics": "Run back\nStraight Back\nEarn That\nHard Cash\nThrowback\nEyes closed\nDreaming\nNo sleeping\nMind block\nCan't Stop\nWon't spend\nClose Friends\nStressed out\nNo end\nStressed out\nNo end\n\nTime's up\nClock's out\nWhip my digital watch out\nCasio and that strap glow\nBlasted gold like a pharaoh\nOh I'm out here in Egypt\nWhile you're actin' the eejit\nI see you wince and I feel that\nLeast I\u2019m true to me roots\n\nNot afraid of that cash-flow\nJust afraid I might go broke\nJust afraid of that choke-hold\nFrom the bank and that logo\n\nNot afraid of that cash-flow\nJust afraid I might go broke\nJust afraid of that choke-hold\nFrom the bank and that logo", "image": "https://images.genius.com/80f114f4d7078df35460aede40063a7d.640x640x1.jpg"}], "artist": "Alex Gough"}