{"songs": [{"title": "Natural High", "album": "Matte Black Soul", "year": "2014-12-12", "lyrics": "[Prod. Phoniks]\n\n[Verse 1: Awon]\nI'm just a man\nDoing man shit\nOn the real I will never understand chicks\nI don't know about yours, but my wifey great\nShe keeps the house smelling good\nWhen she's baking cakes\nCan it all be so simple\nAs ribeye steaks\nBroccoli and cheese on my plate\nYeah\nBack in the days we moved the O's together\nWalked through the rain, sleet, hail, and the snow together (forever)\nBut couple shows records spin\nCouple rings couple kids\nCouple fish couples shit\nBoth our buzz got bigger\nThe loud got stronger\nAnd the love got realer (count racks)\nAnd she's right 99 percent of the time\nAnd her mouth is like a sword she emcee inclined\nHold me down like an offensive line\nNever getting sacked touch downs\nEvery Time\n\n[Hook]\nHey boo, I was watching you\nWhat I loved most is she had so much soul\nThroughout my life she would be there for me\nIf I can't give her the world I die trying\nYour the queen, you deserve the cream, everything that gleam\nWalked through the rain, sleet, hail and the snow together\nCause all we got is each other\nAnd fuck hoes cause in the end I need a wife to love\n\n[Verse 2: Awon]\nI know she loves me like a mother fucker\nBut sometimes in her mind\nI'm a mother fucker\nAnd I be getting on her nerves\nBut she still comes home\nWith a proper sack of herb (proper sack of herb)\nI know I got to get my shit together\nTo old to be trying to get with whoever (whenever)\nShe keeps me focused on my dreams\nAnd stay pushing me to work hard and get the cream\nCause she's not buying no miracles\nShe's a realist no reverend\nPop off water for healing\nAnd even if I'm drug dealing\nShe wants me home for dinner\nOn time\nOr she got feelings\nShe showed me how to be a man\nAnd loves me if I'm on the 9 to 5\nOr moving grams (count racks)\nI'm her nigga\nShe my queen\nBest player on the field\nAnd I got her on my team\n\n[Hook]", "image": "https://images.genius.com/c4fd4d1c0f44ea3938f76991d88dea15.999x999x1.jpg"}], "artist": "Awon"}