{"songs": [{"title": "Very Special", "album": "Looks Like a Job For...", "year": "1993-05-25", "lyrics": "[Production By Big Daddy Kane]\n\n[Verse 1: Big Daddy Kane]\nMy, my, my, yes, I must admit\nThat I have never knew love like this before\nAnd I adore everything about you\nI do mean every part of\nFor meeting someone this beautiful, have mercy\nI wanna kiss ya, father\nYou're the kinda girl I wanna get closer to\nBecome the most to you like love is supposed to do\nCuz I fell straight into your trap\nAnd since they say love is blind, I'm the Ray Charles of rap\nAnd I'm waiting for you to put me in your mix\nBecause ya got my nose open like a jar of Vicks\nI'll be your king, baby, you can be my queen\nUh, let's stay together like Al Green because\n\n[Chorus: Karen Anderson and Laree Williams]\nAll my love is all I have\nAnd my dreams are very special\nAll my life I looked for you\nAnd today my dreams come true\nYou need me and I need you\nLove in us is very special\nThings you seem to do divine\nYou look straight into my eyes\nOh, our love was meant to be\nCause our souls touch tenderly\nLove is life and life is living very special\n\n[Verse 2: Spinderella]\nWell I must admit that you know how to treat a woman\nDon't stop your love, like Keith Sweat, keep it comin'\nAnd our relationship won't ever get dull\nBecause you're always on my mind even more than my own skull\nYou're always givin' me respect and chivalry\nAnd I can't wait for your enticing delivery\nStaying together is a must\nThose Tropicana drinks don't blend as good as us\nWe were made for each other, meant for one another\nNeither one of us needs another lover\nAnd just so it can stay that way\nYo, I'm on your side like Jennifer Holiday because\n\n[Chorus: Karen Anderson and Laree Williams]\nAll my love is all I have\nAnd my dreams are very special\nAll my life I looked for you\nAnd today my dreams come true\nYou need me and I need you\nLove in us is very special\nThings you seem to do divine\nYou look straight into my eyes\nOh, our love was meant to be\nCause our souls touch tenderly\nLove is life and life is living very special\n\n[Verse 3: Big Daddy Kane and Spinderella]\nI talk the macho talk but keep my real feelings hidden\nBut what about that \"Pimpin' Ain't Easy\" stuff? Aw, I was just kiddin'\nCause if we unite, baby, I'd do ya right\nWell I hope you meant that mushy stuff you told Barry White\nBecause I think I know you well enough to be understood\nWell let's talk about sex, babe No, not that good\nBut Spinderella, yes, Miss, I'll still persist\nWell since you put it like that Daddy, then we can do this\n\n[Chorus: Karen Anderson and Laree Williams]\nAll my love is all I have\nAnd my dreams are very special\nAll my life I looked for you\nAnd today my dreams come true\nYou need me and I need you\nLove in us is very special\nThings you seem to do divine\nYou look straight into my eyes\nOh, our love was meant to be\nCause our souls touch tenderly\nLove is life and life is living very special\n\n[Bridge]\nI wanna give ya my love\nCuz you're the only one I'm thinking of\nI wanna give my love\nCuz you're the only one I'm thinking of\nI wanna give ya my love\nCuz you're the only one I'm thinking of", "image": "https://images.genius.com/bbdac91ad158e946adbe9995eace16ac.371x372x1.jpg"}], "artist": "Big Daddy Kane"}