{"songs": [{"title": "THE GRAM", "album": "DROPPED OUTTA COLLEGE", "year": "2019-11-22", "lyrics": "[Intro: 24kGoldn]\nBricks, this shit finna kill these niggas\nGo Grizz!\nSquat made the beat\nYeah, hey\n\n[Chorus: 24kGoldn]\nThese bitches only love\u2005you\u2005on the 'Gram\u2005('Gram)\nShawty switchin' up and I don't\u2005even understand ('Stand), damn (Damn)\nOne day she be all in my DM (DM)\nJust give it some time and she'll be fuckin' with my friends (Friends), again ('Gain)\nThese bitches only love you on the 'Gram ('Gram)\nShawty switchin' up and I don't even understand ('Stand), damn (Damn)\nOne day she be all in my DM's (DM)\nJust give it some time and she'll be fuckin' with my friends (Friends), again ('Gain)\n\n[Verse 1: 24kGoldn]\nBitch, you only love me for the clout\nCan't say I'm surprised 'cause I heard that's what you 'bout, ouch\nYou ain't talking money, shut your mouth\nI ain't got the time to hear you whine, so cut it out now\nThese bitches only want you for the double cup plug\nOnly came to see the section, they ain't showin' no love\nShe just asked me for a drink, had to tell her, \"Hold up\"\nNever care 'bout what they think, I ain't giving no fucks\nUh, damn, here we go again\n'Nother bitty baba tryna fuck me off the 'Gram\nDamn, damn, wasn't in the plan\nOnly love the Benjis, baby, you should understand\n\n[Chorus: 24kGoldn]\nThese bitches only love you on the 'Gram ('Gram)\nShawty switchin' up and I don't even understand ('Stand), damn (Damn)\nOne day she be all in my DM (DM)\nJust give it some time and she'll be fuckin' with my friends (Friends), again ('Gain)\nThese bitches only love you on the 'Gram ('Gram)\nShawty switchin' up and I don't even understand ('Stand), damn (Damn)\nOne day she be all in my DM's (DM)\nJust give it some time and she'll be fuckin' with my friends (Friends), again ('Gain)\n\n[Verse 2: Fetty Wap]\nCome fuck with me and my friends, we ain't even gotta be friends, baby\nJumped in my DM, hit the club right 'round ten, baby\nLooking at me close, watching all the money I spend, baby\nCullinan and coat, now she sayin' I'm that man\nI'm really tryna help you understand, baby\nDon't come around and do it for the 'Gram, baby\nUh, cut you off quick, I'm just sayin', I'm just sayin'\nIf you suck on my dick, I'm just playin', then I'm playin'\nI gotta go, can't lay up with you, no\nBy tomorrow, have another you, oh\nI don't borrow, I share with the crew, oh\nYou can go, baby, you excused, oh, oh, baby (Zoovier)\n\n[Chorus: 24kGoldn]\nThese bitches only love you on the 'Gram ('Gram)\nShawty switchin' up and I don't even understand ('Stand), damn (Damn)\nOne day she be all in my DM (DM)\nJust give it some time and she'll be fuckin' with my friends (Friends), again ('Gain)\nThese bitches only love you on the 'Gram ('Gram)\nShawty switchin' up and I don't even understand ('Stand), damn (Damn)\nOne day she be all in my DM's (DM)\nJust give it some time and she'll be fuckin' with my friends (Friends), again ('Gain)", "image": "https://images.genius.com/924b494d7ea32ee03e4a815caea4be65.1000x1000x1.png"}], "artist": "24kGoldn"}