{"songs": [{"title": "Make Me Feel", "album": null, "year": "2019-08-30", "lyrics": "[Chorus]\nMake me feel good\nMake me feel, mmm\nMake me feel good\nMake me feel, mmm\nMake me, make\u2005me\u2005feel good\nMake me,\u2005make me feel good\nMake me, make\u2005me feel good\nMake me, make me feel, ah\n\n[Verse]\nSpit on me, choke me\nTie me up\nI'ma freak bitch\nMake me nut\nRub it, love it\n'Til I'm numb\nI'm just an animal\nFuckin' for fun\nI'ma take the dick\nNah, will not run\nI love you, daddy\nGive me a son\nHit, hit from different angles\nPut me in a triangle\nI made that nigga cum with his pants on\nHe my bitch, he my slut, he my damn son\nHuh, I'ma make him work\nI'ma make you work, ha\nDick's so big that it make my pussy hurt, yeah\n\n[Chorus]\nMake me feel good\nMake me feel, mmm\nMake me feel good\nMake me feel, mmm\nMake me, make me feel good\nMake me, make me feel good\nMake me, make me feel good\nMake me, make me feel, ah", "image": "https://assets.genius.com/images/default_cover_image.png?1575497971"}], "artist": "BigKlit"}