{"songs": [{"title": "Beautiful", "album": "Freedom", "year": "2009-01-06", "lyrics": "[Verse 1: Akon]\nWhen I see you\nI run out of words, to say (ahh)\nI wouldn't leave you\nCause you're that type of girl to make me stay (ahh)\nI see the guys tryin' to holla\nGirl, I don't wanna bother you\nCause you're independent, and you got my attention\nCan I be yo' baby father?\nGirl, I just wanna show you\nThat I love what you are doin' now\n\n[Hook: Akon]\nI see you in the club, you gettin down, girl\nI wanna get with you, yeah\nI see you in the club, you showin thugs love\nI wanna get with you\nYou're so beautiful, so damn beautiful\nSaid you're so beautiful, so damn beautiful\nYou're so beautiful, beautiful, beautiful, beautiful\nYou're so beautiful, beautiful, beautiful, beautiful\nYou're so beautiful\n\n[Verse 2: Colby O'Donis]\nLike the clouds you drift me away\nFar away, yeah\nAnd like the sun you, brighten my day\nYou brighten my day, yeah\nI never wanna see you cry, cry, cry\nAnd I never wanna tell a lie, lie, lie\nSaid I never wanna see you cry, cry, cry\nAnd I never wanna tell a lie, lie, lie\n\n[Hook: Akon]\nI see you in the club, you gettin down, girl\nI wanna get with you, yeah\nI see you in the club, you showin thugs love\nI wanna get with you\nYou're so beautiful, so damn beautiful\nSaid you're so beautiful, so damn beautiful\nYou're so beautiful, beautiful, beautiful, beautiful\nYou're so beautiful, beautiful, beautiful, beautiful\nYou're so beautiful\n\n[Verse 3: Kardinal Offishall]\nKardinal told you (you) what is it, sky blue or yellow\nThis fellow ain't that mellow if it ain't about you (you)\nHourglass shape make the place go \"oooh\"\nWaistline makes my soldier salute\nI'm a brute (brute) high from ya high heel game\nHigh heels push up ya ass last name\nAnd you livin in the fast lane, eyes like an angel\nGoddess, watch my girl and how she hot dress\nSpotless, hotness bad to the bone\nMake me wanna bone, put me in a triple-X zone (zone)\nLames don't know how to talk to you\nSo let me walk, with you, hold my hand\nI'mma spend them grands but after you undress\nNot like a hooker, but more like a princess\nQueen, empress, president pull\nAny way ya goin' off cause you're beautiful, okay?\n\n[Hook: Akon]\nI see you in the club, you gettin down, girl\nI wanna get with you, yeah\nI see you in the club, you showin thugs love\nI wanna get with you\nYou're so beautiful, so damn beautiful\nSaid you're so beautiful, so damn beautiful\nYou're so beautiful, beautiful, beautiful, beautiful\nYou're so beautiful, beautiful, beautiful, beautiful\nYou're so beautiful", "image": "https://images.genius.com/6185c77fabb72671e7944b9a823b33bf.180x153x1.jpg"}], "artist": "Akon"}