{"songs": [{"title": "Lurkin\u2019", "album": null, "year": "2019-01-31", "lyrics": "[Intro: Lil Tony]\n(Krrrraa)\nDamn man, whole lotta that man\nY'all know what the fuck I'm rockin' man\nYou know I'm movin' like that\n\n[Chorus: Lil Tony]\nLurkin', you know we swervin'\nWe got them choppa's when we coming through, 7.62\nRip through, I put that boy on the news (Krrrraa)\nWe going in like a curfew\nSwing on him like Babe Ruth\nRockin' with him then you dodging with him\nI'mma hit him and his man's too\nLurkin', you know we swervin'\nWe got them choppa's when we coming through, 7.62\nRip through, I put that boy on the news (Krrrraa)\nWe going in like a curfew\nSwing on him like Babe Ruth\nRockin' with him then you dodging with him\nI'mma hit him and his man's too\n\n[Verse 1: Lil Tony]\nYou know we strapped, with them choppa's\nWe boutta slide out\nBroad day with the K, I blew his mind out (Mind out)\nThen it's back to the hideout, we got them rides out\nIf you fuck with the other side\nDon't let me find out\nPut that boy six feet\nI got that hammer no MC, (No MC)\nI got that drip like a leak\nI hit that 40 and watch him delete\nNo we don't play, [?]\nI'mma walk down with that Drake, (Come out)\nHe got wet like a lake, I smoke that boy to the face\nAnd now he erase\nI got that chitta on me and that meta on me, no Rolling Stone\nI'mma pull up with the pack like the mail man\nCome alone\nYou my brother then, you my brother gon' ride for you\nRight or wrong (On gang)\nPut one right in his dome\nMy shooters gon' get him gone\n\n[Chorus: Lil Tony]\nLurkin', you know we swervin'\nWe got them choppa's when we coming through\n7.62\nRip through, I put that boy on the news\nWe going in like a curfew\nSwing on him like Babe Ruth\nRockin' with him then you dodging with him\nI'mma hit him and his man's too\nLurkin', you know we swervin'\nWe got them choppa's when we coming through\n7.62\nRip through, I put that boy on the news\nWe going in like a curfew\nSwing on him like Babe Ruth\nRockin' with him then you dodging with him\nI'mma hit him and his man's too\n\n[Verse 2: Yung Boss Tevo]\nThe chop\nShe possessin' the L like a stunt, ay\nWe kick this shit like a punt\nAnd carve that bitch legs, he going in the trunk\nYou know what the fuck goin' on\nI ain't finna put him in a song\nNo, I'm tryna leave him 6 feet deep\nWith his name printed on a stone, aye\nRun down, run down, run down\nMe and To' lurk 'till the sun down\nOh that boy like hittin' traffic\nSoon as he run he get burned out\nI hit that bitch with the pipe, she gave the whole team the rundown\nNow she gang-gang, she got gang-banged\nAfter that we told that bitch don't come 'round no more\nI won't let 'em play me like a hoe\nI got nigga's doing 20 years in the cell\nTell 'em I'm ready to go\nI'm like hold on, just be patient\nOur time coming I been waitin'\nI'mma walk 'em down just like Jason\nGon' follow up and he erase 'em\nGang", "image": "https://images.genius.com/68e9bfbd1e6669463e1c5819ca841769.500x500x1.jpg"}], "artist": "83 Babies"}