{"songs": [{"title": "Immortal", "album": null, "year": "2019-10-31", "lyrics": "[Intro]\n21\nI feel like the motherfuckin' Grim Reaper\nThe biggest smoke blower\nPut a motherfuckin' chimney on my stick\n\n[Verse 1]\nBrand new MAK-90 with the drum attached (Drum)\nYou a shit talker, we got drums for that (On God)\nTryna fist fight? Boy, you dumb for that (Stupid)\nYou gon' get a bullet in your lung for that (Stupid)\nDraco get to kickin' like Liu Kang (21)\nF&N on me in the Mulsanne (Straight up, straight up)\nGlock 19 in the Blue Flame (Straight up, straight up)\nI was strapped when I slid inside your boo thang (On God)\n21 immortal, we'll never die (21)\nLoyal to my brothers (Yeah), I'll never lie (On God)\nCall me bird dog 'cause I cheat and I'm fly (Straight up)\nAnd I love winnin', I'm upset if it's a tie (On God)\nGet you off the ground just to knock you to the floor (Yeah)\nLet's go blow for blow (Yeah), let's go toe to toe (Straight up)\nWhen it's time to battle, they don't never ever show (21)\nWhen it's time to battle, I'm the first one at the door (21)\nAt the door with a Draco\nDon't nobody move, I don't wanna have to blow\nRappin' ass niggas get spinned at they show\nThat's why I need some help, I got a fetish for the smoke\nIt get fatal in the bottom, used to rumble in the den (21)\nHit him with a combo, gotta finish him (21)\nAK make you frown since you think you wanna grin (Straight up)\nSeems like all the models just be fallin' in my DM's (Yeah)\nCoolant on the TEC, it get hot like Scorpion (Hot)\nI'll burn his ass, lil' buster\nYou thought it was straight, I got some chemicals in this magazine\nI'll perm his ass (Mark ass nigga)\nWanna be a gangster, but he misguided (Bitch)\nI'll learn his ass (On God, nigga)\nHe went against me and they called 9-1-1 (21)\nThey had to infirm' his ass (You gon' be next, nigga)\n\"How many tops you done got popped?\" Whole bunch\n\"How many times you ran from the smoke?\" Nigga, not once\nEastside nigga fuckin' all the hoes, and I love guns\nAin't no fucking diamonds in my mouth, nigga, these gold fronts\nAnd we known to handle all the business, nigga, ASAP\nHad her at the slaughterhouse, how the fuck you cape that?\nAin't no body shots, nigga, you know I told him face that\nNow he in the ocean, heard they hit him in his wave cap\nYou took your shot and you missed it (21)\nI just beat it up and you kissed it (Ugh)\nTook the rap game and I milked it (Yeah)\nTook the rap beef and I killed it\nNeck all froze like Sub Zero, dawg (Straight up)\nHe wifed a thot, he a hero, dawg (Straight up)\nAll I care about is my dinero, dawg (On God)\nOnly thing I'm chasing is dineros, dawg (Straight up)\nDread-headed killer like Cyrax (21)\nBrought a gun to a fist fight like Jax (Pew-pew-pew-pew-pew)\nNah, fuck that, only thing scare me is a rat (Snitch)\nSlaughter Gang, pick your poison, dagger or the axe (Straight up)\nStand-up guy, they respect my mind (On God)\nIf you foul out, get a tech', my nine (Straight up)\nIf you ain't a hundred, don't text my line (Lil' bitch)\nIf you know you hatin', don't check my Live (Snitch)\n\n[Chorus]\nYou know I'm Slaughter Gang so the smoke is immortal\nAin't nothin' changed, I'll slaughter your daughter\nShe said she was a dime, but her friend was a quarter\nI had a threesome, then I flushed the rubber down the toilet\nShe tried to give me head, it was boring\nCodeine got a nigga snoring\nI wonder if she would've slept with the poor me\nSavage keep a Draco and it corn beef\n\n[Verse 2]\nChopper cut you up like Kitana (Ching-ching)\nMy chopper in the band, it's a drummer (Drumroll)\nRussell Westbrook, I was strikin' like the Thunder (Woah, woah)\nYou was somewhere runnin' 'round whinin' to your mama (21)\nY'all play conservative, we gon' send a blitz (Straight up)\nI'm the type to catch a tech', foul, hit him in his shit (On God)\nHe think he a made man, hit him in the head (Pussy)\nDon't you try to run now, hit him in the leg (Rraow)\nPeople wanna say the stuff I say, but they be scared (Pussy)\nJab turn a lightskin pretty boy red (21)\nIt's a fatality if you try to handle me (Yeah)\nReal top shotta, don't you ever try to ramp with me (On God)\nGot enough bullets that could kill your whole camp with me (Rrah)\nI was bad as hell in school, they even tried to counsel me (21)\nI don't like to talk, don't you try to tongue-wrestle me (On God)\nAnd my block good, you'll never get the best of me (Straight up)\n\n[Chorus]\nYou know I'm Slaughter Gang so the smoke is immortal\nAin't nothin' changed, I'll slaughter your daughter\nShe said she was a dime, but her friend was a quarter\nI had a threesome, then I flushed the rubber down the toilet\nShe tried to give me head, it was boring\nCodeine got a nigga snoring\nI wonder if she would've slept with the poor me\nSavage keep a Draco and it corn beef", "image": "https://images.genius.com/5afb302b5022ebea780944e68f7967cb.1000x1000x1.jpg"}], "artist": "21 Savage"}