{"songs": [{"title": "Last Time I Saw Him", "album": "House of Love", "year": null, "lyrics": "Last time I saw him, he sweetly kissed my lips\nLast time I saw him, he said, \"I'll be back for more of this\"\nLast time I saw him, we were crying at the bus\nI knew he hated leaving but he had to set us up\n\nI gave him money, I know I invested well\nMama doesn't trust him but he loves me, I can tell\nEach day the Greyhound arrives at nine o'clock\nBut I don't start my crying 'til that last man's gotten off\n\nLast time I saw him, last time I saw my honey\nLast time I saw him, he was Greyhound bound\nBut I'm still waiting here without a fear\nThat bus will someday turn around\n\nI've had no letter, it's been six months maybe better\nI tried forgettin' him, but I love him more than ever\nI have decided I've waited long enough\nIf there was nothing wrong he would return right on that bus\nThere must be trouble so I'm leavin' on the double\nIf he can't get to me I know he needs me desperately\n\nLast time I saw him, last time I saw my honey\nLast time I saw him, he was looking fine\nAnd as he waved goodbye, he said, \"Don't cry\nI'm coming back come rain or shine\"\n\nLast time I saw him, last time I saw my honey\nLast time I saw him, he was looking fine\nAnd as he waved goodbye, he said, \"Don't cry\nI'm coming back come rain or shine\"\n\nLast time I saw him, last time I saw my honey\nLast time I saw him, he was looking fine\nAnd as he waved goodbye, he said, \"Don't cry\nI'm coming back come rain or shine\"", "image": "https://images.genius.com/69220ad580667baa9e2e779dd99b2613.594x594x1.jpg"}], "artist": "Dottie West"}