{"songs": [{"title": "Rude Boy", "album": "Her - EP", "year": "2016-02-29", "lyrics": "[Verse 1: Angel]\nGet out the way\nI don't wanna get the tray\nNo, I got shit to do\nWhy you always fucking up my wave\nLet a nigga breathe\nNow don't you see my heart's gotta\nBitches know how we do\nNiggas running round like they Rico\n\n[Hook: Angel]\nWhy they wanna call my name\nI don't really talk much when they talk tough\nCause I don't wanna catch no case\nMan ah man ah rude boy from the corner\nIf they ever call my name\nI let it off let it off, let it off let it off\nCuh Man ah man ah a rude boy from the corner\n\n[Verse 2: Haile]\n(I'm just in my zone)\nWhy they wanna call my name\nDon't they know we ain't the same (it's only a game)\nRude boys on the corner\nDon't be acting like I didn't warn ya\nStraight WSTRN in my section\nThen we hit them up cause they don't know who they messin' with\nI'll make you regret it now\nAye, we so amazing\nNo you don't want no drama\nWe flex on you wastemen\nWe just be catching the wave, man (whoo, whoo)\nWho said that I'm trying to impress you\nI would never be doing what all the rest do\nAnd it's only the best that I'm standing next to\nWhy they wanna call my name\n\n[Hook: Angel]\nWhy they wanna call my name\nI don't really talk much when they talk tough\nCause I don't wanna catch no gaze\nManaman a rude boy from the corner\nIf they ever call my name\nI let it out let it out, let it out let it out\nCuh manaman a rude boy from the corner\n\n[Verse 3: Angel]\nI've been getting money on the corner\nI was always smaller than them other niggas in the park\nWhere man ah push your buttons if your heart's not\nReally on the Gaza\nI'mma take your lady to a bar, yeah\nIf I see her and I like her and I really wanna hit it up a lot and get out my ride\nI come out, my lady got me chillin' in the telly watching telly with your bitch\nShe was like \"Oh my\"\nPlease, you see me rolling with some Gs\nOoh, my nigga's musical\nWhy you think we got so many keys?\nFuckin up the streets\nPlus you know my fams gotta eat\nPopo know how we do\nNiggas running round with the reload\n\n[Hook x2: Angel]\nWhy they wanna call my name\nI don't really talk much when they talk tough\nCause I don't wanna catch no gaze\nManaman a rude boy from the corner\nIf they ever call my name\nI let it out let it out, let it out let it out\nCuh manaman a rude boy from the corner", "image": "https://images.rapgenius.com/a915a457efea7b587d53431a745a1445.1000x1000x1.jpg"}], "artist": "Angel"}