{"songs": [{"title": "Company Cigarettes", "album": "91 Regal", "year": "2015-09-23", "lyrics": "[Intro:]\nWake your ass up nigga\nBrand new day\nIt ain't all good but it's all good\nLet me get straight\n\n[Verse 1:]\nLooking for them keys to my 91 Regal I gotta go to work\n7th day in a row i'm about to go berserk\nThese  motherfuckers be acting like I ain't got no worth\nBeen 5 years I've been clocking in but I ain't got no perks\nGot a purpose my nigga need a ride? Tell them I'm outside\nHopped in, put the blunt in my mouth lit it I'm en route I\nReally I'm feeling this shit today ain't no getaway\nLike I could quit but won't be shit up on my dinner plate\nThis ain't that shit I used to dream about\nThis that shit that make a brother take the scheming route\nNo matter how much I grind just gonna be another nigga\nI'm feeling like I'm the black frame but I ain't up in the picture\nWhen I'm the one that's gon hold it up\nThinking that as I'm pulling up, I put out the blunt\nThink I'm running late at this point I ain't in no rush\nI say whats up? to Mrs. Cameron as I walk in\nShe reach out to throw a hug while she rambling on the phone\nTelling someone it won't be long\nUntil she get the fuck up out of here saying the nerves is gone\nAll the shit that I seen leave my patience to be desired\nJust before I pull the door she askin me for my lighter\nSay I got you\nBut I'm trying to figure what done inspired\nA woman who never smoked a day in her life to started trying\nPunching in, my boss said we got some heat from the client\nMan, they never satisfied look I got it down to a science\nThey find something to bitch about once you fix it then they switch it\nTo something different no recognition, what the fuck this shit about?\nAfter a while I step outside and what I seen\nIs a scene of a bunch of niggas kissing nicotine\n\n[Hook:]\nCompany cigarettes\nCompany cigarettes\nGot em two for the dollar for you and your baby mama\nGon' light that up for you and your problems they don't give a damn about us\nBut don't be late for your break\nSame shit just another day my nigga\n\n[Verse 2:]\nI'm sorry sir I can't help you don't know what else I can tell ya\nI got a form I can mail ya I got some things I can sell ya\nI know he ain't trying to hear that shit\nIt is what it is, I'm just glad I ain't near that shit\nCustomer service where service is hardly existing bout as real as my pension\nMs.Pat had died before she could retire I still miss her\nBeen about a year I seen her dwindling\nLosing hair, losing weight grimacing in pain everyday she still appeared\nHad a cigarette on the way, cigarette on her break\nKept half of one on display at her desk took her through the day\nShe was real to me, ready to tell me how she feels\nSaid don't end up like me boy this shit ain't no career\nI know I never forget ya I'm about to dip, throw my key up in the ignition\nI light up the spliff, I got some shit to get up off my chest\nTo the booth is where I'm headed next\nLeft the parking lot see niggas huddled smoking on them fucking cigarettes\n\n[Hook:]\nCompany cigarettes\nCompany cigarettes\nGot em two for the dollar for you and your baby mama\nGon' light that up for you and your problems they don't give a damn about us\nBut don't be late for your break\nSame shit just another day my nigga", "image": "https://images.genius.com/eb5c1275e393eb413dcee0b0636dc108.1000x1000x1.jpg"}], "artist": "Anti-Lilly"}