{"songs": [{"title": "I Confess", "album": "Kollage", "year": "1996-04-02", "lyrics": "[Verse 1: Bahamadia]\nWord life boo, I checked you flexin' wit' cha crew\nLookin' sweet enough to chew with them saint eyes like tha brew\nRoughneck mannerism, fly disposition\nYa live like channel sparkin' like mad-izm\nMy mission is gettin' into you like a religion\nMy woman's intuition tells me cupid's arrow's hittin'\nYou're the prince with the glass slipper that my foot could fit in\nThis feelin' that I have is never endin', I'm sendin'\nMy love like Zhane' up in a box\nWith the bow up on the top 'cause for you I got the hots so\nPlease accept these words that I posess\nI'm like a damsel in distress in pursuit of happiness, I confess\n\n[Hook]\nI've been really tryin' baby\nTryna hold back these feelings for so long\nAnd if you feel like I feel baby\nCome on, ohhh, come on\n\n[Verse 2: Bahamadia]\nMany men with mass appeal expand across the globe by the mills\nBut still I picked you like a daffodil\n'Cause you thrill me like magnetic fields that give my body chills\nPerserve my chocolate ties and it's a thrill; I'm sayin'\nThat when you swing my way I get a sudden rush\nThat entices me not to keep it on the hush-hush\nBoy times girl times lust equals us\nAnd you can count on that like you would an abacus so\nBust the equation, baby 'cause I'm facin' the fact that I only think of you\nOn two occasions, but I'mma max once I get this off my chest\nAnd just let nature do the rest... I confess\n\n[Hook]\nI've been really tryin' baby\nTryna hold back these feelings for so long\nAnd if you feel like I feel baby\nCome on, ohhh, come on\n\n[Verse 3: Bahamadia]\nI wanna be down like Brandy with you handy for the duration\nEngage in electric relaxation\nBuild a conversation, probe ya intellect\nPut ya manhood to the test, but not just the physical\nThe individual is what I'm after\nYa heart I wanna capture, I'm open like a space that NASA explores\nTruly do adore, every little move you make and more, my word is born\nBut I could go on and on throwin' hints\nThat I'm tha chick, you should be celebratin' life with\nSo instead I felt it best if I just\nStood and represented in the flesh that I confess\n\n[Hook]\nI've been really tryin' baby\nTryna hold back these feelings for so long\nAnd if you feel like I feel baby\nCome on, ohhh, come on\n\n[Outro]\nFrom the bottom of my heart I wanna confess to you\nLet me show you how I feel to let you know that this feeling is real\nI wanna confess to you baby, confess to you sugar", "image": "https://images.genius.com/9776e797698547de59bd441349d64df0.1000x996x1.jpg"}], "artist": "Bahamadia"}