{"songs": [{"title": "Telephone Calls", "album": "Cozy Tapes, Vol. 1: Friends-", "year": "2016-10-27", "lyrics": "[Chorus: A$AP Rocky]\nBrr, brr, brr, brr\nRing, ring, ring, postman\nWho this?\n\n[Verse 1: A$AP Rocky]\nTelephone call from young Carti, said, \"It's lit.\"\nCall the young Lord, A$AP Bari, he legit (Money bag)\nAnd the young boy, Ian Connor off the shit (Young Lord)\nFuckin' with them boys out of Harlem or the six\nThis is Gosha, man I pay for pussy? No sir\nRidin' coaster, roller coaster, chauffeur\n\n[Verse 2: Playboi Carti]\nI got money bags\nI'ma bag your bitch, I'ma buy your bitch\n(I got money bags, turn up, turn up)\nI'ma cash this shit, I'ma cash this shit\n(I got money bags, turn up, turn up)\nCash Carti, bitch, Cash Carti, bitch\n(Carti, Carti)\nYou can have this shit, you can have this shit\n(What you want, yo?)\n\n[Verse 3: A$AP Rocky]\nGodfather rap, nappy plaits to the back\nJames Brown swag, Papa's got a brand-new bag\nAnd I don't know how to act\nOn or off the record, might go axe\nHarlem back up on the map\nTrue New York will knock the Apple out you Jacks\nPop your Snapple cap, pop facts\nGucci and Dior biddin' wars\nWho wore the piece before they hit the floor?\nNot even shit you see overseas in stores\nWho else but me? I know you seen the Forbes\nCommend your boy, I been the Lord\nHoly tabernacle, Mr. Smack-Your-Favorite-Rapper\nGreedy for the fat guy's platter\nKillin' niggas even though black lives matter\nWeak stomach, flow make 'em throw up\nSteppin' stones, I'm your stepfather\nTell Tyler, better step his flow up\nMix the pour up with the Pepsi Cola\nNextel or the Motorola\nYoung nigga prolly never grow up\nPostman with the telephone, uh\n\n[Chorus: A$AP Rocky]\nRing, ring, ring, postman\nWho this?\n\n[Verse 4: Tyler, the Creator]\nFuck with Taco, fuck with Jasper\nFuck with Lionel, man that shit is gon' get sketchy\nShirt is striped, my shorts are short\nMy Vans are Vans 'cause Tyler does not fuck with Giuseppe\nFuck the Gucci, fuck the Raf\nAnd fuck the swag and all that other shit they wearin'\nFuck the Rolls and fuck the 'Rari\nFuck the Lambo, Tyler only ride McLaren\nNiggas think they really on because they trappin'\nMade about like 30 thousand\nFuck the party, threw the carnival\nAttendance this year was like 30 thousand\nShoppin', ballin', opal fire diamonds shinin'\nMake sure my sapphire's glistenin'\nMake the shit, I wear the shit\nThey cop the shit, it's Golf, you bitch, you niggas trippin'\nI'm a businessman, you ain't never been the man\nNigga tax bracket changed, like have you seen my home?\nCrib got a tennis court\nGet my Venus and Serena on\nGolf in this bitch, better ring the doctor\nAmbulance come when I hit the scene\nThat boy flier than a bag of bees\nI got my flowers, life's a jeweler\nDiamond, fingers size of a tumor\nHe's a genius, have you heard the rumors?\nHe's a winner, no not a loser\nFuck passin' blunts, pass my niggas' opportunities\nGoddamn, I'm hot, man, I'm not scared to freeze\nJanuary, Hawaiian shirts\nBoy this weather ain't got a thing on me\nWhere's the mirror? I'm that nigga\nKunta ain't got much shit on me\n'Cause I'm a master, I hit my own back\nTo be like, \"Y'all boys, my nigga\"\nFuck that, it's Golf, bitch\n\n[Outro: Yung Gleesh & A$AP Rocky]\nDoin' it for Yams, ayy, ayy\nI used to do it for the grams, ayy, ayy\nThat's been way before Instagram, ayy, ayy\nI used to serve it to your mans, ayy\nPostman! Who this?\nWalk Gleesh, walk, walk, walk\nWalk Gleesh, walk, walk, walk\nWalk Gleesh, walk, walk, walk\nWalk Gleesh, walk, walk, walk\nWalk Gleesh, walk, walk, walk\nWalk, walk, walk, walk\nWalk, walk, walk, walk\nWalk, walk, walk, walk\nWalk, walk, walk, walk\nWalk, walk, walk, walk\nWalk, walk, walk, walk\nWalk, walk, walk, walk\nWalk, walk, walk", "image": "https://images.genius.com/f7073dcf314451cce312063fb0178308.1000x1000x1.jpg"}], "artist": "A$AP Mob"}