{"songs": [{"title": "Purple Baguettes", "album": "88GLAM2", "year": "2018-11-16", "lyrics": "[Chorus: Derek Wise & 88 Camino]\nI can get used to the treatment\nDesigner got bought every stop on the tour, uh\nJumbo my flex, iced on my neck, love to get bitches that curved\nAlways a flex, purple baguettes, baby you know I'm from Mars\nFlex on my ex, never regret, S on my chest, yeah\nI can get used to the treatment\nDesigner got bought every stop on the tour, uh\nJumbo my flex, iced on my neck, love to get bitches that curved\nAlways a flex, purple baguettes, baby you know I'm from Mars\nFlex on my ex, never regret, S on my chest, yeah\n\n[Verse 1: Derek Wise]\nYoung nigga splurge the pot, uh (Pot)\nYoung nigga work the block, uh (Block)\nI got some commas, I'll take care of mama\nAin't promised tomorrow, no\nI keep them choppers on deck, yeah\nChanel on my shirt is the best, yeah\nBroke boy, you makin' a mess\nSticky approach and you niggas get wet (Drip)\nGlam Boy, my nigga, you slept on\nThey love you but disappear\nSkydweller my wrist 'cause I'm never here\nThe Ghost is the whip 'cause I never steer\nTwo bitches addicted to eatin' flesh\nA lot goin' on but we sayin' less\nThey buy the Plan B at the CVS\nI'm shootin', but fuck it, don't need a vest\n\n[Chorus: Derek Wise & 88 Camino]\nI can get used to the treatment\nDesigner got bought every stop on the tour, uh\nJumbo my flex, iced on my neck, love to get bitches that curved\nAlways a flex, purple baguettes, baby you know I'm from Mars\nFlex on my ex, never regret, S on my chest, yeah\n\n[Verse 2: 88 Camino]\nI can get used to the drippin' in Barneys\nI rope her like Hardy, my guy\nPackin' it just like the maids\nWhen we leave for tour out my loft\nAlways a flex, purple baguettes, baby you know I'm from Mars\nFlex on my ex, never regret, S on my chest, yeah\nShe playin' chess, Teflon that vest, and I smoke gas when I'm stressed\nMake his own fees, call the police, all because my set's a threat\nDamage alert, hand up her skirt, we 'bout to \"F\" as in Frank\nMy friends are deceased, that's why I'm so blue when I count up my Franks, yeah\n\n[Chorus: Derek Wise & 88 Camino]\nI can get used to the treatment\nDesigner got bought every stop on the tour, uh\nJumbo my flex, iced on my neck, love to get bitches that curved\nAlways a flex, purple baguettes, baby you know I'm from Mars\nFlex on my ex, never regret, S on my chest, yeah\nI can get used to the treatment\nDesigner got bought every stop on the tour, uh\nJumbo my flex, iced on my neck, love to get bitches that curved\nAlways a flex, purple baguettes, baby you know I'm from Mars\nFlex on my ex, never regret, S on my chest, yeah\n\n[Outro: 88 Camino]\nYeah", "image": "https://images.genius.com/b4a6895509a5638e7f304166761ba7e3.1000x1000x1.jpg"}], "artist": "88GLAM"}