{"songs": [{"title": "Self Love", "album": "Revenge of the Dreamers III", "year": "2019-07-05", "lyrics": "[Verse 1: Ari Lennox]\nI said...\nTired of being cordial\nTired of being normal\nTired of being forced in\nTied up in the moment\nI'm living without a purpose\nWearing it on the surface, love\nMaking it look good\nMeanwhile it\u2019s been hurting, oh\n\n[Chorus: Ari Lennox]\nSelf love is the best love\nSee your love is the worst drug\nSelf love is the best love\nBut your love is the worst drug\n\n[Post-Chorus: Ari Lennox & Baby Rose]\nAh, ah-ah-ah (Ah)\nHey, hee\nAh, ah-ah-ah (Oh)\n\n[Verse 2: Baby Rose]\nTired of all this faking\nWearing all of this makeup\nAnd meanwhile feeling complacent\nFitting in, feeling basic and\nMeanwhile tryna replace him\nBut all these feelings are makeshift\nHard for me to face it\nWhen everything is changing, ayy\n\n[Chorus: Baby Rose]\nSelf love is the best love\nBut your love was the worst drug\nSelf love is the best love\nBut your love is the worst drug\n\n[Post-Chorus: Baby Rose]\nAh, ah-ah-ah, ah\nAh, ah-ah-ah (Oh)\n\n[Verse 3: Bas]\nTake it in vain, this pain is a feeling that we can't ignore\nDealer man, hand me more\nA baby in a candy store\nI got secrets that just can't leave tour\nHow did we go from lost in your arms to arms in a conflict?\nLong arm my conscience\nLost in my thoughts\nThe cost of my art, we growing apart\nYou growing irate\nStuck in the door of my state\nI carry my Gemini traits\nI bury my face\nShameful hands, took your hand\nLed you astray, as you would say\nAs soon as we clash, you adjudicate\nAs for the date, it was like last June or May\nWe were like \"let\u2019s do the break\", 'cause...\n\n[Chorus: Baby Rose]\nSelf love is the best love\nBut your love was the worst drug\nSelf love is the best love\nBut your love is the worst drug\n\n[Post-Chorus: Baby Rose]\nAh, ah, ah-ah-ah\nAh, ah-ah-ah (Oh)", "image": "https://images.genius.com/3e143a04fc7df0a0b1da308ae8646e93.1000x1000x1.jpg"}], "artist": "Dreamville, Ari Lennox & Bas"}