{"songs": [{"title": "Cassius Clay", "album": null, "year": "2019-10-24", "lyrics": "[Verse 1 - Avelino]\nMade this happen, I was the cause\nHand me the baton, hand me the torch\nRunning the\u2005game\u2005like it's a\u2005sport\nBut all I got in this\u2005world is my word and my balls\nYeah\nSays Scarface\nYeah\nGoodFellas learn the hard way\nNever had a godfather or my padres so I went and got some margellas for my marg\u00e8\nCause it's been graveyard shifts since I put my dad in his grave\nMade it out of the maze, I'm in amazement\nNo haram, I go ham when I pray\nCause there's no real helping hand when handling pain\nGod made man in his image, I'ma create\nI'ma be great, mi casa, su casa, Cassius Clay\nRumble in the jungle, I'm from the land of the brave\nSouls in the sea, I rode in the deep, now we're the wave\nYo, Dave man, I still remember conversations\nAbout awards and invalid validations\nI got the world in my hands, that's world domination\nMan, I'm not partway just popping into the population\nI got dreams and ambitions, people that listen\nLove the fans cause all I had was fiends and a kitchen\nI'm in Dior, guess I'm preachin' in Christian\nMy pockets deep but my genes full of riches\nYeah\nThe sentence of a king, I got people who depend on me, the penance of a king\nMy teacher mentioned credit, never said it was a thing\nWhy you think the mortgage lender isn't lending her a thing\nYeah\nFrom a real estate to real estates\nMade sure I ate with all my niggas before the dinner dates\nYeah\nI had so much on my plate, now I'm eating like a king, had to work like a slave\nImagine if we never imagined this\nImagine if our imaginations couldn't fathom it\nImagine if the butterfly effect was a caterpillar in the Garden of Eden by the tree where the apple is\nI'm way too talented\nTo still be in the sticks where there's javelins\nI'm Olympic, on mount Olympus's peak\nAt the top it's only us, I'm with my G's\nBut I ain't gotta be high, there's higher powers than me\nIt's A V\nI fell asleep and spoke to MJ\nAnd he told me to heal the world, make it a better place\nNuff red jackets in my ends, it's the end days\nWhy you think I'm rollin' with trendsetters that set pace?\nGrew up in a race\nWhere the races are places where they wanna replace us, I'm patient but then I'm impatient, God's grace has been ever so gracious\nSomething to say but I'm the savior cause I'm in the Matrix, and alien cause I'm in a spaceship, I saw my niggas on slave ships\nI remember tellin' Whitney, \"You're my queen\"\nI was selling Bobby New Edition on my street\nFriends were taking pictures taking, taking pictures of me team\nWhen saw the bigger picture than the picture of my dreams\nIt was nightmares where we lost [?]\nHad the nigga feelin' outta place at his home address\nI'm the first nigga with insomnia who overslept\nI paid 70 in taxes, it don't match what I owe to them\nMan, it's crazy\n\n[Verse 2 - Dave]\nLately I see a lot of men tryna play me\nI ain't an escort but it's fuck you, pay me\nDeja vu every time that I get a break, G, I used to visualize my reality in a daydream\nDream to be happy, are you happy with a dream team?\nFull of happy niggas, are you happy with your team?\nHow many men are talented and ended up on the street?\nYou've been to act on it, now he looks unhappy with the scene\nSeen, I mean Happy Halloween\nMe and the team branched out from selling leaves\nIf my life was a film, the title on it's release would have to be, \"Just Read This One Incredible Scene\"\nI ain't had a break since the peddle bike in my teens, so I wouldn't lose sleep if you couldn't sell me a dream\nI'm tighter than guys, it's all lies that they're feeding\nThe seeds of the seed grew the tree in the trees and no reason for the way that you living, make a decision\nI hate mediocrity, last dream I had I saw Socrates and he told me to believe in my philosophy\nI just do numbers, I ain't waitin' on the lottery\nI'm the best on the scene\nThe only thing that follows in your mentioning me\nMan invested in a girl interested but she ain't invested if she don't stay interested in your dreams\nDo your best for your queen, I invest for the queen\nThere's a big fucking difference\nWhen I was 18 I was six-figure nigga trigger happy, I'ma killer\nFor dinners we ate livers and corn beef\nI work in silence, my touch Midas, yes\nColor isn't real but don't let 'em divide us\nWe're all blacks tryna run our own race in our own way feeling pressure from our own race\nStrugglin' to relate\nIn a black man's eyes, I see pride, see pain", "image": "https://images.genius.com/458d8842ed48d66dc3ad1b45d885a367.740x740x1.jpg"}], "artist": "Avelino"}