{"songs": [{"title": "Love Me Right", "album": "Conex\u00e3o - EP", "year": "2018-03-02", "lyrics": "[Verse 1]\nTell me because I've said it all\nI've got a feeling we must've hit a wall here\nAnd baby boy, please tell me like it is\n'Cause you talk love but you never act on it\n\n[Pre-Chorus]\nBecause the drive it is alive and honey, it is calling you\nAnd I'm numb, you're tryna hide it, baby, I need more from you\nSo could you please respond to me because I'll never understand\nI give you the keys and while you gladly take 'em you, don't use them\n\n[Chorus]\nYou tell me all the time, baby\nI'm the light in your life\nAnd you love me more each day\nYou are starting to drive me crazy\nWhy won't you realise you gotta love me right, baby\n\n[Post-Chorus]\nOh yeah\n(All night, come love me right)\n\n[Verse 2]\nHelp me I feel I've lost myself\nIt's just this one thing, we're great everywhere else\nOr is it just me? Am I not what you want?\n'Cause if that's the case baby, why lead me on?\n\n[Pre-Chorus]\nBecause the drive it is alive and honey, it is calling you\nAnd I'm numb, you're tryna hide it, baby, I need more from you\nSo could you please respond to me because I'll never understand\nI give you the keys and while you gladly take 'em you, don't use them\n\n[Chorus]\n(Why won\u2019t you)\nYou tell me all the time, baby (babe)\nI'm the light in your life\nAnd you love me more each day\nYou are starting to drive me crazy (say, ya)\nWhy won't you realise you gotta love me right, baby (why won\u2019t)\nYou tell me all the time, baby\n(Come on, you\u2019re in the zone, I need you here right next to me)\nI'm the light in your life\nAnd you love me more each day\n(Come on, get off your phone, I need to feel your body)\nYou are starting to drive me crazy\nWhy won't you realise you gotta love me right, baby\nYou tell me all the time, baby\nI'm the light in your life\nAnd you love me more each day\nYou are starting to drive me crazy\nWhy won't you realise you gotta love me\n\n[Bridge]\nOhh, that I\u2019m the light in your life\nAnd you love me more each day (Come on now, baby)\nWhy won\u2019t you realize (You got to, you got to, my baby)\nYou gotta love me right, baby\n\nYou tell me all the time, baby (Love on me, love on me, you love me)\n(I want your love on me, love on me, you love me)\nI\u2019m the light in your life\n(Love on me, love on me, you love me)\nAnd you love me more each day\nYou are starting to drive me crazy\nWhy won't you realise you gotta love, right right right\n\nYou tell me all the time, baby\nI\u2019m the light in your life\nAnd you love me more each day\nYou\u2019re starting to drive me crazy\nWhy won\u2019t you realize\n\n[Outro]\nOhh, love\nLove me\nLove me right", "image": "https://images.genius.com/0ee7944633d00d71f287ca87c82750de.640x640x1.jpg"}], "artist": "Amber Mark"}