{"songs": [{"title": "Naah Done", "album": null, "year": "2018-06-08", "lyrics": "(Intro)\nDa music, music, music, music, music\nDa musicman is here\n\n(Verse 1)\nYo\nSee you look\nYou wah be my ting\nAll the feelings you\u2019re fighting\nGet a drink, waves and vybzing\nYou want to lock off the light ting\nYou want to lock off the light ting?\nWine and rum, you nuh mind den?\n\n(Pre chorus)\nOoh all hours ah di night and\nYou nuh stop call fi the sin ting\nYou nuh stop call for the sin ting naah\nI\u2019ma gwaan bad call 911\nSuppose me hol' back and say you can\u2019t get none\nYou deh go mad and alI lose control\nWho, who you gon call when you waan get some?\nWho you gon call when you waan get some?\nBeat up di ting like you beat pon drum\nBeat up di ting mek mi weak\n\n(Chorus)\nCah the lovin\u2019 can\u2019t done fi you\nLovin\u2019 can\u2019t done from ya call my line\nLovin' can\u2019t done fi yah, nah nah\nLovin\u2019 can\u2019t done from ya call my line\nLovin' can\u2019t done fi yah, nah nah\nLovin\u2019 can\u2019t done from yah call my line\nLovin' can\u2019t done fi yah, nah nah\nLovin\u2019 can\u2019t done from yah call my line\n\n(Verse 2)\nYo, yo\nIf you can\u2019t drive, then you better can ride\nIf you can\u2019t ride boy you haffi take flight\nBig ooman ting we nuh bother play ah no toy\nGyal nuh waan no deddy deddy bwoy\nWant a king pon a throne ting\nAnd when it comes to love, ah nuh joke ting\nIs you wild? He got me hoping\nCaribbean girls yeah we run tings\nBuss a wine, wine your waist ting\nLook pon the time you did ah waste and\n\n(Pre chorus)\nOoh all hours ah di night and\nYou nuh stop call fi the sin ting\nYou nuh stop call for the sin ting naah\nI\u2019ma gwaan bad call 911\nSuppose me hol' back and say you can\u2019t get none\nYou deh go mad and alI lose control\nWho, who you gon call when you waan get some?\nWho you gon call when you waan get some?\nBeat up di ting like you beat pon drum\nBeat up di ting mek mi weak\n\n(Chorus)\nCah the lovin\u2019 can\u2019t done fi you\nLovin\u2019 can\u2019t done from ya call my line\nLovin' can\u2019t done fi yah, nah nah\nLovin\u2019 can\u2019t done from ya call my line\nLovin' can\u2019t done fi yah, nah nah\nLovin\u2019 can\u2019t done from yah call my line (mmmm)\nLovin' can\u2019t done fi yah, nah nah (lovin\u2019 naah)\nLovin\u2019 can\u2019t done from yah call my line (no it naah done)\n\n(Bridge)\nHand inna di air from you ting never deddy\nYou ah first class and them ting never ready\nDem ah run down, dem a run down your celly\nLock off the phone, vodka and cranberry\nCah mi\nLovin' naah\nNo it naah done\n\n(Pre chorus)\nOoh all hours ah di night and\nYou nuh stop call fi the sin ting\nYou nuh stop call for the sin ting naah\nI\u2019ma gwaan bad call 911\nSuppose me hol' back and say you can\u2019t get none\nYou deh go mad and alI lose control\nWho, who you gon call when you waan get some?\nWho you gon call when you waan get some?\nBeat up di ting like you beat pon drum\nBeat up di ting mek mi weak\n\n(Chorus)\nAnd the lovin\u2019 can\u2019t done for you\nLovin\u2019 can\u2019t done for me, call my line\nLovin' can\u2019t done for you, nah nah\nLovin\u2019 can\u2019t done for me, call my line\nLovin' can\u2019t done for you\nLovin\u2019 can\u2019t done for me, call my line\nLovin' can\u2019t done for you, nah nah\nLovin\u2019 can\u2019t done for me, call my line\n\n(Outro)\nLovin\u2019 naah\nNo it naah done\nLovin\u2019 naah\nNo it naah done\nLovin\u2019 naah\nNo it naah done", "image": "https://images.genius.com/e6c91b453d831b5184da84a0a0891381.500x500x1.jpg"}], "artist": "Alicai Harley"}