{"songs": [{"title": "What Is It", "album": "Cyclone", "year": null, "lyrics": "[Baby Bash and Sean Kingston]\nBash\nTell me, what it do\nTell me, what it do\nKingston (What is it)\nWhat\nWhat\nWhat is it\nHey, hey, hey, hey\n\n[Chorus: Baby Bash and Sean Kingston]\nWhat is it\nLet me see you go mama, go mama\nWhat is it\nGet your girls and put on a show, mama\nWhat is it\nGet it on the floor and dip it low, mama\nWhat is it, what, what\nWhat is it, what is it\n\n[Chorus: Baby Bash and Sean Kingston]\nWhat is it\nLet me see you go mama, go mama\nWhat is it\nGet your girls and put on a show, mama\nWhat is it\nGet it on the floor and dip it low, mama\nWhat is it, what, what\nWhat is it, what is it\n\n[Verse 1: Baby Bash]\nI'm a holler back, then I pop my collar back\nGirl, I see that\nDa-da-da, dunk\nI want all of that, follow that\nTrain man, follow that caboosey\nAin't nathin' in the world\nLike some thick, and some juicy\nShe going downtown, cause her favorite DJ's spinnin'\nI'm all up in the door, so I'm already winnin'\nI got a lot of women, but I'm way too choosey\nAnd then I love my cake, like that Ricky love Lucy\nOn some peanut butter leather, with the wood so grainy\nIt must be raining dollars, cause she lookin' so gravy\nSophisticasted lady, pop it to the end, what it do\nWhat the busi', baby girl, tell me what's happenin', what's happenin'\n\n[Chorus: Baby Bash and Sean Kingston]\nWhat is it\nLet me see you go mama, go mama\nWhat is it\nGet your girls and put on a show, mama\nWhat is it\nGet it on the floor and dip it low, mama\nWhat is it, what, what\nWhat is it, what is it\n\n[Chorus: Baby Bash and Sean Kingston]\nWhat is it\nLet me see you go mama, go mama\nWhat is it\nGet your girls and put on a show, mama\nWhat is it\nGet it on the floor and dip it low, mama\nWhat is it, what, what\nWhat is it, what is it\n\n\n[Pre-Verse: Baby Bash]\nShe move like she dancing on YouTube\nThe kind of chica that you really ain't used to\nDame lo, dame lo, mami, shoot through\nIn my ear, talkin' 'bout, I'm a do you\n\n[Verse 2: Baby Bash]\nEveryone top-notch it\nEverybody watch it\nAin't no punk, when she pop, lock and drop it\nStraight show stop it\nWatching me perform\nGot the Cyclone ringtone on the phone\nI feel it on my body, baby, girl, I'm in the zone\nMust be the goose mixed with a little 'Tron\nShe make it happen, Cap'n, feeling on me\nWe in the billin' and we feeling like wee\n\n[Chorus: Baby Bash and Sean Kingston]\nWhat is it\nLet me see you go mama, go mama\nWhat is it\nGet your girls and put on a show, mama\nWhat is it\nGet it on the floor and dip it low, mama\nWhat is it, what, what\nWhat is it, what is it\n\n[Chorus: Baby Bash and Sean Kingston]\nWhat is it\nLet me see you go mama, go mama\nWhat is it\nGet your girls and put on a show, mama\nWhat is it\nGet it on the floor and dip it low, mama\nWhat is it, what, what\nWhat is it, what is it\n\n[Hook: Sean Kingston]\nWhat-da-da-dang\nWhat-da-da-da-dang, hey\nWhat-da-da-dang\nWhat-da-da-da-dang, hey\nWhat-da-da-dang\nWhat-da-da-da-dang, hey\nListen to the sound, everybody go (Go)\n\n[Hook: Sean Kingston]\nWhat-da-da-dang\nWhat-da-da-da-dang, hey\nWhat-da-da-dang\nWhat-da-da-da-dang, hey\nWhat-da-da-dang\nWhat-da-da-da-dang, hey\nListen to the sound, everybody go (Go)\n\n[Chorus: Baby Bash and Sean Kingston]\nWhat is it\nLet me see you go mama, go mama\nWhat is it\nGet your girls and put on a show, mama\nWhat is it\nGet it on the floor and dip it low, mama\nWhat is it, what, what\nWhat is it, what is it\n\n[Chorus: Baby Bash and Sean Kingston]\nWhat is it\nLet me see you go mama, go mama\nWhat is it\nGet your girls and put on a show, mama\nWhat is it\nGet it on the floor and dip it low, mama\nWhat is it, what, what\nWhat is it, what is it", "image": "https://images.genius.com/69bd397f014a4543a9fdd4e9c049845a.600x600x1.jpg"}], "artist": "Baby Bash"}