{"songs": [{"title": "Suga Suga", "album": null, "year": null, "lyrics": "So tight, so fly\nYou got me lifted, you got me lifted\n[Frankie J.]\nYou got me lifted shifted higher than a ceiling\nAnd ooh wee it\u2019s the ultimate feeling\nYou got me lifted feeling so gifted\nSugar how you get so fly?\nSuga suga how you get so fly?\nSuga suga how you get so fly?\nSuga suga how you get so fly?\nSuga suga how you get so fly?\n[Baby Bash]\nYou know it's leather when we ride\nWe're flinging rawhide\nDoing what we do, watching screens getting high\nGurl you keep it so fly with you sweet hunnybuns\nYou was there when the money was gone\nYou\u2019ll be there when the money comes\nOff top I can't lie I love to get blowed\nYou my lil'sugar, I'm yo little chulo\nAnd every time we kick it it\u2019s off to the groovy\nTreat you like my sticky ickey or my sweet oowy goowy (fa real though)\n[Frankie J.]\nYou got me lifted shifted higher than a ceiling\nAnd ooh wee it\u2019s the ultimate feeling\nYou got me lifted feeling so gifted\nSugar how you get so fly?\nSuga suga how you get so fly?\nSuga suga how you get so fly?\nSuga suga how you get so fly?\nSuga suga how you get so fly?\n[Baby Bash]\nNow I ain't worried about a thang cause I just hit me a lick\nI got a fat sack and a superfly chick\nThere ain't nothing you can say to a playa\nCause doowop, she fly like the planes in the air\nThat\u2019s right she\u2019s full grown setting the wrong tone\nI'm digging the energy and I'm loving the o-zone\nSo fly like a dove so fly like a raven\nQuick to politic with some fly conversation\nIn a natural mood then I'm a natural dude\nAnd we some natural fools blowing out by the pool\nShe like my sexy-cool mama with blades on her berata\nRockin' Dolce Gabbana (Italian) with highdrows and a Cubana\n[Frankie J.]\nYou got me lifted shifted higher than a ceiling\nAnd ooh wee it\u2019s the ultimate feeling\nYou got me lifted feeling so gifted\nSugar how you get so fly?\nSuga suga how you get so fly?\nSuga suga how you get so fly?\nSuga suga how you get so fly?\nSuga suga how you get so fly?\n[BRIGE]\nYou know it's leather when we ride\nWe're flinging rawhide\nDoing what we do, watching screens getting high\nGurl you keep it so fly with you sweet hunnybuns\nYou was there when the money was gone\nYou\u2019ll be there when the money comes\nYou know it's leather when we ride\nWe're flinging rawhide\nDoing what we do, watching screens getting high\nGurl you keep it so fly with you sweet hunnybuns\nYou was there when the money was gone\nYou\u2019ll be there when the money comes (fa real though)\n[Frankie J.]\nYou got me lifted shifted higher than a ceiling\nAnd ooh wee it\u2019s the ultimate feeling\nYou got me lifted feeling so gifted\nSugar how you get so fly?\nSuga suga how you get so fly?\nSuga suga how you get so fly?\nSuga suga how you get so fly?\nSuga suga how you get so fly?\nSo high like I'm a star\nSo high like I'm a star\nSo high like I'm a star\nSo high like I'm a star\nAzucar", "image": "https://images.genius.com/bc082a91a318bb46fe9f277e0f6b2166.399x399x1.jpg"}], "artist": "Baby Bash"}