{"songs": [{"title": "The Ultimate", "album": "That\u2019s Them", "year": "1997-04-15", "lyrics": "Transmitting live via satellite\n(uh, yeah... who we be) hah\nThe one's two's (we be the next man, to get wreck and)\nTo the three's, to the four's, to the five's, uhh\n\n[Intro/Chorus]\nYou know the time when we rock the spot\nArtifacts, New Jeruz, catch wreck and get the props\nYou know the time when we rock the shit\nTame One and MC El we be the ultimate\n\n[Verse 1: El Da Sensei & Tame One]\nWe bring forth the swords in rap sports\nNiggas play the bench for us, overtime if niggas wanna shine\nDivine with the intricate shit, who wanna bring it\nTo the table able now it's stable on the disc\n\nThe Heineken bottle catcher, drops ya, slasher\nDat's the the bastard with the fastest ass capture\nNo moonwalk, my tune's talk all by they fuckin lonely\nPhone me home I'm in the middle like I'm Monie (E.T.)\nLove to do dubs on deck without a mic check\nCollect no checks (huh) but catch wreck on sets\n(Deuce deuce nigga! What? L.O.D. too)\nDeuce deuce is loose PPP represent see\nDef Squad, Boom Skwad, and Artifacts make three\nLike Dennis Scott droppin one for the wisdom\nCause when I gets em, I'll be fuckin up they system\nAltar bitches cheer when I appear from the mist\nPriceless, ice-diss and never see another Christmas\n\nYou play Risk when you dealin with the New Jeruz two blitz\nWithout the use of two clips, niggas styles still be fluid (still)\nThe cat, darer with the terror off hands (hah!)\nWithout bands we rock spots in all lands (all lands)\nNigs be playin and we stand for the susbtance\nSubject's the basement, MC's be patient\nCause all that Russian/rushin save that shit for the dressing\n(Word up) BS we stand strong wack niggas we addressin\n\n[Chorus] repeat 2X\n\n[Verse 2: Tame One]\nTest me, the best be, checkin for my recipes (mmm)\nMess with me and I'll be drainin all your fuckin energy (boo-yaa!)\nGalactic tactics match wits I'm from the Bricks (yeah nigga)\nI used to catch a switch from any walk-by bitch (bitch!)\nBut now I'm to the break like disc jocks, dis rock is hot\nGot props and plus bust shots for what I got (booyaka booyaka)\nDon't sniff shit but snot hops, you better watch your snotbox\nI'll diss you, then I'll clear the air like Scott tissue\nThe issue got a barcode on funkmode\nSo now I pack a trunkload of skunk, for the underground chumps\n(Hoo-wee!) Cause I bumps in any system, who dissed em?\nWatch me back them up from all the way from New Jeru\nTo Manhattan (Manhattan) satin and silk, kill the best built\nI guess the milk was no good, so now I'm classified a true hood\nCheck this nigga, live on Kodak tits\nOr bust a pimp, cause I'm not a boogaloo shrimp\nTame One the Jesus and the Judas\nCause when I hit the buddhas, my problem's manifest is deep-rooted\n(yeah, that's it, wordup)\n\n[Chorus] repeat 2X\n\n[Verse 3: El Da Sensei]\nMC, universal no rehearsal on tap with rap so\nMagnificent sufficient all that tall facts\nFrom the six footer, in slang I be the gooder, goodest\nBest put to rest acts that's less\nSub-regular wreckster, prefer tracks to measure\nSize up, MC's that need to wise up, fuckin they lives up\nUrban survivalist, live with this, closed style (whassup)\nTribalist, that gets, all up in your shit (That's Them, huh)\n(Yeah, all up in your shit)\nFor all reasons, number one you're sleepin\nSpeakin like a deacon catch the drops my props leakin\n(Praise the Lord) Seekin on the deep end, sinkin while I'm thinkin\nOf ways, to slay my competition without blinkin (hah!)\nThe ink's on the sheet with rhymes that are unique\nComplete batter, astoundin feats yo it don't matter\n(Don't matter) Capi-talize, while I'm, categorized\nThe G-L to the Tame to the O-N-E\n\n[Chorus] repeat 4X", "image": "https://images.genius.com/d5a8483aa7871d4d8e089dd37d52240b.941x937x1.png"}], "artist": "Artifacts"}