{"songs": [{"title": "Maria", "album": "Netflix & Deal", "year": "2019-11-13", "lyrics": "[Intro]\nYeah\nUh, know what I'm sayin' (Meet on the Westside Story, arriba)\nTryna pull up in the\u2005Tesla\u2005with my feet\u2005up (Paisano, dios mios)\nAy, dios mios\n(Woah,\u2005Kenny)\n\n[Chorus]\nTryna pull up in a Tesla with my feet up\nKeep fuckin' up my re-up\nSo I pull up on Mar\u00eda, she my se\u00f1orita\nAnd the plug is her peoples\nShe said she gon' let me meet 'em\nSo I pull up on Mar\u00eda\nPull up in a Tesla with my feet up\nWhen I pull up on Mar\u00eda\nShe's a se\u00f1orita, the plug is her people\nShe said she gon' let me meet 'em (Ooh)\n\n[Verse 1]\nPull strings like I'm Carlos Santana\nWild Thoughts, Bryson Tiller, Ri-Ria\nWatts singer fuckin' over your career\nSince I made Shittin' I been havin' diarrhea\nI sold drugs when I ain't have an ID yet\n103 right off the 105 freeway\nHave you sold dope and spoke Swahili to the Keeways?\nDamus, Pirus, a few Hispanic peoples\nRun it up like Speedy, like arriba, arriba\nI never been a rat, I had the packs inside the speakers\nDrummer Gang, when they gon' call the beef, we turn the beat up\nHeat up, load the chopper, let the Tesla help his leader\n\n[Chorus]\nPull up in a Tesla with my feet up\nKeep fuckin' up my re-up\nSo I pull up on Mar\u00eda, she my se\u00f1orita\nAnd the plug is her peoples\nShe said she gon' let me meet 'em\nSo I pull up on Mar\u00eda\nPull up in a Tesla with my feet up\nWhen I pull up on Mar\u00eda\nShe's a se\u00f1orita, the plug is her people\nShe said she gon' let me meet 'em (Ooh)\n\n[Verse 2]\nMaria, she full of grace, travelin' out the state\nMatter fact the country, balloons while I float away\nPowder in her nose, ain't no makeup on her face\nShe ain't tryna make mistakes 'cause I know where this lady stay\nChange the case and raise the stakes, I rode up in eight estate\nBaby, I'm a wolf, so moon and, nigga, let's see the cake\nShe shit out the project, then we clean it and weigh away\nDrummer Gang don't save the base, we handin' out 808's\nChopper turn a nigga dirty dreads to a taper fade\nAR's for everyone, go open with artillery\nHit a nigga artery, make a nigga amputate (Ka-ka-ka, ka-ka-ka, ka-ka-ka, ka-ka-ka)\n\n[Chorus]\nTryna pull up in a Tesla with my feet up\nKeep fuckin' up my re-up\nSo I pull up on Mar\u00eda, she my se\u00f1orita\nAnd the plug is her peoples\nShe said she gon' let me meet 'em\nSo I pull up on Mar\u00eda\nPull up in a Tesla with my feet up\nWhen I pull up on Mar\u00eda\nShe's a se\u00f1orita, the plug is her people\nShe said she gon' let me meet 'em (Ooh)\n\n[Outro]\nYeah\nOoh, ooh, ayy\nDamn\n03, ayy\nYeah\nAyy, ayy\nOoh", "image": "https://images.genius.com/148015cc6973a2683e566497ae028009.1000x1000x1.jpg"}], "artist": "03 Greedo & Kenny Beats"}