{"songs": [{"title": "Rescue Me", "album": "The New Look", "year": "1965-09-25", "lyrics": "Rescue me\nOr take me in your arms\nRescue me\nI want your tender charms\nCause I'ma lonely and\nI'm blue\nI need you\nAnd your love too\nC'mon and rescue me\nC'mon baby and rescue me\nC'mon baby and rescue me\nCause I need you, by my side\nCan't you see that I'm lonely?\nRescue me\nC'mon and take my heart\nTake your love and conquer every part\nCause imma lonely and I'm blue\nI need you\nAnd your love too\nC'mon and rescue me\nC'mon baby and rescue me\nC'mon baby and rescue me\nCause I need ja need ja by my side\nCan't you see that I'm lonely?\nRescue me\nOr take me in your arms\nRescue me\nI want your tender charms\nCause I'm a lonely and blue\nI need you\nAnd your love too\nC'mon on and rescue me\nC'mon baby\nTake me baby\nHold me baby\nLove me baby\nCan't you see that I need you baby?\nCan't you see that I'm lonely?\nRescue me\nC'mon and take my hand\nC'mon baby and be my man\nCause I love you\nCause I want you\nCan't you see that I'm lonely?\nMhm, mhm, mhm, mhm\nTake me baby, (take me baby)\nLove me baby, (love me baby)\nNeed me baby, (need me baby)\nMhm, mhm, mhm\nCan't you see that I'm lonely baby?\nRescue me\nRescue me\nMhm, mhm, mhm", "image": "https://images.genius.com/84ed2412d1b6fbf56ce3c67fc1da3fe5.203x200x1.jpg"}], "artist": "Fontella Bass"}