{"songs": [{"title": "Time Machine", "album": "AK7", "year": "2019-11-20", "lyrics": "[Verse 1]\nFear of what's in the mirror, yeah\nSo much to be afraid of\nScared of what we're\u2005made\u2005of\nAnd what we\u2005might be\n\n[Verse 2]\nYoung life flies out the\u2005window, yeah\nIt's not the time that changed us\nIt's the dreams that we weren't chasing\nCome back to haunt us, eventually\n\n[Pre-Chorus]\nThat's why every morning, after dawn and\nTell your darling something is calling\nDrive me crazy, I just can't explain it\n\n[Chorus]\nGo out of your mind (Out of your mind, out of your mind, out of your mind)\nGo out of your mind (Out of your mind, out of your mind)\nNo, we can't rewind, life ain't no time machine\nBut once you free your mind, there's beauty in everything\n\n[Pre-Chorus]\nThat's why every morning, after dawn and\nTell your darling something is calling\nDrive me crazy, I just can't explain it\n\n[Chorus]\nGo out of your mind (Out of your mind, out of your mind, out of your mind)\nGo out of your mind (Out of your mind, out of your mind)\nNo, we can't rewind, life ain't no time machine\nBut once you free your mind, there's beauty in everything\n\n[Instrumental]", "image": "https://images.genius.com/802909d6e7b87ccd1df3b0a3fb3b4fd0.1000x1000x1.jpg"}], "artist": "Alicia Keys"}