{"songs": [{"title": "Can You Feel It", "album": "Matte Black Soul", "year": "2014-12-12", "lyrics": "[Prod. Phoniks]\n\n[Intro]\nWe doing this for the real\nReal, Awon\nNigga try me\nHaha\nLets go\n\n[Verse 1: Awon]\nWith this mic I'm a savage\nMy musical knowledge\nAbove average\nIll beats the precursor to my marriage\nHow niggas gonna try me\nI'm too dedicated\nHip Hop PHD\nI'm too educated\nSaw the love unfold\nBefore it separated\nNow it's big enough for genres\nAnd completely segregated\nI mean saturated\nWith a bunch of biters\nHow you gonna try me\nWhen I'm your ghost writer\nGet your flow tighter\nI'm the wax poetic\nUnsung emcee and I do get credit\nBut yall niggas debit\nFrom the legends\nWho have fathered you\nCarve your own path\nWhere I'm from they don't sponsor you\nBut I'm gonna make\nThe funky music that you nodding to\nMy life is the culture\nNever been to a harder school\nIn it from the gate\nThere's no need for all debate\nOnline they see the handle\nAwon1988\n\n[Hook]\nCan you feel it\nNothing can save ya\nFor this is the season\nFor catching a favor\n\nOnly get into this music because you love it\nYou got to separate the art from the difference\nMoney is not the driver\nYour drive is the will of one to play\nI know I had other plan b's, and things I was into\nBut bottom of my heart I knew I would do this\nI'm gonna be an emcee\nI'm gonna be one of the most successful\nAnd this is what it's gonna be\n\n[Verse 2: Awon]\nHey sucka nigga\nWhere ever you are\nI'm born invincible\nI got math from Jashiem And Bar\nIt was Fort Greene\nSupreme, 50, and C Allah\nJust Ice, Dana Dane\nAnd killed Ben who they are\nThat's the cocaine 80s\nHomicide crazy\nAmidst all the chaos\nHip Hop had a baby\nNow I you hear Awon\nSpitting radical verses\nMurder emcees and putting rappers in hearses\nEvery time I disperse it\nThe urge to get my thirst quenched\nGrows bigger that nigga\nTry me as your merchant\nOf dreams\nOn my bundle of Scheems\nThe stories real\nThe life of an emcee\nTrying get a deal\nTrying to see a mill\nTrying to feel the thrill\nTry me for that ill unadulterated skill\nNew dawn of the era\nGot swag got cheddar\nTry me and you will soon see\nNone better", "image": "https://images.genius.com/c4fd4d1c0f44ea3938f76991d88dea15.999x999x1.jpg"}], "artist": "Awon"}