{"songs": [{"title": "Bawdy", "album": "Magic Is Real", "year": "2019-09-18", "lyrics": "Ah, c'mon\nIt's the time to move\nTo the groove\nLet's go\nDo what you do\n\nMove your bawdy-awdy\nWork your\u2005bawdy-awdy\n\nMove\u2005your bawdy-awdy\nWork your\u2005bawdy-awdy\nMove your bawdy-awdy\nWork your bawdy-awdy\nUh\nLet's go\n\nAll\u2005the girls and the boys wanna play\nGet a fork get a knife get a plate\nPatty, patty, patty cake\nI'm cutting up and everybody wanna taste\n\nShake your bawdy\nWork your bawdy\nShake your bawdy\n\nThey say ooh\nLook at that bawdy, look at that bawdy\nOoh look at that bawdy\nOohhh all dat?\nLook at that bawdy\n\nBody\nBody\nBody\nBody\nBody\nBody\nBody\nBody\nBody\nShake your bawdy-awdy\nLet's go now\n\nLet's go now\nLet's go now\nMove your bawdy\nWork your bawdy\nMove your bawdy\nDon't hurt nobody\n\nWork your bawdy\nMove your bawdy\nWork your bawdy\nDon't\nLet's go now\n\nAss all that ass don't need fries with dis shake\nI need cash plenty cash while I bounce these beignets\nAss all that ass don't need fries with dis shake\nI need cash plenty cash while I bounce these beignets\n\nAll the girls and the boys wanna play\nGet a fork get a knife get a plate\nPatty, patty, patty cake\nI'm cutting up and everybody wanna taste\n\nShake your bawdy\nWork your bawdy\nShake your bawdy\n\nThey say ooh\nLook at that bawdy, look at that bawdy\nOoh look at that bawdy\nOoh all dat?\nLook at that bawdy\n\nBody\nBody\nBody\nBody\nBody\nBody\nBody\nBody\nBody\nShake your bawdy-awdy\nLet's go now\n\nLet's go now\nLet's go now\nMove your bawdy\nWork your bawdy\nMove your bawdy\nDon't hurt nobody\n\nWork your bawdy\nMove your bawdy\nWork your bawdy\nDon't\nLet's go now", "image": "https://images.genius.com/29497968e050cdfa05945a02c7f469ae.1000x1000x1.jpg"}], "artist": "Dillon Francis & TV Noise"}