{"songs": [{"title": "Plastic", "album": "EMMANUEL", "year": "2019-09-18", "lyrics": "[Verse]\nGot that taste of the good life\nI just fade in the moonlight\nNiggas only hate when\u2005you\u2005do right\nEverything changed,\u2005got a new life\nI see things\u2005in a new light\nJust came back from the Southside\nShit get hot when you're outside\nWe bang Screw on my side\nWe don't do shit for the good guys\nRed bloodstains in a blue sky\nMotherfuckers aim when you sit high\nBeen a couple days, but I'm still high\nI'ma go buy me a Rothko\nPaint it real bright, like Picasso\nH-Town nigga, but I want more\nTry to touch the sun, but I got burned\nYou could be in pain, but the world turn\nCan't think straight, but I still learn\nCop take aim, but I still ran (Let me see your hands)\nI been on the run every day since\nI was real late for the payments (Get down)\nI sold drugs, and it made sense\nI got high on my own shit\nCracked my face in the pavement\nThink I shoulda died 'bout a hundred times\nWorld ain't safe for the other guys\nIt'll be alright when the sun rise\nStayed up late, hear the gunshots\nHope it ain't me; if I get shot\nDon't put my face on a t-shirt\nI take pills, but it still hurt\nI take more, but it don't work\nI lost you and I feel worse\nI been lost for a long time\nFeelin' like I'm seein' for the first time\nFeelin' real throwed, but I'm not alone\nWrote in that phone, but it set in stone\nNiggas want plex, but I got the chrome\nSeein' real low when I drive slow\nNiggas want more, but I gotta go", "image": "https://images.genius.com/1166ca41d40c349d1eca7a115950fca4.939x939x1.jpg"}], "artist": "Ameer Vann"}