{"songs": [{"title": "Plain Jane REMIX", "album": null, "year": "2017-12-15", "lyrics": "[Intro: Nicki Minaj & A$AP Ferg]\nYoung Money\nAyo, Ferg\nYeah\n\n[Chorus: A$AP Ferg]\nRide with the mob, Alhamdulillah\nCheck in with me and do your job\nFerg is the name, Ben Baller did the chain\nTourneau for the watch, presi Plain Jane\n\n[Verse 1: A$AP Ferg]\nYamborghini chain, rest in peace to my superior\nHerm\u00e8s link could feed a village in Liberia\nTMZ taking pictures, causin' mad hysteria\nMomma see me on BET and started tearin' up\nI'ma start killin' niggas, how you get that trife?\nI attended Harlem picnics where you risked your life\nUncle used to skim work, sellin' nicks at night\nI was only 8 years old, watching Nick at Nite\nUncle Psycho was in that bathroom buggin'!\nKnife to his gut, hope Daddy don't cut him\nSuicidal thoughts brought to me with no advisory\nHe was pitchin' dummy, sellin' fiends mad ivory\nGrandma had the arthritis in her hands, bad!\nShe was poppin' pills like rappers in society\nI'll fuck yo' bitch for the irony\nI'll send Meechy at yo' ho if yo' bitch keep eyein' me\n\n[Chorus: A$AP Ferg]\nRide with the mob, Alhamdulillah\nCheck in with me and do your job\nFerg is the name, Ben Baller did the chain\nTourneau for the watch, presi Plain Jane\nRide with the mob, Alhamdulillah\nCheck in with me and do your job\nFerg is the name, Ben Baller did the chain\nTourneau for the watch, presi Plain Jane\n\n[Post-Chorus: A$AP Ferg]\nSuck a nigga dick or somethin' (Yeah)\nSuck a nigga dick or somethin' (You already know, Harlem)\nSuck a nigga dick or somethin' (Queens)\nSuck a nigga dick or somethin' (Queens for the Kings of the Queens)\n\n[Verse 2: Nicki Minaj]\nAyo, I'ma explain why you prolly never see me\nI push a Lamborghini, chocha magic like Houdini\nMy body shaped like Jeannie, booty dreamy, waist is teeny\nYes, I told him to get TIDAL, so he stream me when he leave me\nI go hard in the booth, Biggie vibes, gimme the loot\nI'm a classy millionaire, bitches ain't got the couth\nC-O-U-T-H 'cause you can't spell it either\nIf I call him then he comin' home runnin', Derek Jeter\nBitches must be eatin' ass because I swear they're bottom feeders\nHo, you know that you my son, I shoulda scrapped you as a fetus\nAll these bitches rockin' inches 'cause they followin' the leader\nI should switch it up on hoes and rock a Afro like Lupita's\nI don't keep up with the Joneses, but I do know Catherine Zeta\nI'm with Candice, TT, Thembi, and Viola, mi amiga\nRap bitches, they gotta check in with the Queen\nI'm the Alpha, the Omega, everything in between, uh\n\n[Chorus: Nicki Minaj]\nRide with Minaj, mmh Mashallah\nCheck in with me, then do your job\nQueen is the name, Rafaello did the chain\nThis is Monse, Patty Plain Jane\nRide with Minaj, mmh Mashallah\nCheck in with me, then do your job\nQueen is the name, Rafaello did the chain\nThis is Monse, Patty Plain Jane\n\n[Post-Chorus: Nicki Minaj]\nEat a Barbie ass or somethin'\nEat a Barbie ass or somethin'\nEat a Barbie ass or somethin'\nEat a Barbie ass or somethin'\n\n[Outro: Nicki Minaj, A$AP Ferg & Kirk Knight]\nBrrt\nKirk Kneezy on the beat\nYo, you know this here for the city, nigga\nGold chains, Plain Janes, and all that good stuff\u2026", "image": "https://images.genius.com/34670f2b31fb63ae2df6e51dced2d0d4.1000x1000x1.jpg"}], "artist": "A$AP Ferg"}