{"songs": [{"title": "Onnat Fuck Shit", "album": "Best Of Dingo", "year": "2017-11-19", "lyrics": "[Intro]\n(Alright, put the money in the bag, put it in!)\nWoah, yuh, hey, aye\nHITTEMUH HITTEMUH\nShe just want me for my dick, nigga\nAye, aye, gang, gang, HITTEMUH\n\n[Verse 1]\nRing ring at yo bitch place\nTouch her waterfall, like Yao Ming\nSingle bitch with the ding-a-ling\nThat bird high, now she a chicken wing\nTrigger finger swingin' on that choppa\nNow a nigga light up like some [?]\nThis bitch callin' me her Darlene\nNow he wanna cause a fuckin' scene?\nNigga think it out, I'mma ring you out\nHad her pull me in, I'mma think about\nBitch I think out loud\nNow he on the ground, he can't make a sound\nI go face first in the pussy, that she can't resist\nSo I whip it out\nShe say \"damn daddy really wit' it\"\nTold her shut up and I put it in her mouth\nPop off like Rudolph, nigga I'm too raw\nTake the defeat, nigga you lost\nWe got it they set up, switch up on her like a period\nThree days late\nNiggas they hate from a whole different state\nThey lame, I guess it was fate\nRun in yo place, gun in yo face\nI'm in a crooked mind state\nThey tryna see me but bitch I'm invisible\nNigga you fake, you digital\nThis shit original, bitch I'm despicable\nYou just a studio criminal\nMy nigga stay with a pole like a stripper\nPack flipper, so you know he a gripper\nFuckin' yo bitch through my zipper\nFuckin' yo bitch in my slippers\n\n[Chorus]\nOnnat fuck shit, onnat fuck shit, bitch we onnat fuck shit\nOnnat fuck shit, onnat fuck shit, pull up onnat fuck shit\nYGNE onnat fuck shit, onnat fuck shit, onnat fuck shit\nBitch we onnat fuck shit (onnat fuck shit)\nBitch we onnat fuck shit\nOnnat fuck shit, onnat fuck shit, bitch we onnat fuck shit\nOnnat fuck shit, onnat fuck shit, bitch we onnat fuck shit\nBitch we onnat fuck shit, ayy, bitch we onnat fuck shit\nAyy, onnat fuck shit, onnat fuck shit, onnat fuck shit\n\n[Outro]\nYou don't want beef, stay vegetarian\nThat pussy wet, like an aquarium\nYou don't want beef, stay vegetarian\nThat pussy wet, like an aquarium\nYou don't want beef, stay vegetarian\nThat pussy wet, like an aquarium\nYou don't want beef, stay vegetarian\nThat pussy wet, like an aquarium", "image": "https://images.genius.com/8f45da3904ea3a25b3403e9cd6ee370e.500x500x1.jpg"}], "artist": "Bandingo YGNE"}