{"songs": [{"title": "BEEN HERE BEFORE", "album": "DROPPED OUTTA COLLEGE", "year": "2019-11-22", "lyrics": "[Intro]\nOoh, ooh\nBeen here before, I seen you often\nWalk in the door and then I seen\u2005you\u2005saucin'\nBet you in\u2005your bag right now\n'Cause you ain't\u2005hit me back right now\n\n[Chorus]\nBeen here before ('Fore), I seen you often (Yeah)\nWalk in the door (Door), and then I seen you saucin' (Woah)\nBet you in your bag right now (Now)\n'Cause you ain't hit me back right now (Now)\nBeen here before ('Fore), I seen you often (Yeah)\nWalk in the door (Door), and then I seen you saucin' (Woah)\nBet you in your bag right now (Now)\nGot me looking back right now (Now)\n\n[Refrain]\nBaby, don't go away\n'Cause I don't wanna throw away\nAll of the times that we had\nSaid I broke your heart, that's my bad\nBaby, don't go away\nAin't tryna find love today\nBut you lookin' bad on your birthday\nWhat I gotta do to deserve that?\n\n[Verse]\nClaimin' you the one that can change my life (Change my life)\nWhen you can't even change my mind (Change my mind)\nMillie on the wrist, can't turn back time (Turn back time)\nSticking to the script, you ain't learned your lines (Lines)\nClaimin' you the one that can change my life (Change my life)\nWhen you can't even change my mind (Change my mind)\nClaimin' you the one that always makes it fun\nWhen we both been know that's a goddamn lie\n\n[Chorus]\nBeen here before ('Fore), I seen you often (Yeah)\nWalk in the door (Door), and then I seen you saucin' (Woah)\nBet you in your bag right now (Now)\n'Cause you ain't hit me back right now (Now)\nBeen here before ('Fore), I seen you often (Yeah)\nWalk in the door (Door), and then I seen you saucin' (Woah)\nBet you in your bag right now (Now)\nGot me looking back right now (Now)\n\n[Refrain]\nBaby, don't go away\n'Cause I don't wanna throw away\nAll of the times that we had\nSaid I broke your heart, that's my bad\nBaby, don't go away\nAin't tryna find love today\nBut you lookin' bad on your birthday\nWhat I gotta do to deserve that?\n\n[Bridge]\nThe film has been lifted, now I see what this is\nThe times we was kissin', my only addiction\nWhen I'm in my feelings, don't know if you feel it\nMy pops say you trippin' and I should've listened\n\n[Refrain]\nBaby, don't go away\n'Cause I don't wanna throw away\nAll of the times that we had\nSaid I broke your heart, that's my bad\nBaby, don't go away\nAin't tryna find love today\nBut you lookin' bad on your birthday\nWhat I gotta do to deserve that?\n\n[Chorus]\nBeen here before ('Fore), I seen you often (Yeah)\nWalk in the door (Door), and then I seen you saucin' (Woah)\nBet you in your bag right now (Now)\n'Cause you ain't hit me back right now (Now)\nBeen here before ('Fore), I seen you often (Yeah)\nWalk in the door (Door), and then I seen you saucin' (Woah)\nBet you in your bag right now (Now)\nGot me looking back right now (Now)\n\n[Outro]\nBeen here before, I seen you often\nWalk in the door and then I seen you saucin'\nBet you in your bag right now\n'Cause you ain't hit me back right now, yeah", "image": "https://images.genius.com/924b494d7ea32ee03e4a815caea4be65.1000x1000x1.png"}], "artist": "24kGoldn"}