{"songs": [{"title": "Dancing On The Dick", "album": "BBYSHOE", "year": "2017-07-21", "lyrics": "[Intro]:\nMommy you\u2019re so cute! Hehe!\nSay it one more time\u2026\nMommy you\u2019re so cute!\nYeah\n\n[Verse 1]:\nI used to keep that pussy cozy for a nigga I can\u2019t stand no mo\u2019\nAin\u2019t no link affiliated, no that ain\u2019t my hoe\nYou can suck a nigga a silly but he still gon go\nImma bundle up and bump it, imma ski them slopes\nI be dancing on the dick, you don\u2019t need me though\nIf I tell you I\u2019m the Devil I could never lie\nI done fucked with niggas who gon\u2019 make sure that I never die\nI\u2019m a work of art and every time I muse, I multiply\nRob me of my energy\nLevel up on LSD\nGoofy bitches bugging me 'bout a boy I used to freak\nHe was just a flavour of the week, they just come and go\nI be on his mind when he inside of you, I know I know\n\n[Chorus]:\nBoy I just  be dancing on the dick, you don\u2019t need me\nYou could never see me like I see me, free me\nYou just wanna fuck, wanna freak, wanna be me\nYou just wanna live, wanna die, wanna kill me\n\n[Verse 2]:\nI used to keep that pussy cozy for a nigga I don\u2019t love no mo\u2019\nI\u2019m a goddess, he a peasant\nYou can have that, hoe\nSee these niggas only love you when you happy\nLove you when you bone straight, cut you when you nappy\nWorried \u2018bout my past, I\u2019m just gassing up my future\nIf you still embarrassed, hate it for ya, I salute ya\nI do boss shit, you on ya dick til they recruit ya\nYa mouth is kinda fly, I\u2019d hate to fuck around and shoot ya\nMaybe she\u2019s a rider but don\u2019t let your shawty boost ya\nPush me to the edge and all my friends\u2019ll pull that pressure out\nNever been a lady, it was never in my plans\nAin\u2019t no pick me in my blood, sugar free, I won\u2019t sweeten me\nFuck a man!\n\n[Chorus]:\nBoy I just  be dancing on the dick, you don\u2019t need me\nYou could never see me like I see me, free me\nYou just wanna fuck, wanna freak, wanna be me\nYou just wanna live, wanna die, wanna kill me", "image": "https://images.genius.com/e75414b8dfc22ae66b2b35a693b7be94.1000x1000x1.jpg"}], "artist": "\u200bbbymutha"}