{"songs": [{"title": "Escaping Youth", "album": "Matte Black Soul", "year": "2014-12-12", "lyrics": "[Produced by Phoniks]\n\n[Verse 1: Awon]\nThey know Awon\nFrom the microphone\nI get loose\nBut they ain't know that Boochie said\nI had sunroof\nNot on my coupe yo\nI'm talking George Jefferson\nMy shit is thinning\nDiarrhea of my hairline\nMy barber give me mad effort Fam\nImaginary lines like the youngest child of mine\nAnd I'm am from the durag era\nRocking 360 waves\nChicks used to say\nI look like Nas with a fade\nBack in my younger days\nI used to hit Kunyri Kutz\nCatch Rome and sit under blades\nCause I was in the Hunger Games\nFresh Cuts will get you laid\nClean like listerine\nHad them brods\nChasing sausage hard\nJimmy Dean\nThe kids call me sir\nThey don't even know I rap\nCause I'm in fresh Kicks\nA white tee and a matching cap\nIt's a midlife crisis\nThat I still get a cut\nIs it my hair or my youth that I can't give up?\n\n[Hook]\nWe used to play out in the rain\nYour mom was scolding us\nShe said that we were bad (she said that we were bad)\nI thought I'd rather go alone\nWho once till I was gone\nOh girl you look so sad\n\n[Verse 2: Awon]\nEarly in the morning\nAnd when I see my face\nI shampoo my beard\nAnd notice a couple grays\nIs the fast life catching me\nOr am I getting old\nSometimes I feel like my flesh\nIs now speaking to my soul\nI understand my purpose\nAnd as long as the earth twist\nI'm here to tell the truth\nUntil I'm underneath the surface\nOn whatever medium\nThe antithesis of skinny jeans and shirts that's smedium\nAwon bout as real as they come\nCan't even shop they blogger hog\nThey on some hype shit\nThe masses touch it\nThe streets don't trust it\nThat's some life shit\nI'm on to bigger things\nDot com is stressing me\nThe industry is full\nOf lames on coke and ecstasy\nLearned my lessons\nNever front\nVaporize I'm done with blunts\nEven the sneaker game is weak\nI ain't cop nothing in months\nIt's a midlife crisis\nThat I still get a cut\nIs it my hair\nOr my youth\nThat I can't give up\n\n[Hook x2]", "image": "https://images.genius.com/c4fd4d1c0f44ea3938f76991d88dea15.999x999x1.jpg"}], "artist": "Awon"}