{"songs": [{"title": "Ladbroke Grove", "album": "AJ Tracey", "year": "2019-01-08", "lyrics": "[Intro: Jorja Smith]\nNo one sees\nNo one-\nOne-\nNo one sees\nNo one sees\nNo one sees\nNo one-\nOne-\nNo one sees\nNo one-\n(Conducta)\n\n[Pre-Chorus: Jorja Smith]\nNo one knows the pain\nNo one sees what I see in you\nNo one feels the same\nNo one sees myself like you do\n\n[Chorus: AJ Tracey]\nYo, it's the hyperman set\nAJ Tracey, live and direct\nDJ mash up the, mash up the deck\nThe microphone champ is live and direct\nAnd again, it\u2019s the hyperman set (Yeah)\nAJ Tracey, live and direct (Who?)\nDJ mash up the, mash up the deck\nThe microphone champ is live and direct\nI said bubble, vibes and that (Vibes)\nCruise like a four-wheel drive and that\nTek time, everyting's live and that\nBecause AJ T's on the mic and that\nI said bubble (Bubble), vibes and that (Vibes)\nCruise like a four-wheel drive and that (Drive)\nTek time, everyting\u2019s live and that\nBecause AJ T's on the mic and that (Mic)\n\n[Post-Chorus: Jorja Smith]\nNo one knows the pain\nNo one sees what I see in you\nNo one feels the same\nNo one sees myself like you do\n\n[Verse 1]\nWatch the sun now\nHad a likkle beef but it's done now (It's done)\nI just need a drink and a rub down\nWhen my team's in the place, it's a shut down (Down)\nI'ma ride on the wave 'til it\u2019s sundown (Wave it)\nPeng ting lookin\u2019 like a touchdown (Gorgeous)\nAll my haters getting vexed 'cause I\u2019m up now (Vexed)\nI went up, then my kettle got bust down (Bling, blaow)\nWatch the sun now\nHad a likkle beef but it's done now (It's done)\nI just need a drink and a rub down\nWhen my team's in the place, it\u2019s a shutdown (Down)\nI'ma ride on the wave 'til it's sundown (Wave it)\nPeng ting, looking like a touchdown (Gorgeous)\nAll my haters getting vexed 'cause I'm up now (Why you mad?)\nI went up, then my kettle got bust down (Bling, blaow)\n\n[Chorus: AJ Tracey]\nYo, it's the hyperman set\nAJ Tracey, live and direct\nDJ mash up the, mash up the deck\nThe microphone champ is live and direct\nAnd again, it's the hyperman set (Yeah)\nAJ Tracey, live and direct (Who?)\nDJ mash up the, mash up the deck\nThe microphone champ is live and direct\nI said bubble, vibes and that (Vibes)\nCruise like a four-wheel drive and that\nTek time, everyting's live and that\nBecause AJ T's on the mic and that\nI said bubble (Bubble), vibes and that (Vibes)\nCruise like a four-wheel drive and that (Drive)\nTek time, everyting's live and that\nBecause AJ T's on the mic and that (Mic)\n\n[Post-Chorus: Jorja Smith]\nNo one knows the pain\nNo one sees what I see in you\nNo one feels the same\nNo one sees myself like you do\n\n[Verse 2]\nI'm a rock, I'm a rockstar (Psych out)\nI get the yattie love like a popstar (Woo)\nAnd when I'm in my ends, I'm a block star\nWait, everybody run from the cop car (Woo-woo)\nAnd I don't know about sober (I don't)\nI'm just a block boy sittin' in a Rover (21)\nI got my friends and my fam on my shoulder (Facts)\nI been cold but my money got me colder\nSaid I'm a rockstar (Yeah)\nI get the yattie love like a popstar (Uh)\nAnd when I'm in my ends, I'm a block star (True)\nWait everybody run from the cop car (Woo-woo)\nAnd I don't know about sober (I don't)\nI'm just a block boy sitting in a Rover (I swear)\nI got my friends and my fam on my shoulder (On my back)\nI been cold, but my money got me colder\n\n[Post-Chorus: Jorja Smith]\nNo one knows the pain\nNo one sees what I see in you\nNo one feels the same\nNo one sees myself like you do", "image": "https://images.genius.com/589b9cacc4ac662673a7a7bab3cd179e.1000x1000x1.jpg"}], "artist": "AJ Tracey"}