{"songs": [{"title": "That Bitch", "album": null, "year": null, "lyrics": "I'm that bitch, I\u2019m that bitch\nI'm that bitch, I'm that bitch\nI\u2019m that bitch, I'm that\u2005bitch\nFuckboy\u2005don't waste my\u2005time\nI'm that bitch, I'm that bitch\nI'm\u2005that bitch, I'm that bitch\nI'm that bitch, I\u2019m that bitch\nFuck nigga don\u2019t waste your time\n\nI'm the Alpha, no Omega\nCan\u2019t fuck that bitch 'cause she a Beta\nFuck the opps and they maker\nIs that your bitch? I'ma take her\n\nMight just take advantage\nBIGKLIT, I'm the black heart bandit\nNo witch, playing tricks with my magic\nAnd I\u2019m in love with my dicks like a faggot\nHe 'gon die for the pussy, he an addict\nPut black heart bandit on the casket\nSpend it all for the cookie, you can have it\nThe stupid ass niggas so tragic\n\nI'm that bitch, I'm that bitch\nI'm that bitch, I'm that bitch\nI'm that bitch, I'm that bitch\nFuckboy don't waste my time\nI'm that bitch, I'm that bitch\nI'm that bitch, I'm that bitch\nI'm that bitch, I'm that bitch\nFuck nigga don't waste your time\n\nDon't hit my line\nI don't read texts, bitch I'm legally blind\nDon't waste my time\nThese dirt bag bitches so grime\nStill waiting for a sign\nI could never wait, I had to grind\nLeave a fuckboy behind, I pay that nigga no\n\nI'm that bitch, I'm that bitch\nI'm that bitch, I'm that bitch\nI'm that bitch, I'm that bitch\nFuckboy don't waste my time\nI'm that bitch, I'm that bitch\nI'm that bitch, I'm that bitch\nI'm that bitch, I'm that bitch\nFuck nigga don't waste your time", "image": "https://images.genius.com/b65325a15a4fa6ef2ffc6dd5d08ffcd0.600x600x1.png"}], "artist": "BigKlit"}