{"songs": [{"title": "All Or Nothing", "album": null, "year": "2018-11-02", "lyrics": "[Verse 1]\nIsn't it typical? A feeling I already know\nText you, then silence, oh no, oh don't\nCall me traditional, but I ain't just one of these hoes\nI know you like me, really, really like me\n\n[Pre-Chorus]\nSo, why do you play it so hot and do me so cold?\nSo, are you in this or not? I gotta know\n\n[Chorus]\nSummer nights, intoxicated minds\nFour AM, we chill, fade and fuck, catch feels, yeah\nBut you know I'm down for the long ride\nTell me, is this real? 'Cause, baby, I'm\nAll or nothing\nAll or nothing\n\n[Verse 2]\nPull up, you hop in my ride, you stay, chilling by my side\nStill call me a friend though, so, why you still calling me up?\nSay you ain't mine, that's the shit I don't like\nBut I like you and I think you like me too, so\nWhat's the hold up, now?\n\n[Pre-Chorus]\nSo, why do you play it so hot and do me so cold?\nSo, are you in this or not? I gotta know\n\n[Chorus]\nSummer nights, intoxicated minds\nFour AM, we chill, fade and fuck, catch feels, yeah\nBut you know I'm down for the long ride\nTell me, is this real? 'Cause, baby, I'm\nAll or nothing\nAll or nothing\n'Cause, baby, I'm all or nothing\nAll or nothing\n\n[Bridge]\nCall me up, baby, let me know why I'm still around, oh\nYeah, call me up, baby, took it slow but I'm running out, oh\n'Cause you know that I'm\n\n[Chorus]\nAll or nothing\nAll or nothing\n'Cause, baby, I'm all or nothing\nAll or nothing", "image": "https://images.genius.com/bd8ad8515d66fa38d6fda43a15411de9.1000x1000x1.jpg"}], "artist": "BEAUZ"}