{"songs": [{"title": "1000 Words", "album": null, "year": "2019-02-07", "lyrics": "[Verse 1]\nI\u2019m sorry I didn\u2019t reply I was doing things\nI didn\u2019t think to reply, I\u2019m sorry\nIt was nice, I was lying on grass with others\nLying, squinting\nI could barely read my phone with the sunlight\nBut yes, I read it\nSorry\nEveryone squinting together\nClose warm on the grass\nThere was hummus and a frisbee gliding back and forwards over my head\nOne eye closed, winking\nSunlight dappling over their dresses\nMesses of spread and crumbs\nI didn't think to reply 'till now\nI'm just sitting now\nDon't know what to say\nHow are you so far away?\nIs it sunny?\nThe sun just went down\nI thought about you\nDays drag slowly when it\u2019s warm\nSoftly running ice creams onto the soil\nWe kicked a ball about\nSeems like all one moment, motionless\nI think about you walking through the door\nQuickly smiling and your hand on the handle\nFingers curled and closing\nOther hand to my hair\nI have to go\nSo much time dragging slowly\nNights asleep I\u2019ll try to dream of you\nNights asleep I\u2019ll try to dream of you\nNights asleep I\u2019ll try to dream of you\nNights asleep I\u2019ll\n\n[Verse 2]\nUnder kaleidoscope meshes of fabric\nBodies lifted and wilted and wound and back and forth\nLaughter cut the air\nTheir hair twirled with the dresses\nSo far away\nOther images float and glisten among the spots of sunlight\nBehind closed eyelids morphing shapes of red and black and white Legs apart and close again\nConcealing buildings\nLeaning to the air and midges twirling round a fading light\nShadows cast of familiar faces\nPlace thoughts of love among the thoughts of flying insects\nSex and meshed faces place thoughts of open door\nQuickly smile and get in\nFingers curled and closing\nOne eye closed\nOne hand closed on another hand holding hair and neck\nI missed you\nQuickly smile into neck running hands rubbing back\nBack and forwards\nFour times holding neck hair\nFolding down over cotton\n\n[Outro]\nBreathing sighs\nHands to hold, too hard holding\nBreath dragging\nCause you must be cold\nStep inside\nHands, thighs\nI missed you thirty times over\n(Time holding back hands together)\n\nThousand words\nRhythm cracks on cotton hands\nBillowing sighs and turns thirsty\nThirty times\nOverborne limbs and tear pillows\nLearning again to manage taking time\nMaking marks on squinting eyes\nClosing distance\nLegs apart from the days dragging\nBetween then soft pressed lips\nParting time again and down meaning feeling\nFeelings pressing pressed lips mark closed eyes and down\nThirty times over\nTurn around and soft pillow billowing cotton dragging hands\nBetween legs apart\nFrom the days apart and nights asleep\nTears meaning apart again", "image": "https://images.genius.com/45dd9297d3fd5414925f562d292e093f.384x384x1.png"}], "artist": "0171"}