{"songs": [{"title": "Rich Soul", "album": "FYO", "year": "2016-04-07", "lyrics": "AV\nGot so tired of talking, I don't even talk to myself\nYou mean to say I've got this rich soul all to myself?\nHah, you mean to say you don't get what I mean to say\nWhen I say I'm getting brain but keeping my thoughts to myself?\nFuck her, then I feel five star when the hoe tells\nWe in the building, I'm Notorious to these Lil Kims\nYou spend your time on the timeline, go live the real thing\nThe OutKast is now a Big Boi for these children, yeah\n\nComfy on my ones\nStill here with my ones, I'm feeling like the one\nIt's either love or lust, I fell in love with lust\nShe wants fun, I give her D and let her boyfriend fund\nI'm tryna Mobo to the BRITs\nI need me a Grammy family, I don't need no kids\nMan, these niggas talk but they never show me shit\nI said I'm tryna build a house and my homie show me bricks\nGrew up a lonely kid, they won't leave the kid alone now\nI sold out my show, I never sold out\nGo hard or go hard, I'm doing both now\nMan are taking selfies, I'm getting uck my phone now\nRandom pictures, they're taking random pictures\nLooking to the window of my soul cause the Phantom's tinted\nYeah, ridicule us, that's ridiculous\nReal rap niggas, wrap these niggas, they're just rapping niggas\n\n[Break]\nAre you a rich man?\nWhen you mean rich, what do you mean?\nYou have a lot of possessions? A lot of money in the bank?\nOh, does that make you rich? I don't have that type of richness. My richness is in my mind...\n\nGet rich\nFeed the fam, that's a king\nIt's AV, the wonder kid\nI've been getting so rich if you're wondering\n\nMan are talking like they know shit\nBut they don't know shit\nI blowed up, give your girl the glowstick\nYeah, started in the ends\nNow I make a hoe strip for my whole strip, oh shit\n\nI remember the future\nI was sent from the future\nI'm ruthless but I pull up with the roof up\nI remember the future\nYeah, I pretend when I prove stuff\nSo much drive, need a brake and a new clutch", "image": "https://images.genius.com/0554f4888209be34013a33b0ff41d5d3.1000x1000x1.jpg"}], "artist": "Avelino"}