{"songs": [{"title": "Cupid", "album": "112", "year": "1997-05-16", "lyrics": "[Intro]\nEverybody put your hands together\nWhoa, mmm, yeah\nGirl, I love you so\n112, listen\n\n[Verse 1]\nGirl, if I told you I love you\nThat doesn't mean it that I don't care, ooh\nAnd when I tell you I need you\nDon't you think that I'll never be there, ooh\n\n[Pre-Hook]\nBaby, I'm so tired of the way you turn\nMy words into deception and lies\nDon't misunderstand me when I try to speak my mind\nI'm only saying what's in my heart\n\n[Hook]\nCupid doesn't lie\nBut you won't know unless you give it a try\nOh baby, true love won't lie\nBut we won't know unless we give it a try\nGive it a try\n\n[Verse 2]\nGirl, when I ask you to trust me\nThat doesn't mean it that I'm gonna cheat on you\nCause I'm gonna never do anything to hurt you or mislead you\nI love you\n\n[Pre-Hook]\nBaby, I'm so tired of the way you turn\nMy words into deception and lies\nDon't misunderstand me when I try to speak my mind\nI'm only saying what's in my heart\n\n[Hook]\nCupid doesn't lie\nBut you won't know unless you give it a try\nOh baby, true love won't lie\nBut we won't know unless we give it a try\nGive it a try\n\n[Bridge]\nAin't no doubt about it, Lord knows, I really mean it\nI'd rather die before, before I lie to you\nNever wanna leave ya, there ain't no life without you\nNever gonna leave, never gonna go, no\nNo, no, no, no, no, no, oh\n\n[Hook]\nCupid doesn't lie\nBut you won't know unless you give it a try\nOh baby, true love won't lie\nBut we won't know unless we give it a try\nGive it a try\n\nCupid doesn't lie\n(Ain't no doubt about it, Lord knows, I really mean it)\nBut you won't know unless you give it a try\n(I'd rather die before, before I lie to you)\nOh baby, true love won't lie\nBut we won't know unless we give it a try\nGive it a try\n\nCupid doesn't lie\nBut you won't know unless you give it a try\nOh baby, true love won't lie\nBut we won't know unless we give it a try\nGive it a try", "image": "https://images.genius.com/380ae4c3e07d196d73e90676750285f6.600x600x1.jpg"}], "artist": "112"}