{"songs": [{"title": "Dancing", "album": "Endless Summer", "year": "2017-06-15", "lyrics": "[Intro]\n(Da, da, da-da, da, da, da-da)\n(Da, da, da-da, da, da, da-da)\n(Da, da, da-da, da, da, da-da)\n(Da, da, da-da, da, da, da-da)\n\n[Verse 1]\nAyy, can I talk to you?\nGirl, I seen you dancing right here with your crew\nIt was your smile that brought me here to you\nBut maybe it's the way you hid your moves\nTell me, do you have a boo?\nAnd if not, then I wanna dance with you\nYou're so gorgeous that it's hard to keep my cool\nBut I'll keep it just to have a dance with you\n\n[Chorus]\nDarling, tell me, can I talk to you?\nI seen you dancing from across the room\nAnd told myself I gotta know, I gotta know you\nI gotta know, I gotta know you\n\n[Verse 2]\nHey, can I walk you to\nYour car and maybe we can get some food\nBut you won't break my heart if you decline, it's cool\nBut I honestly wanna end my night with you (Ayy)\n\n[Verse 3]\nLemme know what's the deal or somethin'\nI'm tryna chill or somethin', I wanna know who you are\nYou so fly to me, I swear it\nAnd you got style, yo, I love the way that dress fittin', yeah\nDeep convos on the late night\nYou smoke? We can take flight\nIf you don't, then that's alright\nBut If i have your permission\nYou can be the braille to my blind eyes, alright?\n\n[Chorus]\nCan I talk to you?\nI seen you dancing from across the room\nAnd told myself I gotta know, I gotta know you\nI gotta know, I gotta know you\n\n[Bridge]\n(Da, da, da-da, da, da, da-da)\n(Da, da, da-da, da, da, da-da)\n(Da, da, da-da, da, da, da-da)\n(Da, da, da-da, da, da, da-da)\n(Shake, se\u00f1ora, shake-shake, se\u00f1ora)\nI love it when you dance with me\n(Shake, se\u00f1ora, shake-shake, se\u00f1ora)\n(Shake, se\u00f1ora, shake-shake, se\u00f1ora)\nBaby, won't you dance with me?\n(Shake, se\u00f1ora, shake-shake, se\u00f1ora)\n(Shake, se\u00f1ora, shake-shake, se\u00f1ora)\nBaby, won't you dance with me?\n(Shake, se\u00f1ora, shake-shake, se\u00f1ora)\n(Shake, se\u00f1ora, shake-shake, se\u00f1ora)\nOh, baby, won't you dance with me?\n(Shake, se\u00f1ora, shake-shake, se\u00f1ora)\n(Shake, se\u00f1ora, shake-shake, se\u00f1ora)\nBaby, won't you dance with me?\n(Shake, se\u00f1ora, shake-shake, se\u00f1ora)\n(Shake, se\u00f1ora, shake-shake, se\u00f1ora)\nOh, baby, won't you dance with me?\n(Shake, se\u00f1ora, shake-shake, se\u00f1ora)\n(Shake, se\u00f1ora, shake-shake, se\u00f1ora)\nBaby, won't you dance with me?\n(Shake, se\u00f1ora, shake-shake, se\u00f1ora)\nOh, baby, won't you dance with me?\n\n[Chorus]\nCan I talk to you?\nI seen you dancing from across the room\nAnd told myself I gotta know, I gotta know you\nI gotta know, I gotta know you", "image": "https://images.genius.com/3f82738192505d1fa8efd8aae9ad2a41.500x500x1.jpg"}], "artist": "\u200bbLAck pARty"}