{"songs": [{"title": "One Night", "album": null, "year": "2019-09-20", "lyrics": "[Verse 1: Wiz Khalifa]\nAll I need is one night I'ma beat it right\nSee you got that see through\u2005on,\u2005I'm just tryna\u2005see you ride it\nHit me up\u2005when you alone\nIf you want I keep it private\nI be proud to show you off\nShow them other girls what time it is\nWetter than my diamonds\nTryna make you climax\nYou make me the proudest\nPut it down you get the loudest\nRoll it up and take you right up where the cloud is\nGot no time for playing games or being childish\n\n[Verse 2: Ayanis]\nI've been needing some attention\nHelp me release all this tension\nJust promise that if I let you pull up on me you ain't the type to get up all in your feelings\nAnd I ain't with all that texting back and forth conversate\nYou better have that bomb the way you talking to me\nI can get you up and down on your knees\nMy pleasure principle is when you finish you leave\n\n[Pre Chorus]\nWe could start off with some foreplay in your truck\nDon't be timid boy I swear I like it rough\nTonight I'm [?] don't just look when you can touch\nWhisper something that's gon' make me open up\n\n[Chorus]\n'Cause all you got is one night, one night\nTo waste my time\nYou know I keep it real tight, get yours\nAnd give me mine\nAnd let me be the one to tell you when enough, is enough, is enough, is enough\nJust got to promise me you won't fall in love, fall in love, fall in love, fall in love\n\n[Verse 3]\nGet me high without the dro without the liquor\nLike my bitches 'cause you see me gettin' thicker\nKiss my lips boy I ain't talking 'bout my face\nSince you're looking like you really want a taste\nI'm a ride it like a pony play a Ginuwine song\nBetter enjoy while it last 'cause you won't have me for long\nThe pleasure principle is get it up and put it down\nIf you got stamina then we could go a couple rounds\n\n[Pre Chorus]\nWe could start off with some foreplay in your truck\nDon't be timid boy I swear I like it rough\nTonight I'm [?] don't just look when you can touch\nWhisper something that's gon' make me open up\n\n[Chorus]\n'Cause all you got is one night, one night\nTo waste my time\nYou know I keep it real tight, get yours\nAnd give me mine\nAnd let me be the one to tell you when enough, is enough, is enough, is enough\nJust got to promise me you won't fall in love, fall in love, fall in love, fall in love\n\n[Outro]\n'Cause all you got is one night, one time, one ride\nAnd I'ma let you get yours, 'cause I'm just gettin' mine", "image": "https://images.genius.com/f05827f5c2e7a5ae9cc4c91bdb67aeda.1000x998x1.png"}], "artist": "Ayanis"}