{"songs": [{"title": "Goldfish", "album": "A Family Portrait", "year": "2017-08-01", "lyrics": "[Intro: Kimbra]\nI'ma goldfish in an ocean full of sharks\nLike a push bike [?]\nI wave my Moses stick and make the oceans part\nYou 'bout to learn a thing or two about me\n\n[Pre-Chorus: Kimbra]\nA porcupine with spikes\nGotta be careful it'll hurt your fingers\nWould hurt a man and I\nI know exactly what happened now\nAn angry dog might bite\nIf it bites you, you'll end up dead\nThere's a thunder storm and little Jimmy's got a kite\n\n[Chorus: Kimbra]\nAnd if you haven't seen all the things we can be\n(You're about to see yeah)\nAnd this bird has got wings and this goldfish can swim\n(We're gonna be alright)\nAnd if you haven't seen all the things we can be\n(You're about to see yeah)\nAnd this bird has got wings and this goldfish can swim\n(We're gonna be alright)\n\n[Verse 1: Kimbra]\nI'm Optimus Prime there's more than meets the eye\nI look like Jigglypuff before she sings\nIf you judge me that'll be my spinach I'll go Popeye\nYour haters will be my Redbull, give me wings\n\n[Pre-Chorus: Kimbra]\nA porcupine with spikes\nGotta be careful it'll hurt your fingers\nWould hurt a man and I\nI know exactly what happened now\nAn angry dog might bite\nIf it bites you, you'll end up dead\nThere's a thunder storm and little Jimmy's got a kite\n\n[Chorus: Kimbra]\nAnd if you haven't seen all the things we can be\n(You're about to see yeah)\nAnd this bird has got wings and this goldfish can swim\n(We're gonna be alright)\nAnd if you haven't seen all the things we can be\n(You're about to see yeah)\nAnd this bird has got wings and this goldfish can swim\n(We're gonna be alright)\n\n[Verse 2: Denzel Curry]\nThink about the past and my present will pass you\nLife's a gift full a or's and if's\nWith a couple of maybe's a couple of babies\nWho start complaining when they old and sh-\nI can't do this, I can't do that\nNeed a new car and need a new hat\nCouple of mouse traps to catch a few rats\nFew of the new cats like where my dogs at?\nI believe in me because of me so for eternity\nI be the one that get the energy, you see?\nI believe in you believing me so for eternity\nI be the one that get the energy, to be\nOne of a kind, it's only unwinding\nInside your mind, there's only rewinding\nBack to a time when the dream was so vivid\nThoughts of regret 'cause you know you coulda lived it\n\n[Chorus: Kimbra]\nAnd if you haven't seen all the things we can be\n(You're about to see yeah)\nAnd this bird has got wings and this goldfish can swim\n(We're gonna be alright)\nAnd if you haven't seen all the things we can be\n(You're about to see yeah)\nAnd this bird has got wings and this goldfish can swim\n(We're gonna be alright)", "image": "https://images.genius.com/8c0fe6ac70a508ee324bb69895618acb.500x500x1.jpg"}], "artist": "Billy Davis"}