{"songs": [{"title": "I Don\u2019t Fuck With You", "album": "Dark Sky Paradise (Deluxe)", "year": "2014-09-12", "lyrics": "[Produced By DJ Mustard, Kanye West & DJ Dahi]\n\n[Pre-Chorus: Big Sean]\nUh, fuck, I don't fuck with you\nYou lil' stupid ass bitch, I ain't fuckin' with you\nYou lil', you li' dumb ass bitch, I ain't fuckin' with you\nI got a million trillion things I'd rather fuckin' do\nThan to be fuckin' with you, lil' stupid ass\n\n[Chorus: Big Sean]\nI don't give a fuck, I don't give a fuck\nI don't, I don't, I don't give a fuck\nBitch, I don't give a fuck about you\nOr anything that you do\nDon't give a fuck about you, or anything that you do\n\n[Verse 1: Big Sean]\nI heard you got a new man, I see you takin' a pic\nThen you post it up, thinkin' that it's makin' me sick (brr brr)\nI see you callin', I be makin' it quick\nI'ma answer that shit like, \"I don't fuck with you.\"\nBitch, I got no feelings to go\nI swear I had it up to here, I got no ceilings to go\nI mean, for real, fuck how you feel\nFuck your two cents if it ain't goin' towards the bill\nYeah, and every day I wake up celebratin' shit\nWhy? \u2018Cause I just dodged a bullet from a crazy bitch\nI stuck to my guns, that's what made me rich\nThat's what put me on, that's what got me here\nThat's what made me this\nAnd everything that I do is my first name (B-I-G)\nThese hoes chase bread, aw damn, she got a bird brain\nAin't nothin' but trill in me, aw man, silly me\nI just bought a crib, three stories; that bitch a trilogy\nAnd you know I'm rollin' weed that's fuckin' up the ozone\nI got a bitch that text me she ain't got no clothes on\nAnd then another one text, then your ass next\nAnd I'ma text your ass back, like\u2026\n\n[Pre-Chorus: Big Sean]\nI don't fuck with you\nYou lil' stupid ass bitch, I ain't fuckin' with you\nYou lil', you lil' dumb ass bitch, I ain't fuckin' with you\nI got a million trillion things I'd rather fuckin' do\nThan to be fuckin' with you, lil' stupid ass\n\n[Chorus: Big Sean]\nI don't give a fuck, I don't give a fuck\nI don't, I don't, I don't give a fuck\nBitch, I don't give a fuck about you\nOr anything that you do\nDon't give a fuck about you, or anything that you do\n\n[Verse 2: E-40]\nGot a million things on my mind, executive deals online\nLimited amount of time, chasin' these dollar signs\nAnd you ain't on your grind\nYou liable to find me up in the MGM casino in the D\nFuckin' off fetti I could've put on property\nFrom the Bay to the Murder Mitten\nMy niggas put murder missions\nShe choosin', that's her decision, free my niggas in prison\nOn the phone with a bitch who can't do shit\nFor a pimp but make a nigga hella rich\nGot a blunt in my dental, blowin' hemp in a rental\nOn my way to Sacramento, late night; Arsenio\nI'm never sentimental, go hard or go homeless\nBarely Harley, I'm chromeless, you might end up domeless\nI bet you she into me, her cheddar, she givin' me\nI'll make a bitch stand outside forever, like the Statue of Liberty\nRest in pimp, Pimp C, underground king of the South\nI raise my styrofoam up, and pour some drink in my mouth\nWhy you always coming around with bad news?\nSay you want me to win, but hope I lose\nAskin' if I rock with other niggas in the crew\nBut them niggas cool, it's just that\u2026\n\n[Pre-Chorus: Big Sean + (E-40)]\nBitch, I ain't fuckin' with you (Lil biatch!)\nYou lil' stupid ass bitch, I ain't fuckin' with you (Nuh-uh!)\nYou lil', you lil' dumb ass bitch, I ain't fuckin' with you\nI got a million trillion things I'd rather fuckin' do\nThan to be fuckin' with you, lil' stupid ass\n\n[Chorus: Big Sean]\nI don't give a fuck, I don't give a fuck\nI don't, I don't, I don't give a fuck\nBitch, I don't give a fuck about you\nOr anything that you do\nDon't give a fuck about you, or anything that you do\nI don't give a fuck, I don't give a fuck\nI don't, I don't, I don't give a fuck\nBitch, I don't give a fuck about you\nOr anything that you do\nDon't give a fuck about you, or anything that you do\n\n[Verse 3: Big Sean]\nI got a new chick that I gotta thank God for\nI got a new whip that I gotta thank the lot for\nYeah, I got a lot but want a lot more\nYeah, we in the buildin', but I'm tryna take it to the top floor\nI swear I hear some new bullshit every day I'm wakin' up\nIt seem like nowadays everybody breakin' up\nThat shit can break you down if you lose a good girl\nI guess you need a bad bitch to come around and make it up\nI guess drama makes for the best content\nEverything got a bad side, even a conscience\nNow you're drinkin' 'til you're unconscious\nFeel me when you get a fine bitch\nJust don't forget to read the fine print\nLife got me meditatin' like I'm in the Himalayas\nKeep it G with the L lit on me like the elevator\nYeah, I know that karma's too real\nSo I hope you doin' cool, but still\u2026\n\n[Outro: Big Sean]\nStupid ass bitch, I ain't fuckin' with you\nLittle stupid ass\u2026 I ain't fuckin with\u2026\nI ain't fuckin'\u2026 I ain't, I ain't fuckin' with you\nI ain't fuckin' with you (Straight up)", "image": "https://images.rapgenius.com/39e013e3b6237479942f2a5fa4df4299.1000x1000x1.jpg"}], "artist": "Big Sean"}