{"songs": [{"title": "Babushka Boi", "album": "All $miles", "year": "2019-08-28", "lyrics": "[Verse 1]\nUh\nThey call me F-L-A-C-K-O and don't play, no, 'bout my papes\nBaked potato on that Draco, new bandana on my face\nAin't no stains up on my drapes, squeaky clean, fuck you say?\nPeep them teeth, no dentures please\nPrincess cut, no dentist, please\nSay cheese for the cameras (Ayy)\nEight Gs for the dancers (Ayy)\nBenjis in the safe (That's right, ayy)\nBentleys for the phantoms (Uh)\nBut they all go to waste (Uh)\nSo what more can I say?\nPraise to the Lord, give him grace\nThe scar on my face\nBut w-wait\n\n[Interlude]\n(\u200becafracS ,sruoy si dlrow ehT)\nThe world is yours, Scarface, nigga\n(\u200becafracS ,sruoy si dlrow ehT)\n\n[Verse 2]\nI ain't duckin' niggas, I ain't duckin' bullets either\nShit, I ain't duck sauce since I became a vegan\nNigga, Flacko Jodye season\nPrada pants before the season\nProbably ducked off in a quiet place wit' ya breezy\nPrada shades, that's probably why you couldn't see him\nShittin' me? (Boy)\n\n[Chorus]\nI would like to dedicate\nTo the scar on my face\nAll the stars of the globe\nThe world is yours, Scarface\nI would like to dedicate this\nTo the scar on my face\nMany stars on the globe\nThe world is yours, Scarface\n\n[Verse 3]\nUh, fuck no, this ain't no hookah\nSmokin' while I'm strollin' down Wooster\nBuck fifty, my babushka\nNo pistol poppers and prostituters\nCard scammers and the Prada boosters\nLow top, yeah, the powder blue ones\nRobber too, huh? Power to ya\nHallelujah, better pray to God\n\n[Chorus]\nI would like to dedicate\nTo the scar on my face\nAll the stars of the globe\nThe world is yours, Scarface\nI would like to dedicate this\nTo the scar on my face\nMany stars of the globe\nThe world is yours, Scarface\n\n[Outro]\nUh, pearls and diamonds, that's excessive\nMoney, power, that's excessive\nMoney problems, that's expected\nMarijuana, ass, and breastes\nPearls and diamonds, that's excessive\nMoney, power, that's excessive\nMoney problems, that's expected\nMarijuana, ass, and breastes", "image": "https://images.genius.com/99c4ed2c609c9c4b086595b75e7e96fc.1000x1000x1.png"}], "artist": "A$AP Rocky"}