{"songs": [{"title": "\u200bdo re mi", "album": "digital druglord", "year": "2017-03-17", "lyrics": "[Intro]\nDo, re, mi, fa, so\nYeah, yeah, yeah, oh\nDo, re, mi, fa, so\nYeah, yeah, yeah\n\n[Verse 1]\nYeah, if I could go back to that day we met\nI probably would just stay in bed\nYou run your mouth all over town\nAnd this one goes out to the sound\nOf breaking glass on my Range Rover\nPay me back or bitch, it's over\nAll the presents I would send\nFuck my friends behind my shoulder\nNext time I'ma stay asleep\nI pray the Lord my soul to keep, oh\n\n[Pre-Chorus]\nAnd you got me thinking lately\nBitch, you crazy\nAnd nothing's ever good enough\nI wrote a little song for ya\nIt go like\n\n[Chorus]\nDo, re, mi, fa, so fuckin' done with you, girl\nSo fuckin' done with all the games you play\nI ain't no Tic-tac-toe\nSend the X and O's on another note\nI'm do, re, mi, fa, so fuckin' done with you, girl\nSo send the X and O's on another note, I'm ghost\n(Ghost, ghost, ghost)\n(Yeah, yeah, yeah, oh)\n\n[Verse 2]\nIf I could go back to the day we met\nI probably would've stayed in bed\nYou wake up every day\nAnd make me feel like I'm incompetent\nDesigner shoes and Xanax tabs\nCompliments your make-up bag\nYou never had to buy yourself a drink\n'Cause everybody want to tap that ass sometime\n\n[Pre-Chorus]\nAnd you got me thinking lately\nBitch, you crazy\nAnd nothing's ever good enough\nI wrote a little song for ya\nIt go like\n\n[Chorus]\nDo, re, mi, fa, so fuckin' done with you, girl\nSo fuckin' done with all the games you play\nI ain't no Tic-tac-toe\nSend the X and O's on another note\nI'm do, re, mi, fa, so fuckin' done with you, girl\nSo send the X and O's on another note, I'm ghost\n(Ghost, ghost, ghost)\n(Yeah, yeah, yeah, oh)\n\n[Bridge]\n(And you got me thinking lately, yeah)\n(Bitch, you crazy)\n(And nothing's ever good enough)\nI wrote a little song for you, it go like\n\n[Chorus]\nDo, re, mi, fa, so fuckin' done with you, girl\nSo fuckin' done with all the games you play\nI ain't no Tic-tac-toe\nSend the X and O's on another note\nI'm do, re, mi, fa, so fuckin' done with you, girl\nSo send the X and O's on another note, I'm ghost\n(Ghost, ghost, ghost)\n(Yeah, yeah, yeah)\n\n[Outro]\n(So send the X and O's on another note, I'm ghost)\nDo, re, mi, fa, so\n(Yeah, yeah, yeah)\nSo send the X and O's on another note, I'm ghost\n(Ghost, ghost, ghost)", "image": "https://images.genius.com/721c65ae887fda4533fec9cc8c80fa9f.1000x1000x1.jpg"}], "artist": "\u200bblackbear"}