{"songs": [{"title": "Tequila", "album": "Tune for the Ages", "year": "2018-06-25", "lyrics": "[Intro]\nYou finna die baby\n\n[Verse 1]\nShe a doll, but I'm still playin with her like a ventriloquist\nGonorrhea, dumb mothafucka I spit the illest shit\nShe tremblin when she feel the dick\nMax outs got it jigglin\nWiggle turn me on and Im stingin like a jellyfish\nTrilley on the beat nigga you know who the trillest\nDingo on the beat and he show you murder, murder, murder\nShe say she the one for me, but she been with many men\nStop hyping yourself up, baby go get some [?]\nYou ain't got no offense so you ain't built for me no offense\nMe mothafucka you don't really wanna go against\nYou ain't never ball you was always on the bleachers\nSo Disrespect me and you get shots like, huh\n\n[Chorus]\nYou talk way too much nigga so know you ain't invited\nI hang around with gunnas we ain't tryna get indicted\nShe says big baby dingo when she starts to get excited\nShe asked me if I wanna fuck, I said I'd be delighted\nI can't control how I flagged out my life on autopilot\nHe loud on Instagram but in the streets he very quiet (shh)\nI was born a sexy nigga no I can't deny it\nAnd your bitch gon say the same shit so please don't start a riot\n\n[Verse 2]\nIf a shawty come my way I'm a make her hot like a latte\nPull up and fuck on your madre, lay it down hit the bitch sideways\nYou be hissin but I don't hear it I got super vision\nYou my son, don't talk back under my supervision\nBig ol booty yeah that mothafucka bubblelicious\nRub my anaconda watch your body come do somethin with it\nYou look like a snake but you a thot so I can't tell the kitten\nGirl turn around and just take these shots like tequila\n\n[Chorus]\nYou talk way too much nigga so know you ain't invited\nI hang around with gunnas we ain't tryna get indicted\nShe says big baby dingo when she starts to get excited\nShe asked me if I wanna fuck, I said I'd be delighted\nI can't control how I flagged out my life on autopilot\nHe loud on Instagram but in the streets he very quiet (shh)\nI was born a sexy nigga no I can't deny it\nAnd your bitch gon say the same shit so please don't start a riot", "image": "https://images.genius.com/4a2a2140c8042789594bbf2090b570d4.500x500x1.jpg"}], "artist": "Bandingo YGNE"}