{"songs": [{"title": "Fine Wine & Hennessy", "album": "Afrowave 3", "year": "2019-10-03", "lyrics": "2 by 2, 1 by 1\nWhine like say you no have no man\nPump pump it\u2005up\u2005like a gas\u2005station\nPump pump it up like a\u2005gas station\n2 by 2, 1 by 1\nWhine like say you no have no man\nPump pump it up like a gas station\n\nHa\nYou be my fine wine and Hennessy, oh my\nFine wine and Hennessy, oh my\nTell me what you wanna be tonight\nFine wine and Hennessy\nBody smooth like shea butter\nShe dey make my heart stutter\nShe ah whine like carnival\nBaby girl just hold me now\nSay ooooo, take control\nShe ah whine like carnival\nBaby girl just hold me now\nYeah yeah yeah yeah\n\nAye aye aye\nTake control of me\nAhhhhhhh\nTake control of me\nAyo ayo ayo\nTake control of me\nAhhhhuh\nTake control of me\n\n2 by 2, 1 by 1\nWhine like say you no have no man\nPump pump it up like a gas station\nPump pump it up like a gas station\n2 by 2, 1 by 1\nWhine like say you no have no man\nPump pump it up like a gas station\nPump pump it up like a gas station\n\nYou be my fine wine and Hennessy, oh my\nFine wine and Hennessy, oh my\nTell me what you wanna be tonight\nFine wine and Hennessy\n\nYou like my Hennessy and fine wine\nYou know how to get me right every time\nI know your worth so you on my frontline\nIt was love at first sight when we first locked eyes\nHow we first locked eyes\nSo baby when I grab your hips I want you to work slow\nAs soon as I gave her the chance\nShe took control\n\nAye aye aye\nTake control of me\nAhhhhhhh\nTake control of me\nAyo ayo ayo\nTake control of me\nAhhhhuh\nTake control of me\n\n2 by 2, 1 by 1\nWhine like say you no have no man\nPump pump it up like a gas station\nPump pump it up like a gas station\n2 by 2, 1 by 1\nWhine like say you no have no man\nPump pump it up like a gas station", "image": "https://images.genius.com/98f40db9b0374c62221c7c1a6344c49f.1000x1000x1.png"}], "artist": "Afro B"}