{"songs": [{"title": "FEFE", "album": "DUMMY BOY", "year": "2018-07-22", "lyrics": "[Intro: 6ix9ine, Nicki Minaj & Baka]\nIt's fuckin' TR3YWAY!\nKing of New York, lookin' for the Queen\nUh, you got the right one, hmm\nL-let these-l-let these b-b-bitches know, nigga\nQueens, Brooklyn, brrr, ah!\nMurda on the beat so it's not nice!\n\n[Verse 1: 6ix9ine]\nPussy got that wet, wet, got that drip, drip\nGot that super soaker, hit that\nShe a Fefe, her name Keke\nShe eat my dick like it's free, free\nI don't even know like \"Why I did that?\"\nI don't even know like \"Why I hit that?\"\nAll I know is that I just can't wife that\nTalk to her nice so she won't fight back\nTurn around and hit it from the back, back, back\nBend her down then I make it clap, clap, clap\n\n[Chorus: 6ix9ine]\nI don't really want no friends\nI don't really want no friends, no\n\n[Verse 2: 6ix9ine]\nDraco got that kick-back when I blow that, they all do track\nThey don't shoot back, one shot, close range, red dot\nHead tight, yeah, I did that, yeah, I live that\nCall a Uber with my shooter, with a Ruger, we gon' do ya\nNiggas say they killin' people, but I really fuckin' do it\n\n[Chorus: 6ix9ine]\nI don't really want no friends\nI don't really want no friends, no\n\n[Verse 3: Nicki Minaj]\nHe-he tryna 69 like Tekashi, call him papi\nWord to A$AP, keep me Rocky, I'm from New York, so I'm cocky\nSay he fuckin' with my posse, copped me Khlo\u00e9 like Kardashi'\nKeep this pussy in Versace, said I'm pretty like Tinashe\nPut-put it all up in his face, did I catch a case?\nPussy game just caught a body, but I never leave a trace\nFace is pretty, ass for days, I get chips, I ask for Lay's\nI just sit back and when he done, I be like, \"Yo, how'd it taste?\"\n(Yo, how'd it taste?)\n\n[Chorus: 6ix9ine]\nI don't really want no friends\nI don't really want no friends, no\n\n[Verse 4: Nicki Minaj]\nAyo, Draco got that kick-back\nWhen it kick-back, you can't get yo shit back\nIn fact this that bitch that\n\"I hate small talk, I don't fuck with chit-chat\"\nAC just stopped workin'\nSo they hit me, told me bring my wrist back\nCome through rockin' fashions\nThat got all these bitches like \"Yo, what's that?\"\n(Like \"Yo, what's that?\")\n\n[Chorus: 6ix9ine & Nicki Minaj]\nI don't really want no friends\nI don't really want no friends, no\n\n[Bridge: 6ix9ine & Nicki Minaj]\nEeny, meeny, miny, moe\nI catch a ho right by her toe\nIf she ain't fuckin' me and Nicki\nKick that ho right through the door (TR3YWAY)\nI don't really want no friends, my old ho just bought this Benz\nNicki just hopped in this shit, now I won't see that bitch again\nEeny, meeny, miny, moe (no)\nI catch a ho right by her toe (no)\nIf she ain't fuckin' me and Nicki\nKick that ho right through the door (no, TR3YWAY)\n\n[Outro: Nicki Minaj & 6ix9ine]\nMmm, Young Money, Young Money bunny\nColorful hair, don't care\nI don't really want no friends\nI don't really want no friends, no\nI don't really want no friends\nI don't really want no friends, no\nScum Gang!", "image": "https://images.genius.com/fa2d80a49a6fc55332015b45060f9144.1000x1000x1.jpg"}], "artist": "6ix9ine"}