{"songs": [{"title": "How Ya Livin\u2019", "album": "Pieces of a Man", "year": "1998-03-26", "lyrics": "[Produced by L.E.S.]\n\n[Verse 1: Nas]\nWhat?\nBack-to-back Benzes, with the wild gremlins\nGaudier style lenses, talons in the .40 cal, this is life now\nLet me find out you want the lifestyle of mine\nNo pal of mine\nRunnin' with goons with knife wounds from jail time\nGot the squad lookin' like tycoon, we all shine\nWhile we polly with the flyest mommy on 25th street\nWatch how honey in the Lex do it\nI'm in the 6V with the 12 next to it\nYou wanna stick me? Then put ya best to it or die, black\nWe see you in Allah Kingdom you try that\nCheck the fly cat, 2 point 5 multiply that\nCash rules, on my arm I flash jewels and tattoos\nYou can look but don't touch, we bad news\n\n[Verse 2: AZ]\nAmerican me, elegancy, treasury\nWith the hopes to be rich before they bury me\nBorn a baptist, but moved on to higher practice\nMy fire ashes, only macks I interact with\nWe all Dons, strong arm, all on calm\nBut if it's war we on, comin' for niggas who crossed me wrong\nSelect features, sit back, connect the pieces\nInject the thesis, spoke to my pops and left him speechless\nHe saw me sprout, goin' through worlds that wore me out\nNever call me out, bitches and money, that's what we all about\nThrough all the routes landed here\nBeach houses with the chandelier\nMe and my crew, mad cans of beer\nIt's copin', live vibe, still eyes open, it's clear\nPresidential suites at the Tangier\n\n[Chorus: AZ & (Nas)]\n(How you livin' on your block?) Mines is hot\nHow you livin' on your block? (I got it locked)\n(What's goin' down on your side, who got shot?)\nSame shit dun (yeah, alright, I'll meet you up top)\nYo, it's hard to shake this feelin' that I might get knocked\n(Dun, you know it don't stop, we can't close up shop)\n\n[Verse 3: AZ]\nVVSin', nuttin' less than how we steppin'\nCoupes kitted, cuties with it, sleazy dressin'\nSee me flexin' through the hood, D's be stressin'\nIllegal search, tryin' to find weapons for gun possession\nNever one for questions, every move made is destined\nBlack fluorescence, let's take it back to the essence\nAnother version of the Goldie, mack pimp servin'\nConvince the urban, project ghetto prince emergin'\nHalf Hispanic, hollow tips, massive damage\nThe path was granted, loaded gats, blast the cannon\nChipped up, live by morals, don't get it mixed up\nDiss what? Millionaire strut, with the Cris' cup\nSwitched up, slow goin', gold showin'\nDoe flowin', eyes don't lie, hoes knowin'\nMain attraction, lace love in the latest fashion\nTrained in mackin', never rockin' Gators clashin'\nAssorted wear, AZ, Firm extraordinaire\nMake it more severe, lockin' shit down all this year\n\n[Verse 4: Nas (AZ)]\nNowhere to go from here, but the top of this sphere\nNuttin' stoppin' us here, we lockin' this here\nWith the black toaster by my hip bone, fuck a holster\nSee me at the Copa, platinum choker\nThe Gods with me, mad blunt smoke, it's hard to miss me\nPick one out of two dimes to twist me\nNew nines is crispy, mind on chips\nRhyme on shit that's strictly made for cats whose rich\nExcuse me, is that your bitch in my 6\nTurnin' up the volume when she hear my hits?\nOn her wall mad flicks, now you want me blasted\nBut don't get it confused over this rap shit\nKinda laced, lookin' at diamonds in my onyx face\nOyster Perpetual Rollie with the Day and Date\nY'all playa hate this\nToo fly for female singers who get face lifts and fake titties\nWe rule the world and take cities\nI dreamed of this, son\nHappy we made it passed the Jakes\nFakes and fiends in the slum (word)\n\n[Chorus: AZ & (Nas)]\n(How you livin' on your block?) Mines is hot\nHow you livin' on your block? (I got it locked)\n(What's goin' down on your side, who got shot?)\nSame shit dun (yeah, alright I'll meet you up top)\nYo, it's hard to shake this feelin' that I might get knocked\n(Dun you know it don't stop, we can't close up shop)\n\n[Outro: AZ & (Nas)]\n(Unh...what?) It's a doe thing, niggas know the game don't change\n(Uh, uh) from the coke game (coke game) to the dope game\nFrom a slow brain (dope game) Ha, ha (fuck a no name)\nWe done did it again son, they can't fuck around (no doubt, uh)\nYou know the game don't stop\nFrom the coke game to the dope game\n(Firm Biz, Firm Biz...uh...Total Package)\nNiggas know that the game don't stop\nFrom the coke game to the dope game\nFuck a no name (uh, uh B.K., Q.B., uh)\nThat the game don't stop, from the coke game\nTo the dope game, know the doe... (Escobar, Sosa, ha ha, uh)\nNiggas know that the game don't stop (Firm Biz)\nFrom the coke game to the dope game\nNiggas know that the game don't stop\nNiggas know that the game don't stop\nNiggas know that the game don't stop\nFrom the coke game, to the dope game, fuck a no name", "image": "https://images.genius.com/0626a2f0d2d2e79153adeba41c00c0ea.500x500x1.png"}], "artist": "AZ"}