{"songs": [{"title": "Rude", "album": "First Night Out", "year": "2017-10-20", "lyrics": "[Chorus]\nI don't mean to be rude\nI don't mean to be out of line\nI been losing my cool\nLately, we been so out our minds\nI don't mean to be rude\nI don't mean to be out of line\nI been losing my cool\nLately, we been so out our minds\n\n[Verse 1]\nI don't mean to be stressin'\nBut my life be so hectic\nI can't go nowhere without my own protection\nThese niggas think I need a shooter, boy, forget it\nAin't nobody shoot when I was jugglin' them crutches\nThey say I'm a ho 'cause they ain't coming to my function\nEverybody talking, nobody be doing nothing\nEvery nigga 'round me, I can't really trust 'em\nRollin' up a [?] of some musty\nI don't have time for a discussion\nDrummer Gang beat it up, percussion\nOn Money, came into this rap game with my own money\n\n[Chorus]\nI don't mean to be rude\nI don't mean to be out of line\nI been losing my cool\nLately, we been so out our minds\nI don't mean to be rude\nI don't mean to be out of line\nI been losing my cool\nLately, we been so out our minds\n\n[Verse 2]\nTryna tell me what to do made me not fuck with you\nYou ain't never made the news, you really just confused\nFuck your opinion, LA Weekly think that I'm that dude\nThat explains your attitude\nNiggas talk shit, then complain that I respond and don't stop it\nWorking out has never been an option\nI'ma still talk shit, this ain't no act\nI can't hit your double cup 'cause this ain't no Act\nThis ain't revolvers, these is some TECs\nI don't trust this nigga, I just seen who he texts\nMake a pussy nigga go and lean like some Tech\nUsed to snort cocaine, now I fiend for the check\nYeah\nOoh\nOoh\nI don't mean to be rude\n\n[Chorus]\nI don't mean to be rude\nI don't mean to be out of line\nI been losing my cool\nLately, we been so out our minds\nI don't mean to be rude\nI don't mean to be out of line\nI been losing my cool\nLately, we been so out our minds", "image": "https://images.genius.com/61847e5352bc257ae9aaf0d6d7eb98d9.1000x1000x1.jpg"}], "artist": "03 Greedo"}