{"songs": [{"title": "Single Again", "album": "DON LIFE", "year": "2019-07-26", "lyrics": "[Intro: Big Sean]\nYeah, what happens when it's too good to throw away?\nYou either let it go bad or go away\n(I need to pray)\n\n[Pre-Chorus: Big Sean & Ty Dolla $ign]\nTake my time (Part two), take my time, I'ma take my time\nNa-na-na-na-na-na-na (Look)\nNa-na-na-na-na-na-na (Uh)\n\n[Chorus: Big Sean]\nI'm single again (Single again)\nTold her we'll be better off friends (Uh)\nBaby, I should just focus on me (On me)\nAnd slow down, don't rush romance\nI'm single again (Single again)\nTold 'em that we better off friends (Off friends)\nBlaming you is just so easy (Woah)\nBut maybe the problem's me\nI'm single again (Single again)\nGuess that's just the way it's gon' be (Gon' be)\nMaybe I should spend this time on me (On me)\nMaybe I should spend this cash on me (On me)\n\n[Verse 1: Big Sean]\nInstead of blaming all my old girls when I leave (What?)\nInstead of calling up these fake hoes that I don't need (What?)\nOld relationships turn to new d\u00e9j\u00e0 vus\nGot me feeling like, \"I don't fuck with you\"\nOh nah, nah, that's the old me\nYou fucking with the new me (Yeah)\nHonestly, all the disrespect had damn near ruined me (Damn near)\nAll the trust gone, seems like all you say is, \"Prove it to me\" (Straight)\nAnd you know I suck at lying, don't, don't do it to me (Don't)\nMaybe 'cause my mom had never worked it out with my dad (Damn)\nMaybe 'cause he had insecurities and she had 'em back (Uh-huh)\nMaybe 'cause single parent love was all I ever had\nWho knows? (Who knows?)\n\n[Chorus: Big Sean & Jhen\u00e9 Aiko, Big Sean]\nI'm single again (Single again)\nTold her we'll be better off friends (Off friends)\nMaybe I should just focus on me (On me)\nAnd slow down, don't rush romance\nI'm single again (Single again)\nTold 'em that we better off friends (Off friends)\nBlaming you is just so easy (Uh-huh)\nBut maybe the problem's me (Straight up)\nI'm single again (Single again)\nGuess that's just the way it's gon' be (Yeah, yeah)\nMaybe I should spend this time on me (On me)\nMaybe I should spend this cash on me\n\n[Post-Chorus: Big Sean & Jhen\u00e9 Aiko]\nTake my time, take my time, I'ma take my time\nTake my time, I'ma take my time, yeah\nEven if I'm late, I'ma take my time\n\n[Verse 2: Big Sean & Ty Dolla $ign]\nWhat have you done for yourself?\nWhat have you done for your mental health? (Yeah, yeah)\nI even tried the drugs and they didn't help\nShort term fix, that breaks everything else (Oh, oh)\nAnd my bros keep throwing me these random girls in stallions\nI need the best advice, went across the street to Khaled (Oh)\nHe said the major key is to be strong on your own\nLose your other half, you're never off balance (Oh)\nLookin' for the love in somebody else\nThat I probably should've gave to myself\nCycles I need to break in myself\nIf I'm alone, I'm second to no one else, so (Yeah)\n\n[Chorus: Big Sean & Ty Dolla $ign]\nI'm single again (Oh)\nTold her we'll be better off friends (Better off friends)\nMaybe I should just focus on me (On me)\nAnd slow down, don't rush romance\nI'm single again\nTold 'em that we better off friends (Oh, yeah)\nBlaming you is just so easy (Oh)\nBut maybe the problem's me (Ooh)\nI'm single again\nGuess that's just the way it's gon' be (Way)\nMaybe I should spend this time on me (Way)\nMaybe I should spend this cash on me (Ooh)\n\n[Post-Chorus: Big Sean]\nTake my time, take my time, I'ma take my time, yeah\nTake my time, I'ma take my time, yeah\nEven if I'm late, I'ma take my time\n\n[Outro: Big Sean & Ty Dolla $ign]\nYeah\nStay on this grind\n(Oh, oh, ayy)\n(Dolla $ign)\n(Oh)", "image": "https://images.genius.com/fa9b82dac2c160fa5d507e52139eb420.680x680x1.jpg"}], "artist": "Big Sean"}