{"songs": [{"title": "Bali", "album": "88GLAM", "year": "2017-11-07", "lyrics": "[Intro: Derek Wise]\nTime to turn the heat up like it's Bali\nThrowin' all these bands while we in Follies\nHorseman on my emblem, but it's headless\nRoof gone, now we drivin' down to Venice\n\n[Chorus: 88Camino]\nShe so good at what she do, I might bust a move\nJaw been on a lock while I sprinkle molly rock\nHow come when I'm comin' down's the only time you need me?\nHow come when I'm poppin' is the only time you see me?\nShe so good at what she do, ain't no room for talkin'\nAin't no room for talkin', ain't no room for talkin'\nMixin' tinted liquor, I ain't fuckin' with no white shit\nI don't trust an opp, so many photos that I cropped\n\n[Verse 1: Derek Wise]\nDNA, trappin' in my genes, yeah\nBought myself a pair of Balmain jeans, yeah\n'Member when I traveled with that ball? Yeah\n'Member when I sold them that rerock? Yeah\nMixing up that Raf with that Margiela\nWalkin' past my ex, now she get jealous\nWait, hold on, had to put down on that 'Rari\nWait, hold on, did that VLONE like I'm Bari\n\n[Verse 2: 88Camino]\nPull up on the plug, let him know I need a pint\nDon't ask for a sip, no, I'm not sellin' lines\nIf she comin' to the crib then she knows that it's a pine ting\nHit it, then pass it to my slime\nYou try to dap me up after the show\nNo, no, no, no, no, no, no\nYou wanna sip my drink, yeah\nYou wanna do my blow\nNo, no, no, no, no, no, no\n\n[Chorus: 88Camino]\nShe so good at what she do, I might bust a move\nJaw been on a lock while I sprinkle molly rock\nHow come when I'm comin' down's the only time you need me?\nHow come when I'm poppin' is the only time you see me?\nShe so good at what she do, ain't no room for talkin'\nAin't no room for talkin', ain't no room for talkin'\nMixin' tinted liquor, I ain't fuckin' with no white shit\nI don't trust an opp, so many photos that I cropped\n\n[Verse 3: NAV]\nI just ordered two more, now I got three different watches\nSee my haters talkin', make sure that they watchin'\nReal bosses listen, talking money when I'm talkin'\nOutline you in chalk, Raf or Ricky, when I'm walkin'\nWylin' like I'm Stone Cold Steve, I fucked a bitch in Austin\nJust pass me the rock, I don't know how much I pop\nDissin' Derek, that ain't wise, 88 bullets gon' drop him\nChicken in the pot, got your girl watchin' my cock\nIn New York I Milly Rock\nMy shooter tote a 30 he can't hide it in his sock\nI am not a rapper, all these other rappers soft\nThey hoping I fall off\nBut bitch I'm at the top, I'm just a brown boy from the block\n\n[Chorus: 88Camino]\nShe so good at what she do, I might bust a move\nJaw been on a lock while I sprinkle molly rock\nHow come when I'm comin' down's the only time you need me?\nHow come when I'm poppin' is the only time you see me?\nShe so good at what she do, ain't no room for talkin'\nAin't no room for talkin', ain't no room for talkin'\nMixin' tinted liquor, I ain't fuckin' with no white shit\nI don't trust an opp, so many photos that I cropped", "image": "https://images.genius.com/b4c3804d105c45bae4444a238d6ee7a9.1000x1000x1.jpg"}], "artist": "88GLAM"}