{"songs": [{"title": "Wats Apenin\u2019", "album": null, "year": "2019-01-31", "lyrics": "[Intro]\nYo\nBack again\n\n[Verse]\nThey're like, \"Yes Aystar, what's 'appenin'?\"\nI'm like nuttin' much I'm killin' this rap again\nDoin' what I want, you know, that type of crap again\nJust come from the Dam and now I'm bored, I might fly back again\nBut, the weed on the shelf\nWas kinda dead I grow better weed meself (Trust)\nPlus I'm banned now so I'm back taxi surfin'\nOr hangin' out the passenger side of one of me best friend's rides tryna holla at your girlfriend\nBut I ain't a scrub so let's not even get that twisted\nShe sniffed a whole half and didn't get that twisted\nThat's when I knew from there she was heavy on the lemo\nShe said d'ya sniff? I said, \"N-O\"\nI just smoke bare weed and have a little drink\nShe said, \"What's that you're smokin', Orange Cream?\"\nI said, \"Nah it's Lemoncello\"\nBut I get what you mean but don't act like you know your weed\nYou've probably been sittin' with Gs who talk like they're smokin'\nOn them kinda trees but babe they only smoke Cheese\nThey wouldn't know a flavour if it hit them in the face\nTwo pulls on this Kush one and he's askin' me, \"is it Haze?\"\nBabe, don't ever gas up these yutes\nThey're not on our level, man'll smack up these yutes\nChild abuse\nGet out on the block tryna get them (Bang)\nAnd now they're on the phone like 'let me grass up these yutes'\nLittle maggots\nBut I can't wait to get me whip back\n'Til me whip's parked up, can't wait to get me shit back\nAsk about the drivin' passengers be gettin' whiplash\nI'm brakin' for the bumps then acceleratin' quick fast (Skr)\nAny Police are gettin' dipped fast\nThey thought 'cos I was in a one litre it was a mismatch\nThey didn't know that my shit moves, like proper quick fast\nNow they're callin', all units up on the dispatch\nThey're like \"Yeah, there's a car gettin' chased, looks like an ST but I can't make the plate\"\nI said, \"Yeah exactly, a car gettin' chased\"\n'Cause I'm always first place, that's what it looks like to Jakes\nFirst gear does 40, second gear does 70\nCan't whip this like me bro, you'll end up in the cemetery\nI'm the type to go smoke a chase, go home and smoke some Lemon Tree\nNow let me see, I've got bars for days\nYou can't smoke with me bro you're sparkin' Haze\nWe only smoke flavours\nWakin' the neighbours, nigga you work all month an then you smoke all your wages\nWe ain't the same, we're on like two different pages\nOur Ps ain't the same, we're on like two different wages\nThe rap's gone mad, I'm on like two different stages\nI'll go'n record a hit and jump on two different stages\nAnd then come off the stage and collect two different payslips\nWhy? That's 'cause I'm heavy on the riddim\nI said that it was beef and look dread, I wasn't kiddin'\nI seen 'im same day and tried to get 'im with the Smith-n\nSlapped about six and disappeared like a magician\nReappeared in the interview room 'cause someone's snitchin'\nNo comment all the way, officer make your decision\nLet me go home, I've got the prosecution chattin' prison\nLittle mofos, wanna come at me and they'll go missin'\nTurn this little ming into a victim when I licked 'im\nSomehow, I knew he'd go missin' when I ticked 'im, but I still ticked 'im\nNow I'm down this is a dead ting\nShe's tellin' man she banged me, real talk it was a head ting\nIt's 2019, I'm only dealin' with said tings\nI said, I'm only dealin' with said tings\nYou're only dealin' with dead tings\nIt's mad", "image": "https://images.genius.com/72a61af77e210049af4423a50e3b4a41.570x570x1.jpg"}], "artist": "Aystar"}