{"songs": [{"title": "Brown Skin Lady", "album": "Mos Def & Talib Kweli Are Black Star", "year": "1998-09-29", "lyrics": "[Sample Intro]\n\n[Intro]\n[Talib Kweli]\n...\nBut most of yall brothers\nCame from your mothers\n\n[Mos Def]\nLooking all sweet (Black Star keep shining)\nAnd be like yo, let me ask you somethin\nI wanna know, I wanna know who you are\n\n[Chorus: Mos Def and (Talib Kweli)]\nBrown skin lady, hey hey\n(Yes)\nWhere you goin'\n(This goes to the brown skin ladies yo)\nBrown skin lady\n(Indigenous women of the planet Earth)\nWhat you doin?\n(Givin' birth to the brown skin ladies first)\nBrown skin lady\n(For what it's worth, from me to you)\nHow do you feel?\n(From me to you, watchin' you)\n\n[Bridge: Mos Def and (Talib Kweli)]\nI like the way you walk, when you walk on by\n(I like the, I like the, I like the, I like the way you walk)\nI like the way you move, when you do that dance\n(Yes, I like the way you move)\nI like the way you walk, when you walk on by\n(I like the, I like the, I like the, I like the way you walk)\nI like the way you move, when you do that dance\n(Please, won't you do that dance)\n[Mos Def and Talib Kweli]\nAnd everybody on the avenue I know, when they see her say\nEverybody on the avenue I know, when they see her say\nThere she is\n\n[Verse 1: Talib Kweli]\nFresher than Tony Rebel's vegetables at African street festivals\nWhere incredible women is, plentiful\nOver the years I met a few, none of them compare to you\nPreparing you to make fruit bearable, somethin terrible, let's see:\nYou fruitful, beautiful, smart, lovable, huggable\nDoable like art, suitable to be part\nOf my life, Coppertone owe you copyright infringement, pay\nYou been this tan since way back in the day\nIt's like I'm standin there you know appreciatin God's design\nAnd then you showed up, it's like you read my mind\nDAMN SHE'S FINE, I think I add the R-E, in front of that\nAnd see if she D, to get, with a cat like me\n\n[Bridge: Mos Def and (Talib Kweli)]\nI like the way you walk, when you walk on by\n(I like the, I like the, I like the, I like the way you walk)\nI like the way you move, when you do that dance\n(Yes, I like the way you move)\nI like the way you walk, when you walk on by\n(I like the, I like the, I like the, I like the way you walk)\nI like the way you move, when you do that dance\n(Please, won't you do that dance)\n[Mos Def and Talib Kweli]\nAnd everybody on the avenue I know, when they see her say\nEverybody on the avenue I know, when they see her say\nThere she is\n\n[Verse 2 Mos Def]\nOoooh! Damn baby girl, look at you!\nComin on the block lookin fresh and brand new\nOoooh! Headwrap cover your hairdo\nPretty feet peekin through open-toed shoe\nOoooh! No limit to what I would do\nMake love to you like long interview\nWhooh! Is she for real, me like you\nGood look champion, win the title\nTrue, many man try invite you\nShot down lyric each time they cyph you\nJewel, what man, ya get born inside zoo?\nFeet they walk way and just let she pass through\nOoooh! Can't be a next one like you\nFamous like tapes made by DJ Clue\nI tighten up my game as I approach you\nYo check her she the nectar the bee get close to\n\n[Break]\n\n[Verse 3: Talib]\nI don't get many compliments, but I am confident\nUsed to have a complex about, gettin too complex\nYou got me, willin to try, looked me in the eye\nMy head is still in the sky, since you walked on by\nI'm feelin high, got my imagination flickerin like hot flames\nIt's how it seems, you make me wanna ride the Coltrane to A Love Supreme\nMy brown lady, creates environments, for\nHappy brown babies, I know it sounds crazy\nBut your skin's the inspiration for cocoa butter\nYou provoke a brother we should get to know one another\nI discover when I bring you through my people say TRUE, all I can say\nIs all praise due I thank you God for a beauty like you\n\n[Chorus: Mos Def and (Talib Kweli)]\nBrown skin lady, hey hey\n(Yes)\nWhere you goin'\n(This goes to the brown skin ladies yo)\nBrown skin lady\n(Indigenous women of the planet Earth)\nWhat you doin?\n(Givin' birth to the brown skin ladies first)\nBrown skin lady\n(For what it's worth, from me to you)\nHow do you feel?\n(From me to you, watchin' you)\n\n[Bridge: Mos Def and (Talib Kweli)]\nI like the way you walk, when you walk on by\n(I like the, I like the, I like the, I like the way you walk)\nI like the way you move, when you do that dance\n(Yes, I like the way you move)\nI like the way you walk, when you walk on by\n(I like the, I like the, I like the, I like the way you walk)\nI like the way you move, when you do that dance\n(Please, won't you do that dance)\n[Mos Def and Talib Kweli]\nAnd everybody on the avenue I know, when they see her say\nEverybody on the avenue I know, when they see her say\nThere she is\n\n[Outro: Mos Def]\nShe's a brown skinned lady\nSuch a brown skinned lady\nShe's a brown skinned lady\nShe's a brown skinned lady\nShe's a brown skinned lady\nShe's a brown skinned lady\n\n[Outro: Talib]\nBaby, what you mean you don't think you look good?\nYou know what some people put themselves through\nTo look just like you?\nDark stocking, high heels, lipstick, alla that\nYou know what?\nWithout makeup you're beautiful\nWhatcha you need to paint the next face for\nWe're not dealin with the European standard of beauty tonight\nTurn off the TV, put the magazine away\nIn the mirror tell me what you see\nSee the evidence of divine presence\nWomen in the, Caribbean, they got the, golden sun\nI know women on the continent got it\nNigeria and Ghana, you know they got it\nTanzania, Zambia and Mozambique\nAnd Botswana, to let it speak\nHow 'bout Latinas, Colombianas\nCubanas, Dominicanas, Tahinians\nOf course the Brooklyn women walk that walk\nAnd the Bronx women walk that walk\nHonies from Queens walk that walk\nNYC, ATL, LA, Cincinnati, the Bay Area\nGot the cocoa butter brown skinned ladies doing their thing in\nLondon and Paris, cocoa butter brown sk...", "image": "https://images.genius.com/719c461e6e5e776918adcb186e1b72b5.820x820x1.jpg"}], "artist": "Black Star"}