{"songs": [{"title": "GET MONEY", "album": "El Negreeto", "year": "2019-05-17", "lyrics": "[Intro: Anuel AA]\n(Mera, dime Akon, los diablo', \u00bfo\u00edste, cabr\u00f3n?)\n(Mera, dime Frabian, Real Hasta La Muerte, \u00bfo\u00edste, beb\u00e9?)\n(\u00a1Brr!)\n\n[Pre-Chorus: Akon]\nSo much paper locked in my vault\nYou name it, nigga, we did it\nAll my homies dead or got caught\nBut we out here, still gettin' it\nHold up, who ball?\nThese niggas acting like bitches\nAnd haters coming from every corner\nAnd mad at all of my riches\n\n[Chorus: Akon, Anuel AA]\nDon't get mad, get money\nDon't get mad, get money\nDon't get mad, get money\nDon't get mad, get money\nDon't get mad, get money\nDon't get mad, get money\nDon't get mad, get money\nDon't get mad, get money\n\n[Verse 1: Akon]\nLo' kilo' en el jet (Jet)\n100 mil en el Porche (\u00a1Wuh!)\nEllos me fantasmearon y yo se los acost\u00e9\nLit a candle up for my nigga\nStill win, we used to break bread\nCompr\u00e9 20 rifles then I smashed a gyal in your bed (Uoh)\nT\u00fa mujer me secuestro (Uoh)\nManejando me lo mam\u00f3 (Uah)\nShe said she don't wanna let go (Uah)\nAnuel, tell me, do you wanna bang on this ho?\n\n[Pre-Chorus: Akon]\nSo much paper locked in my vault\nYou name it, nigga, we did it\nAll my homies dead or got caught\nBut we out here, still gettin' it\nHold up, who ball?\nThese niggas acting like bitches\nAnd haters coming from every corner\nAnd mad at all of my riches\n\n[Chorus: Akon, (Anuel AA)]\nDon't get mad, get money\nDon't get mad, get money\nDon't get mad, get money\nDon't get mad, get money\nDon't get mad, get money\nDon't get mad, get money (El Dios del trap, \u00bfo\u00edste, beb\u00e9?)\nDon't get mad, get money\nDon't get mad, get money (Anuel)\n\n[Verse 2: Anuel AA]\nVesti'o to' de rojo como Dead-pool\nLa' corta' y lo' palo' son to'as full\nLo' kilo' lo' movemo' por Jet-Blue\n50 mil encima como Fa-rru' (Jaja; brr)\nPablo Escobar es mi \u00eddolo (\u00cddolo)\nEl creepy es verde como Piccolo\nEl ojo del diablo siempre en el tri\u00e1ngulo (Tri\u00e1ngulo)\nIlluminati lo' simbolo' (Illuminati)\nTe matamo' y si me explota el caso, cabr\u00f3n\nQue se joda, nos vamo' a correr (A correr)\nYo soy 27, cabr\u00f3n\nLo' pa\u00f1uelo' son rojo' como Raphael (Raphael)\nTe pillamo' en la lu' y te prendemo' lo palo\nPa' que te busque Lucifer (Brrr)\nY to' estos cabrone' le meten cabr\u00f3n\nPero todos se parecen a Anuel (Jaja)\nMis manos llenas de sangre (Sangre)\nEl Porsche como Arc\u00e1ngel (Brr)\nLo' AK y lo R to' son negro' como Black Panther (Black Panther)\nIntocable en la' prisione' (Brr)\nLo' kilo' en lo' avione' (Avione')\nY los federale' me tienen como en 4 investigacione'\n\n[Bridge: Anuel AA]\nLo' kilo' en el aire y la' puta' en el yate\nY el pana tuyo va a entregarte pa' que yo no lo mate\nY le di tanto bicho a tu puta que le dio un desgaste\nLa' corta' y lo' palo', cabr\u00f3n, la' bala' son jalo\n\n[Chorus: Akon & Anuel AA]\nDon't get mad, get money\nDon't get mad, get money\nDon't get mad, get money\nDon't get mad, get money\nDon't get mad, get money\nDon't get mad, get money\nDon't get mad, get money\nDon't get mad, get money\nNo te encabrone', haz dinero, cabr\u00f3n, haz dinero\nNo te encojone', haz dinero, cabr\u00f3n, haz dinero\nTe vac\u00edo mi tambor entero, lo' toto' y lo' cuero'\nCabr\u00f3n, haz dinero, hijo e' puta, haz dinero, eh, eh\n\n[Outro: Anuel AA]\nEh, eh\n(Mera, dime Maffio)\nEh-eh\n(Mera, dime Luian)\nEh-eh\n(Mera, dime Hydro)\n(Brrr)", "image": "https://images.genius.com/a1804c69f5e6132c6b7233865280bc1d.1000x1000x1.jpg"}], "artist": "Akon & Anuel AA"}