{"songs": [{"title": "Goodbye", "album": "Church on Sunday", "year": "2019-11-15", "lyrics": "[Intro: Blac Youngsta]\nIt's 'bout to be a long year\nOoh, DaVinci\nJust a heads up\nI ain't toleratin' no bullshit,\u2005pussy\nI\u2005just thought I\u2005should tell you ahead of time\nYou\u2005know, 'fore the summertime hit\nAnd I have to heat one of you niggas up\n\n[Chorus: Blac Youngsta]\nSuicide, suicide, suicide, suicide\nGo to war mean commit suicide (Sui')\nPulled out, pulled out, pulled out, pulled out\nThat ain't my baby, I pulled out ('cide)\nDo or die, do or die, do or die, do or die\nI'm with the gang 'til I do or die (Good')\nGoodbye, goodbye, goodbye, goodbye\nTell that broke bitch goodbye ('bye)\nSuicide, suicide, suicide, suicide\nGo to war mean commit suicide (Gang, gang)\nPulled out, pulled out, pulled out, pulled out\nThat ain't my baby, I pulled out (Gang, gang)\nDo or die, do or die, do or die, do or die\nI'm with the gang 'til I do or die (Bitch)\nGoodbye, goodbye, goodbye, goodbye\nTell that broke bitch goodbye (I swear to God)\n\n[Verse 1: Blac Youngsta]\nI'm with the gang, we Death Row (Uh)\nI got it locked with an elbow (Uh)\nI got these rap niggas shook\nAfter I fuck on his bitch, I let go, ooh\nI'm in Houston in the ghetto, ooh\nNo excuses 'bout my cheddar, ooh\nCute thick red bitch\nAnd she lookin' real good in stilettos (Gang, gang)\nYou want a date, where the front end? (Front)\nI'm in the trap, don't run in (In)\nYou gon' get shot in your face\nI'ma have to take a vacay for a month then (Jump)\nKiller in the truck, don't jump in (In)\nIf I fuck up, I'ma punch in (Gang)\nI'ma keep gettin' money\nThat hatin' ass shit ain't sunk in (Gang, gang)\n\n[Chorus: Blac Youngsta]\nSuicide, suicide, suicide, suicide\nGo to war mean commit suicide (Sui')\nPulled out, pulled out, pulled out, pulled out\nThat ain't my baby, I pulled out ('cide)\nDo or die, do or die, do or die, do or die\nI'm with the gang 'til I do or die (Good')\nGoodbye, goodbye, goodbye, goodbye\nTell that broke bitch goodbye ('bye)\nSuicide, suicide, suicide, suicide\nGo to war mean commit suicide (Gang, gang)\nPulled out, pulled out, pulled out, pulled out\nThat ain't my baby, I pulled out (Gang, gang)\nDo or die, do or die, do or die, do or die\nI'm with the gang 'til I do or die (Gang, gang)\nGoodbye, goodbye, goodbye, goodbye\nTell that broke bitch goodbye (Ayy)\n\n[Verse 2: Moneybagg Yo]\nWake a Wraith, I jump in\nLittle black Honda with the tint with the goons in (They behind me)\nDon't believe a nigga like really I ain't worth nothin'\nGet his ass gone with the front end (Show him)\nYoung niggas on go every time I hit the road\nThey kick down a door, do a run-in (Hey)\nI'm the coach, I put myself in\nChocolate, Hershey colored FN (On me)\nHomicide, homicide, homicide (Homicide)\nCan't pull up in my hood, this the gun line (Right now)\nI'm a young boss, you done got laid off (Yeah)\nFour, five whips, and they all paid off\nI hit her raw but I did pull out\nSlick bitch tryna blame it on precum (Oops)\nThey neck, I got my feet on\nAK make 'em dance like ReRun (Pop lockin', hey)\n\n[Chorus: Blac Youngsta]\nSuicide, suicide, suicide, suicide\nGo to war mean commit suicide (Sui')\nPulled out, pulled out, pulled out, pulled out\nThat ain't my baby, I pulled out ('cide)\nDo or die, do or die, do or die, do or die\nI'm with the gang 'til I do or die (Good')\nGoodbye, goodbye, goodbye, goodbye\nTell that broke bitch goodbye ('bye)\nSuicide, suicide, suicide, suicide\nGo to war mean commit suicide (Gang, gang)\nPulled out, pulled out, pulled out, pulled out\nThat ain't my baby, I pulled out (Gang, gang)\nDo or die, do or die, do or die, do or die\nI'm with the gang 'til I do or die (Bitch)\nGoodbye, goodbye, goodbye, goodbye\nTell that broke bitch goodbye\n\n[Verse 3: Yo Gotti]\nBig old boss like Suge on Baby\nSo nigga, don't play me\nI shoot a nigga ass in public like Baby (Walgreens)\nSo don't even try to play me (Yeah)\nNigga, out of everything you done said about me\nOne thing you can't say, I'm a ho (Nah)\nNigga, out of everything that you know about me\nOne thing you can't say, I'm broke, gang (Beep)\nAnd I ain't no member (Nah)\nOnly rep white like December (Woo)\nNigga want smoke? Not on Insta' (Smoke)\nJust bought a Wraith, but not for the pistol, nigga\nCullinan, Wraith, Maybach, all '19 (Skrrt)\nI know some suicidal hitters all under sixteen (No cap)\n\n[Chorus: Blac Youngsta]\nSuicide, suicide, suicide, suicide\nGo to war mean commit suicide (Sui')\nPulled out, pulled out, pulled out, pulled out\nThat ain't my baby, I pulled out ('cide)\nDo or die, do or die, do or die, do or die\nI'm with the gang 'til I do or die (Good')\nGoodbye, goodbye, goodbye, goodbye\nTell that broke bitch goodbye ('bye)\nSuicide, suicide, suicide, suicide\nGo to war mean commit suicide (Gang, gang)\nPulled out, pulled out, pulled out, pulled out\nThat ain't my baby, I pulled out (Gang, gang)\nDo or die, do or die, do or die, do or die\nI'm with the gang 'til I do or die\nGoodbye, goodbye, goodbye, goodbye\nTell that broke bitch goodbye (I swear to God)", "image": "https://images.genius.com/3a6285905176c52f87fda641cf2a8bcc.1000x1000x1.jpg"}], "artist": "Blac Youngsta"}