{"songs": [{"title": "Snakes", "album": null, "year": "2019-07-21", "lyrics": "[Intro: 38]\nHalf of the day money's on my mind\nWhy you hatin' on me aren't you my\u2005slime\n\n[Verse 1: 38]\nHalf\u2005of the day\u2005money's on my mind\nWhy you hatin'\u2005on me aren't you my slime\nTaking these drugs you know imma be high\nYou're fucking with my opps and you claim to ride\nFuck that nigga he soon die\nNo cats and no lies\nBig mac with some fries, I won't hesitate to shoot twice\n\nHalf of the day money's on my mind\nWhy you hatin' on me aren't you my slime\nTaking these drugs you know imma be high\nYou're fucking with my opps and you claim to ride\nFuck that nigga he soon die\nNo cats and no lies\nBig mac with some fries, I won't hesitate to shoot twice\n\n[Verse 2: Alz]\nI'm that young [?] nigga, I switch flows like a river\nI got lean up [?] in my liver\nNo Jimmy, I won't hit her (No)\nNone of these niggas, they ain' reala'. bitta'\nWhat you mean \"Alz\", I'm a winner\nNow let me show you a real hitta', my nigga, he really had a mash in the dinger\nAnd I can switch flows for ages, turnt up gang, yeah we're soon on your playlist\nHear this one and bet they really played this\nBlack white tings. nah B I ain't' racist\nBro overseas said he moves both races (?)\nCome like twins 'cos they got two faces\nCan't trust none you can't ride this, wave bitch\nSnakes on the grass now they step on the pavements\nGelato, ****, nothin else I'm blazing\nI'm tryna be top five but I ain' Canadian\n\n[Verse 3: 38]\nHalf of the day money's on my mind\nWhy you hatin' on me aren't you my slime\nTaking these drugs you know imma be high\nYou're fucking with my opps and you claim to ride\nFuck that nigga he soon die\nNo cats and no lies\nBig mac with some fries, I won't hesitate to shoot twice\n\nHalf of the day money's on my mind\nWhy you hatin' on me aren't you my slime\nTaking these drugs you know imma be high\nYou're fucking with my opps and you claim to ride\nFuck that nigga he soon die\nNo cats and no lies\nBig mac with some fries, I won't hesitate to shoot twice\n\n(Will finish in a bit)", "image": "https://images.genius.com/08df7f6ecad499d75213aa3d94c2c983.719x719x1.jpg"}], "artist": "38 x Alz (YMN)"}