{"songs": [{"title": "Good For It", "album": "High Art EP", "year": "2019-05-03", "lyrics": "[Verse 1]\nI'm a standup guy\nI ain't no creep, enough throwin' you bad vibes\nI ain't no deviant creature of the night\nOnly wanna treat you right\nOnly wanna treat you right\n\n[Pre-Chorus]\nNot tryna be rude, but I want you\nSo I try to play it cool\nBut you calm enough\nNot tryna be rude, but I want you\nSo I try to play it cool\nBut I gotta let you know\n\n[Chorus]\nI'm good for it, my heart don't quit\nMy love don't go to waste\nI'm good for it, my heart don't quit\nMy love don't fade away\nI'm good for it, my heart don't quit\nMy love don't go to waste\nI'm good for it, my heart don't quit\nMy love don't fade away\n\n[Verse 2]\nI ain't gonna lie\nStill wander 'cross my mind, girl, from time to time\nYeah, you caught my eye, you know you're just my type\nOnly wanna treat you right\nOnly wanna treat you right\n\n[Pre-Chorus]\nNot tryna be rude, but I want you\nSo I try to play it cool\nBut you calm enough\nNot tryna be rude, but I want you\nSo I try to play it cool\nBut I gotta let you know\n\n[Chorus]\nI'm good for it, my heart don't quit\nMy love don't go to waste\nI'm good for it, my heart don't quit\nMy love don't fade away\nI'm good for it, my heart don't quit\nMy love don't go to waste\nI'm good for it, my heart don't quit\nMy love don't fade away\n\n[Bridge]\nRight as you need me, that's when you leave me\nHigh and dry as you like, babe\nRight as you need me, that's when you leave me\nHigh and dry as you like, babe\nRight as you need me, that's when you leave me\nHigh and dry as you like, babe\nRight as you need me, that's when you leave me\nHigh and dry as you like, babe\n\n[Chorus]\nI'm good for it, my heart don't quit\nMy love don't go to waste\nI'm good for it, my heart don't quit\nMy love don't fade away\nI'm good for it, my heart don't quit\nMy love don't go to waste\nI'm good for it, my heart don't quit\nMy love don't fade away\nI'm good for it, my heart don't quit\nMy love don't go to waste\nI'm good for it, my heart don't quit\nMy love don't fade away\nI'm good for it, my heart don't quit\nMy love don't go to waste\nI'm good for it, my heart don't quit\nMy love don't fade away", "image": "https://images.genius.com/a52062b2824e66e606dd1cb7d9cbaae2.1000x1000x1.jpg"}], "artist": "B00TY"}