{"songs": [{"title": "Got You", "album": "Seasons ", "year": "2018-04-06", "lyrics": "[Verse: 169]\nI'm glad that you're well\nI know that you feel the same\nFor me I can tell\nJust look how far we've come\nIt's not in me to fail\nNominations, I knew it would all come with patience\nQuestioning what I'm making\nIs he real? Did he fake it?\nAnd now that I'm out all the time\nI know that you worry\nIs he safe? Does he love me?\nI only ask that you trust me\nYeah\nSo I'll always let you know\nYeah\nThat I'm good while I'm on\n\n[Hook: 169]\nJust know I got you\nGirl I always got you\nWhatever we go through\nJust know I got you\nAlways thinking about you\nYou stay on my mind\nI have to stay on my grind\nI'm never wasting your time\nI'm just waiting on mine\nJust know I got you\nGirl I always got you\nWhatever we go through\nJust know I got you\nAlways thinking about you\nYou stay on my mind\nI have to stay on my grind\nI'm never wasting your time\nI'm just waiting on mine\n\n[Verse: Dave]\nAnd it's like\nYou knew the kinda picture that I had for us\nNow you're trying to tell me that you're camera shy\nI just wanna save the world\nEven Jesus Christ couldn't do it without sacrifice\nAnd I need sacrifice, but you want all of me\nYou think that I'm ignoring you\nBut I got award shows ignoring me\nForget other women\nKodak Black, I got tunnel vision\nYou ain't checking who's calling me\nThat's because you're the only person in my corner\nThat's prepared to think more of me\nBut all you see is dinner on the date\nTruth in the things that you didn't wanna say\nBig figures, Chinchillas sitting in the range\nI ain't giving it away\nBut you're silent\nThat's why I'm here singing in the rain\n\n[Hook: 169]\nJust know I got you\nGirl I always got you\nWhatever we go through\nJust know I got you\nAlways thinking about you\nYou stay on my mind\nI have to stay on my grind\nI'm never wasting your time\nI'm just waiting on mine\nJust know I got you\nGirl I always got you\nWhatever we go through\nJust know I got you\nAlways thinking about you\nYou stay on my mind\nI have to stay on my grind\nI'm never wasting your time\nI'm just waiting on mine\n\n[Outro: 169]\nJust know I got you\nGirl I always got you, got you\nWhatever we go through\nJust know I got you\nAlways thinking about you\nYou stay on, you stay on my mind\nI have to stay on my grind\nI'm never wasting your time\nI'm just waiting on mine", "image": "https://images.genius.com/ea7fd2a476a8b58d9f097e0897dc6040.640x640x1.jpg"}], "artist": "Tyrell 169"}