{"songs": [{"title": "UNDA ARMOR", "album": "95", "year": "2019-10-18", "lyrics": "[Chorus]\nI had the under armor vest to protect myself\nI had the under armor vest to\u2005protect\u2005myself\nStill got the\u2005city on my back to protect\u2005myself\nTwo phone shawty, oh, la-di-da-di\n\n[Verse 1]\nUh, pop two pills, uh, this shit for real\nUh, it's shoot to kill, uh, uh, this shit for real\nUh, uh, bills up high like the hills, uh, this shit for real\nUh, uh, scope on top of the hill, uh, this shit for real\nThursday, I woke up right back to the job, mang\nFriday, I haven't slept, I'm mixin' in the pot, mang\nSaturday, my mama tellin' me, \"You forgot to call me\"\nSunday, ain't go to church, I had to feed the flock, mang\n\n[Chorus]\nAyy, ayy, uh\nI had the under armor vest to protect myself\nI had the under armor vest to protect myself\nStill got the city on my back to protect myself\nTwo phone shawty, oh, la-di-da-di\n\n[Verse 2]\nYeah, yeah, yeah\nHopped out the whip, might light one (Ayy)\nMight get to squeezin', if I find one (Yeah, yeah, yeah)\nUnder armor vest when the night comes\nIf you lookin' for a hit, we can write one\nOff the Goose again, it's your turn to duck, uh\nNigga choose your chip, you can try your luck, uh\nTold you it's a wrap with the gimmick chat, ah\nReally ain't talkin' 'bout no plaques, let the trigger rap\n\n[Chorus]\nAyy, ayy, uh\nI had the under armor vest to protect myself\nI had the under armor vest to protect myself\nStill got the city on my back to protect myself\nTwo phone shawty, oh, la-di-da-di", "image": "https://images.genius.com/12fd835afc3d9b4aa46fb1fff7ad2cdf.823x823x1.jpg"}], "artist": "BEAM"}