{"songs": [{"title": "745 sticky", "album": "1000 gecs", "year": "2019-05-31", "lyrics": "[Chorus: Laura Les]\nI make my money on my own, yeah\nWakin' up five in the morning, yeah\nThrowin' money in the oven, yeah\nFuck sleep and his cousin, yeah\nI've been on a roll, yeah\nI spend my money like it's stolen, yeah\nShit, I'm already broke and it's only 7:45 in the morning, yeah\n\n[Post-Chorus: Dylan Brady]\nGoddamn, what the fuck?\nFeel like I'm not good enough\nGet off of me, I swear I'll do it all\nDo it all, do it all\nI can swear I can do it all\nDo it all, do it all\nI can swear I can do it all\n\n[Verse 1: Laura Les]\nI'm done trying to plan\nDo what I want, don't hold my hand\nI can do anything I want, first try\nYou take like ten tries, hurtin' my eyes\n(Oh my god)\n\n[Verse 2: Dylan Brady]\nBatshit, got a check and I spent it\nMoney got me feelin' like a dentist\nI can do anything I put my mind to\nYou can't do anything even if you wanted to (Yeah)\n\n[Chorus: Laura Les]\nI make my money on my own, yeah\nWakin' up five in the morning, yeah\nThrowin' money in the oven, yeah\nFuck sleep and his cousin, yeah\nI've been on a roll, yeah\nI spend my money like it's stolen, yeah\nShit, I'm already broke and it's only 7:45 in the morning, yeah\n\n[Post-Chorus: Dylan Brady]\nGoddamn, what the fuck?\nFeel like I'm not good enough\nGet off of me, I swear I'll do it all\nDo it all, do it all\nI can swear I can do it all\nDo it all, do it all\nI can swear I can do it all", "image": "https://images.genius.com/411e3fa393a7bcb50368b5d2e3e1489a.1000x1000x1.jpg"}], "artist": "100 gecs"}