{"songs": [{"title": "Tried Up", "album": "DDD - EP", "year": "2018-03-28", "lyrics": "[Verse 1]\nSend it forward I got you\nPretty important I had\nWill you make sure I loved it\nIf you would I\n\n[Pre-Chorus]\nCuz it seems like I could be it all\nDo you trip when you hear it all\nAnd Burnt blood when you feel it all yeah\n\nBridge\nIt could be better I wouldn't even know\nTried to call my bluff when you had your last go\nAnd a keen 40ty did you say you'd make my last show ?\nI could call but you'd get to hang up, up\n\n[Chorus]\nTried up I\u2019m tried up, un-try for me huh?\nI\u2019m tied up, I'm tied up, untie for me\nI'm tried up, I'm tried up, un-try for me huh?\nI\u2019m tied up, I'm tied up\n\n[Verse 2]\nKeep locked unbothered\nKeep it boxed I don't want it\nDid they tell you I was sorry\nIt didn't feel right\n\n[Pre-Chorus]\nCuz it seems like I could be it all\nDo you tripp when you hear it all\nAnd Burnt blood when you feel it all\n\nBridge\nIt could be better I wouldn't even know\nTried to call my bluff when you had your last go\nAnd a keen 40ty did you say you'd make my last show ?\nI could call but you'd get to hang up\n\n[Chorus]\nTried up I\u2019m tried up, un-try for me huh?\nI\u2019m tied up, I'm tied up, untie for me\nI'm tried up, I'm tried up, un-try for me huh?\nI\u2019m tied up, I'm tied up\n\n[Bridge]\nStand on your motorbike\nAnd for the most part I don't lie\nThere was just crowded heights (there was just crowded)\nDid you predict out there was darkened\nDid you try and see it for me (cuz I)\nAnd you had me climbing Old trees (Gimme)\nCuz the rings were older than I ever knew before\nIt could be better\nIt could it could be better\nIt could be better\nIt could it could be better\nIt could be better\nIt could it could be better\n\n[Bridge]\nIt could be better i wouldn't even know\nTried to call my bluff when you had your last go\nAnd a keen 40ty did you say you'd make my last show ?\nI could call but you'd get to hang up\n\n[Chorus]\nTried up I\u2019m tried up, un-try for me huh?\nI\u2019m tied up, I'm tied up, untie for me\nI'm tried up, I'm tried up, un-try for me huh?\nI\u2019m tied up, I'm tied up", "image": "https://images.genius.com/d03763e48a8bb140c31a5231f8f547e4.800x536x1.jpg"}], "artist": "Ama Lou"}