{"songs": [{"title": "Hater Players", "album": "Mos Def & Talib Kweli Are Black Star", "year": "1998-09-29", "lyrics": "[Intro: Talib Kweli]\nYes\nEvery day somebody ask me where all the real MC's is at?\nThey underground\nThere's mad talented cats underground with that raw shit\nYaknowwhat'msayin? Bringin them raw skills\nYaknowwhatI'm sayin?\nReally, to me\n\n[Verse 1: Talib Kweli]\nIt's a Small Wonder, like Vicki, why I'm picky\nThese niggas suck like hickies\nAnd still get to slip they shit in like Mickies\nI'm sick of the hater-players, bring on the regulators\nWith the flavors like a farm team fucking with the majors\nLike a river how I run through it, I do it so cold\nFreezin up your bodily fluids, your style is old\nYou runnin your mouth, but don't really know what you be talkin about\nYou should retire, get that complimentary watch, be out!\nYo, with the quickness, so swift you miss this lyrical fitness\nNow get this, these emcees wanna test me like litmus, bear witness\nI'm like shot clocks, interstate cops, and blood clots\nMy point is, your flow gets stopped!\nBy all means, you need more practice, take that ass home\nEverybody lookin at you, fish tank syndrome\nIn full effect, I stay catchin lyrical rep\nAnd keep it blacker than the back of your neck\nWhat you expect, emcees hollerin\nCause we developin the followin\nGettin played like stone love tapes and dollar vans\nOrder reverse your universe so your demise is first\nBefore your rise it gets worse\nYou need a night nurse like Gregory\nBeggin me - stop it hurts! - is what you say to me\nLike that's supposed to mean somethin?\nYou the one I seen frontin in the club\nYour act I don't buy it, I got the dub\nCome on everybody, come on just show your love\nCome on everybody, come on just show your love\nCome on everybody, come on just show your love\nCome on everybody, come on just show your love\nCome on everybody, come on just show your love\n\n[Verse 2: Mos Def]\nVisions occupy my synaptic space\nCommand and shape, to illustrate my mind's landscape\nThe tall grass, the low plains, the mountanous ridges\nThickets among the forests, rivers beneath the bridges\nPresence of hilltops, lit up with tree tops\nEavesdrop; and hear the incline of sunshine, nine\nStones in orbit, refuse to forfeit\nThey all form a cipher, and they came to absorb it\nI follow suit, and face it, embrace it\nShinin bright, but still I'm careful not to waste it\nDestined to rise, because I'm basement adjacent\nSpirit is still so just chill and be patient\nSome heads approach like I'm the one to base with\nClowns about to scream and shout but don't say shh...\nI ain't your student so I ain't to be tested\nI'm majestic, I represent my strength without effort\nMy, method is unorthodox, but of course it rocks\nMy serious synopsis will drop kick, my topics\nRun the gauntlets and galvanize the audience\nI must represent, I don't come off with no corniness\nIt's all luminary, despite commentary\nSome people say, Mos how you get so?\nMy sign will make you jump around like calypso\nAnd, murmur to yourself like a schizo\nThere ain't no bottom on the ???\n\n[Bridge: Talib Kweli]\nCome on\nHere we go, Blackstar, hop on the Blackstar line\nWe bout to take y'all home\nYaknowwhatImean? Here we go\n\n[Verse 3: Talib Kweli]\nWe got all markets on lock\nFrom meat to stock\nBlack Star, what? Throwin like Kid Rock in bars\nMen flock to where we are, cause its the place to be\nI grab my paint, jump on stage and deface emcees\nWe sell our souls like Spawn and come for the throne I sit upon\nFreestyle or written songs, shit we can get it on!\nGoing back and forth, forth and back, all across the track\nPassin the mic's like quarterbacks\nOf course its phat, get off of that!\nReverse psychology got em scared to say when shit is whack\nOut of fear of being called a hater, imagine that!\nWe ain't havin that reachin past the star status that you grabbin at\nMy battle raps blast your ass back to your natural habitat\nSo floss, cause what it costs ain't worth it to me\nCause I'm the one these Spice Girl emcees Wannabe\nBut they can't, ain't no points for effort, so why bother?\nCause your girl calls my name out like Clarence Carter\nClarence Carter, Clarence Carter!\n(I be strokin, that's what I be doin)\nAiyyo, as we rock harder\nAnd always drop the bona-fide head nodders\nAiyyo, later for the hater-players\nYo-yo, yo-yo, later for these hater-players\n\n[Outro: Mos Def]\nBlackstar keeps shining", "image": "https://images.genius.com/719c461e6e5e776918adcb186e1b72b5.820x820x1.jpg"}], "artist": "Black Star"}