{"songs": [{"title": "Straight Rhymez", "album": null, "year": "2018-05-19", "lyrics": "[Intro]\nAyo Sami, swing that camera my way 'ere brudda\n\n[Verse 1]\nIf you don't see me in my sides with my guys\nI be in the nice vibe, zoned, tryna write rhymes\nBitches in my eyesight, lyrics in the pipeline\nI combine lines when the time's right, if I'm in the right mind\nWhite guy's gonna fly high, I'm the right guy\nTrust me I'm the coldest don in this, ain't nuttin' like ice\nTold you she don't like rides, but said she wanna ride mine\nYou're taking her to Five Guys, I beat her in my guy's ride (Uh)\nShe call me sexy 'cause I rhyme tight\nBut she move sour 'cause I'm getting all the limelight\nLeave her in the morning and won't see her till the night time\nShe only ever phones me for dick, I got a pipeline\nStep up on the stage, fuck everyone it's my time\nDash a man's watch in the crowd, look how time flies\nYou're stepping on the fine line, the roof will get raised\nLike the London city knife crime\n\n[Verse 2]\nShe thinks it's funny how I stack up all this money\nSo I tell her \"Suck my dick\" and then I'm bussing, word to A1\nFuck it, I ain't fussy, run the beat, I'm getting mucky\nCatch a vibe, I'm not a rookie, get a lyric and I spray one\nDuppy yet I'm gully, take the piss, I'm wid your honey\nGiz' a kiss, ya' looking lovely, better show me what you're made of\nShe been near a few guys, holla'd her a few times\nYou know she likes the blue eyes, watch how I take my shades off\n\n[Verse 3]\nG-grime, rap, trap, gets rapped\nThat's facts, man don't clap straps\nBut I, slap tracks fast, barriers get smashed\nDash straight to the cash, come back with a bad diss\nAin't a bus pass, man I don't pass back\nIn other words back track, skets swerved, that's that, uh\nFat back, slim body, no back fat\nSaid she's into black man, dash me a L, let me catch that\nPlease someone test me, I'm alright for a white\nWhen I write, I'm a lefty\nFuck a knife but I'm nice for a fight, if you get me\nAy yo, check me\n\n[Verse 4]\nI swear to god, I'm underestimated\nI never flop, I got it boxed, look how I demonstrate it\nListen up, I teach you suttin', now you're educated\nI took ya L but kept smiling, come and celebrate it\nCouple groupies, I'm lovin' the life\nBut maybe one day, I'll find the love of my life\nNah, lowe it I'm drunk, man's fuckin' tonight\nAitch, look at yourself, stop thinkin' you're fly\nI'm not a fraud, don't flex for the cam\nSummer time, watch a white boy flex wid a tan\nI believe that I'm cold, you ask why, 'cause I am\nYour beefin' is old, please go find a plan\n\n[Verse 5]\nDad said there's not a lift up to success\nYou gotta take the stairs, you're gonna go through nuff stress\nBut in the long run, you're comin' out with nuff bread\nPops, don't worry fam, I got dis, nuff said\nHow can I feel down when I'm up next?\nI hide things well, nobody see me when I'm upset\nDo what I enjoy, man, I'll stick to what mum said\nSo I do shows, videos and I run sets\nI just step in, give the mic a blessing, then I'm jetting\nDonny says my name, but I swear I've never met him\nBeggin' it to get in but they can't, so now they're stressin'\nTryna do my bit, I can't be arsed with all the messin'\nHatin' on the kid, it's kinda long, you're all depressin'\nBut since the day I started, it's been nothing but progression\nYou don't know nuttin' 'bout me, you're just guessing\nDon't give a fuck about a weapon, you weapon\n\n[Verse 6]\n'Cause it's Aitch in the place, quick\nPass me the mic and watch suttin' get blazed\nI ain't got a strap, but I aim when I spray 'em\nAnd when the target gets locked, there's no escapin' it, mate\nReally, who's testin'? Name a guy, I'm interested\nHonestly my lyrics suttin' like a weapon, got 'em stressin'\nSo many haters, thank the Lord, that's a blessin'\nIt's sad, they just mad, they can't get in where I'm shellin'\nI don't lurk and dip down opps\nBut I skirt and dick down thots, I'm a disgrace\nI used to ride up to Failsworth on peddles\nWith the disc brakes, then ride home shit-faced\nHalf a bottle vodka in my pocket\nThinkin' \"This is the shit, mate\", absolute piss take\nAll these brother's hate me so much, but they know that I'm heavy\nSo they sick of seein' this face\nFinally, Mr Aitch, professor of rhymary\nPeak, that's the only thing I've learnt since primary\nGotta hit the booth, this freestyle just reminded me\nBless up, safe, appreciate ya spendin' time with me, haha", "image": "https://images.genius.com/807d2fc1809352d4d9be5232464fc50b.640x640x1.jpg"}], "artist": "Aitch"}