{"songs": [{"title": "Goodnight Sweetheart", "album": "Scandinavian Pain", "year": "2017-08-25", "lyrics": "[Intro]\nGoodnight sweetheart\n\n[Verse 1]\nI love somebody who loves somebody else\nI got it bad baby, like I can\u2019t help myself, oh\nI want somebody that won\u2019t give me all of that\nOur stars will never align so I\nKeep loving somebody that never will be mine\n\n[Pre-Chorus]\nHow do you lose something you know you never had?\nI didn\u2019t do nothing, you went and made me sad\nAnd It\u2019s a cruel, cruel, cruel thing\nTo be lonely in love, and I\u2019m lonely in love, baby\n\n[Chorus]\nGoodnight sweetheart\nI love you more than you know\nMore than you know baby\nAnd someday I\u2019ll wake up and I\u2019ll be ready to let you go\nI\u2019ll let you go baby\n\n[Verse 2]\nYou say you love me  (You say love me)\nAnd then you say you don\u2019t (Don\u2019t you love me no more baby, baby)\nAnd my friends say \u201cC\u2019mon, quit it\u201d\nBut they all know I won't (I won't, I won't, I won't, I won't) oh no\nDarling I swear I'll do my best to get over you\nGuess it\u2019s a matter of time but now I'll\nKeep loving somebody that never will be mine\nAnd I wonder\n\n[Pre-Chorus]\nHow do you lose something you know you never had?\nI didn\u2019t do nothing, you went and made me sad\nAnd It\u2019s a cruel, cruel, cruel thing\nTo be lonely in love, and I\u2019m lonely in love, baby\n\n[Chorus]\nGoodnight sweetheart\nI love you more than you know\nMore than you know baby\nAnd someday I\u2019ll wake up and I\u2019ll be ready to let you go\n\n[Outro]\nLet go\nGoodnight sweetheart\nGoodnight sweetheart\nI love you more than you know\nGoodnight , goodnight, goodnight\nSomeday I\u2019ll wake up and I\u2019ll be ready to let you go\nI swear I\u2019ll let you go someday\nI swear I\u2019ll let you go someday", "image": "https://images.genius.com/d407a2bf321cee72a392f2cae04ff599.1000x1000x1.jpg"}], "artist": "Ji Nilsson"}