{"songs": [{"title": "Blow Your Top", "album": "Darkside", "year": "2019-02-14", "lyrics": "[Intro: The Andrews Sisters and Bandingo]\nThe buzzard took a monkey for a ride in the air\nI ain't, I ain\u2019t been in the studio for a month\nThe monkey thought that everything was on the square\nYou finna die baby!\nThe buzzard tried to throw the monkey off of his back\nThe monkey grabbed his neck and said \"Now listen, Jack\"\nStraighten up and fly right\nFly right, fly right\nStraighten up and fly right\nFly right, fly right\nStraighten up and fly right\nCool down, papa don't blow your top\n\n[Verse 1:]\nDon't blow your-\nPlay stupid, I play dirty\nHands on like Lilly\nI got the sauce and you got the juice\nNigga we don\u2019t rock the same fluid\nFoofoo your whole gang too\nDigital you niggas came through\nBullets go straight through his hat\n[?]\nI ain't got time to cry today\nDon't-give-a-fuck vibe today\nI'mma finger-pay myself just to put a bullet hole inside my face\nTime is valuable, and I ain't really got it down the ways\nGrab up her tiny waist, then she ride my face\nI'm a grumpy ape in a shiny cape with a lotta cake\n[?] how she back it up, rockin' like Metallica\nGot a cricket like the Mississippi or the Congo River out in Africa\nI was never good at algebra but I like it when my money addin' up\nThis money be flippin\u2019 itself, while I keep my feet up  remove [?] like a mafia boss\nI see these pussy-ass niggas runnin\u2019 around tryna copy this off me\n[?] shooter [?]\nPick up the body and drop that shit off\nThat's my king and I ain\u2019t gotta player, but I will cus I can\nYou finna die baby!\n\n[Bridge:]\nStraighten up and fly right\nFly right, fly right\nStraighten up and fly right\nFly right, fly right\nIt's a bird it's a plane\nStraighten up and fly right\nHell nah, it's Bandingo\nCool down, papa don\u2019t blow your top\n\n[Verse 2:]\nDon't blow your top!\nHer tongue swinging like a pendulum\nI ain't drippin' I know it's the hormones\nShe just need a little [?] aboutta hit his home phone\nNever tell the boys the next move, that's classified information\nIf I tell a nigga we gotta play they better get in formation\nStartin' shit like Conan, or Afghan, I'm a madman\nCool nigga [?] to the snow man, please act up, I'm a showman\n[?] bullet like a showman [?]\nYou don't really wanna go down like [?] you got no chance\nI sense lies like a polygraph\nIt's on with the hockey mask\nBitch deep-throat my whole bag, I ain't got time to lollygag\nPull up a whole bunch of choppers kicking, is it a gunfight or a karate class?\n[?] pop-out with durags\nI got a whole lot of cash\nBaby got a whole lot of ass\nYou finna stay up in a shopping bag\n[?]\nHop on my back, girl you know I'm fast we gon fly away\nGot a whole lot of swag, they tryna cuff me but they don't know how to play\n\n[Outro:]\nStraighten up and fly right\nFly right, fly right, fly\nStraighten up and fly right\nFly right, yeah\nStraighten up and fly right\nCool down, papa don't blow your top\nDon't you blow your fucking top!\nYou finna die baby", "image": "https://images.genius.com/a938b0bca30cafd23b97d9ff89c576e2.480x360x1.jpg"}], "artist": "Bandingo YGNE"}