{"songs": [{"title": "A Lot to Lose", "album": "Dropped Outta College", "year": "2019-05-17", "lyrics": "[Intro]\nAyy, yo, Jaasu, this a hit\nTake a look at my lifestyle right now, a lot for me to lose\nGot a lot for me to prove\n\n[Chorus]\nTake a look at my lifestyle right now, a lot for me to lose\nAin't always in the right like right now, a lot for me to prove\nSay you love me, but you hate me at the same time (Same time)\nSaid I like you, but you told me that you ain\u2019t mine (Nah)\nTake a look at my lifestyle right now, a lot for me to lose\n\n[Verse 1]\nYou say you don't know me anymore (More)\nWhat we fighting for? (For)\nI thought you were tripping when you asked me\n\"Do you even love me anymore?\" (More)\nNow I do not know (Know)\n'Cause you been acting different since the last week\nNo time to fight now (No)\nBarely got time for me\nCan\u2019t afford to lose right now\nI'm just chasing my dreams\nUps and downs, get me off this rollercoaster\nYou can't see that I love you even if I told you\n\n[Chorus]\nTake a look at my lifestyle right now, a lot for me to lose\nAin't always in the right like right now, a lot for me to prove\nSay you love me, but you hate me at the same time (Same time)\nSaid I like you, but you told me that you ain't mine (Nah)\nTake a look at my lifestyle right now, a lot for me to lose\n\n[Verse 2]\nWhen it all falls apart in the dark\nWho you coming crying to?\nIf you are who you say who you are\nYou would know I'm trying to\n\n[Interlude]\nTake a look at my lifestyle right now, a lot for me to lose\nAin't always in the right like right now, a lot for me to prove\n\n[Chorus]\nTake a look at my lifestyle right now, a lot for me to lose\nAin't always in the right like right now, a lot for me to prove\nSay you love me, but you hate me at the same time (Same time)\nSaid I like you, but you told me that you ain\u2019t mine (Nah)\nTake a look at my lifestyle right now, a lot for me to lose (Lot for me to lose)\n\n[Outro]\nThat boy Jaasu, he a fool", "image": "https://images.genius.com/e44853462c27fdcf2339de2f9e75fc94.640x640x1.jpg"}], "artist": "24kGoldn"}