{"songs": [{"title": "Say No", "album": null, "year": "2019-03-29", "lyrics": "[Verse 1]\nI been saying all the things they didn't wanna hear\nIt's 'bout to be Big Zuu for another year\nYoung G but I go into the other tier\nYou could hate me\nAnd that's spite G but what's likely is\nMy music's in your brothers ear\nSo you ain't escaping the fact, man, no\nI got bars to fit yards, it's like I'm decorating a flat\nHave your whole fam on the wave to a lyric that I sang, ah\nIt's no wonder they can't walk with the gang, man\nAny opposition, it's white flags that they wavin'\nYeah, them man wear designer\nBut they ain't got a bank for the statements\nYou can catch me in a tracksuit\nFrom Nike from the straight bags that I'm savin'\nI'm different from these man, just capped on the pavement\nThey ain't go nowhere for the streets\nAnd it's sad 'cause man can actually make it\nBut that's something 'bout mind over matter\nYou move like you got the heart of a lion\nBut we know you got the spine of a ratter\nMan, they say seeing is believing\nAnd that's why I don't listen to the chatter\nBecause I'm in a different air, they're in gasser\nIt's like man wanna shine like they badder\nI ain't tryna get lost in the passer\nI'm focused on my people that matter\nWe're just tryna leave a mark like a graffer\nBut if you talk about Champions League\nI'll come through with no team\nAnd I'll win that like Raffa\nI'm the underdog\nI'm outta this world like a K9 and NASA, yeah\n\n[Chorus]\nComing from a place where they don't make it out\nWe can flip the cycle, we can break it down\nSaid it don't have to be the same, bro\nWe can make a change\nDon't let 'em say no\nThere's a whole world out there\nWho can try tell you where to go?\nAh, when you can make it on your own\nAnd you don't have to follow no crowd\nAnd life ain't about how much you know, ah\n'Cause you can make it on your own\n\n[Verse 2]\nYou gotta work a lot to get where you're destined\nYou see the progress, not the time I invested\nUh, while the rest all rested\nI was on the grind now I'm tried and tested\nI came from nothing, what my life projected\nAnd where I am now, you see the rise selective\nBig Zuu every move was effective\nAnd me, I had to carve my journey\nHard from early\nDid it from my heart form the start, you heard me\nI be the same till they put me in the dirt, G\nThem man try to be certi\nBut it's always the real that unearths, G\nAnd that's why I don't compromise\nHalf of these man have just lost their mind\nWe're tryna move forward, they're tryna bust the tribe\nFam, they gotta drop their lives, uh\nAnd it's something that I clocked for time\nMan spread good vibes\nThey can't block the rhymes, the bars deep\nTakes time to swap the lies\nHit 'em with the next wave, they can't stop the tide\nShine bright, it will shock their eyes\nThe hard work pays off and the cost was tries\nCan't rely on guys, I make my own ways\nWhat I got is mine, still\n\n[Chorus]\nComing from a place where they don't make it out\nWe can flip the cycle, we can break it down\nSaid it don't have to be the same, bro\nWe can make a change\nDon't let 'em say no\nThere's a whole world out there\nWho can try tell you where to go?\nAh, when you can make it on your own\nAnd you don't have to follow no crowd\nAnd life ain't about how much you know, ah\n'Cause you can make it on your own\n'Cause there's a whole world out there\nWho can try tell you where to go?\nAh, when you can make it on your own\nAnd you don't have to follow no crowd\nAnd life ain't about how much you know, ah\n'Cause you can make it on your own", "image": "https://images.genius.com/110c0713bbb52b8e1891916389b68600.1000x998x1.png"}], "artist": "Big Zuu"}