{"songs": [{"title": "Indigo", "album": "Head In The Clouds II", "year": "2019-08-13", "lyrics": "[Intro]\nOh-oh-oh-oh-oh\nOh-oh-oh-mm-mm\nYeah, yeah\nYeah, yeah\n\n[Verse 1]\nYou know I\u2019m your type, right? (Right)\nMark your calendar, tonight\u2019s gonna be your life\u2019s highlight (Light)\nBoy, we gon' roll up, we gon' roll out, look\nThis is the land of fast, bet you ain\u2019t used to that, nah\nFirst to one-up your last, she can stay in your past\nHoney, I don\u2019t stop for no one but I\u2019d pause for you, you, you, you\n\n[Pre-Chorus]\nSo let\u2019s go downtown and get real high\nIt\u2019d be psycho to psychoanalyze\nLeave all of your inhibitions behind\nTonight let\u2019s test all the borderlines like\n\n[Chorus]\nHow far out does the indigo go?\nBoy, let\u2019s find out, take the longer way home\nHave my body all superimposed\nRight on top of yours, oh\nAs far as the indica goes\nI\u2019m hating that you\u2019re still in your clothes\nBabe, touch me slow all adagio\nLike oh-oh-oh-oh, yeah\n\n[Verse 2]\nKnow you like a little attitude (Attitude, attitude)\nA little spunk, a little gumption\nWell baby, have a lot of gratitude\n'Cause I can be sweet, or poised, or a little too feisty to function, yeah\nSo shut up and just hop in, we gon' ride in style\nIf thrill was a sport, I\u2019d be the poster child\nI listen to none, but I\u2019m all ears for you, you, you, yeah\n\n[Pre-Chorus]\nSo let\u2019s drive by the city skyline\nI\u2019m so over this overthinkin' mind\nLeave all of your inhibitions behind\nTonight let\u2019s test all the borderlines like\n\n[Chorus]\nHow far out does the indigo go?\nBoy, let\u2019s find out, take the longer way home\nHave my body all superimposed\nRight on top of yours, oh\nAs far as the indica goes\nI\u2019m hating that you\u2019re still in your clothes\nBabe, touch me slow all adagio\nLike oh-oh-oh-oh, yeah\n\n[Outro]\nBaby go slow, slow, slow, slow (Slow)\nUnder the indigo, go (Indigo)\nSteady and slow, slow, slow, slow (Yeah)\nUnder the indigo, indigo", "image": "https://images.genius.com/21da0ae187fc79bcb86197585fe3c5fd.480x480x1.jpg"}], "artist": "88rising & NIKI"}