{"songs": [{"title": "Salomon Rondon", "album": "English Dubbed", "year": "2019-08-15", "lyrics": "[Intro]\n169\n\n[Chorus]\nWith Double D, that's don-don\nLight and dark like Salomon Rondon\nDSquared over my long johns\nFendi drip in the state Wisconsin\nArmed jakes pulled up\u201a boxed in\nThey hopped in\u201a Stone Cold Steve Austin\nJeet then I skeet\u201a no conscience\n3 Double G, no nonsense\nWith Double D, that's don-don\nLight and dark like Salomon Rondon\nDSquared over my long johns\nFendi drip in the state Wisconsin\nArmed jakes pulled up\u201a boxed in\nThey hopped in, Stone Cold Steve Austin\nJeet then I skeet, no conscience\n3 Double G\u201a no nonsense\n\n[Verse 1]\n3 Double G, no Gucci\nResidency when it beats, no smoochie\nJailhouse no recipe, no hoochie\nIn a cell bored on my feet, that's ludi\nChris Brown one, Karrueche\nTap that once, didn't know I was flukey\nTurn her house to a club, goofy\nNo sushi when I jeet that groupie\nMagic\nGuys that you're 'round turn rabbit\nTurn a one psychopathic\nSplash, don't sink, titanic\nMight be in your bits\nGS or Bis, so your man might not back it\nHorsepower, five door carriage\nGot the green, light in traffic\n\n[Chorus]\nWith Double D, that's don-don\nLight and dark like Salomon Rondon\nDSquared over my long johns\nFendi drip in the state Wisconsin\nArmed jakes pulled up, boxed in\nThey hopped in, Stone Cold Steve Austin\nJeet then I skeet, no conscience\n3 Double G, no nonsense\nWith Double D, that's don-don\nLight and dark like Salomon Rondon\nDSquared over my long johns\nFendi drip in the state Wisconsin\nArmed jakes pulled up, boxed in\nThey hopped in, Stone Cold Steve Austin\nJeet then I skeet, no conscience\n3 Double G, no nonsense\n\n[Verse 2]\nScarefully caught, that haunts me\nThot fully talking naughty\nBig man, they're moving salty\nADs always talking for me\nBad brothers is some hitta\nMy guys still dig him\nWon't tell that story\nMight be in your house, Cory\nBig .40, let it sing, Balamory\nWith Phineas Trap, D1 win a trophy like one European\nSpent time in the can, one season completion in like them side region\nNever switch sides, that's treason\nGun one, wanna join that legion\nBlue hair yellow one, Sweden\nCome creepin' on the hunt, Ethan\n\n[Chorus]\nWith Double D, that's don-don\nLight and dark like Salomon Rondon\nDSquared over my long johns\nFendi drip in the state Wisconsin\nArmed jakes pulled up, boxed in\nThey hopped in, Stone Cold Steve Austin\nJeet then I skeet, no conscience\n3 Double G, no nonsense\nWith Double D, that's don-don\nLight and dark like Salomon Rondon\nDSquared over my long johns\nFendi drip in the state Wisconsin\nArmed jakes pulled up, boxed in\nThey hopped in, Stone Cold Steve Austin\nJeet then I skeet, no conscience\n3 Double G, no nonsense", "image": "https://images.genius.com/d7c4771a658bbd4957526e7c6ab9e7ad.500x500x1.jpg"}], "artist": "Blanco (Harlem Spartans)"}