{"songs": [{"title": "The Reason Why", "album": null, "year": "2019-10-24", "lyrics": "[Intro: Stefflon Don, Banx & Ranx]\nUh, Don\nYeah, Banx & Ranx\n\n[Verse 1: JP Cooper]\nOh I, I feel like I can be myself with you\nAll\u2005these\u2005feelings came out\u2005of the blue\nI found love, I'm\u2005lost in your perfume\nIt takes me over\n\n[Pre-Chorus: JP Cooper, Stefflon Don]\nOh, won't ya come closer\nYour head on my shoulder (Eh)\nCan't keep my composure (Nah)\nNot gonna lie\n\n[Chorus: JP Cooper, Stefflon Don]\nSugar, don't you know that you're the reason why\nWhy I get up in the morning\nIt's the sugar in your love and you're the reason why\nI'm addicted to you, darling\nWe ain't even sleepin', we be up all night\nMaking love until the morning (Yeah)\nSugar, don't you know that you the reason why\nThe reason why\nThe reason why\nThe reason why\nYou're the reason why\n\n[Verse 2: Stefflon Don]\nYuh kno' seh yuh get anyting weh yuh want\nYuh nuh beg, yuh nuh borrow, yuh nuh fear none at all\nSeh di love weh mi gi yuh mek nuff man come ah war\nYou 'av mi body juss ah rev like a car\nYuh kno' seh mi ready fi di jet\nAnytime we step, ready fi de ting fi connect\nLand di big ting pon de set\nGrab up mi neck, bawl me ah bawl me ah bawl\n\n[Pre-Chorus: JP Cooper, Stefflon Don]\nOh, won't ya come closer (Closer)\nYour head on my shoulder (Tonight)\nCan't keep my composure\nNot gonna lie\n\n[Chorus: JP Cooper, Stefflon Don]\nSugar, don't you know that you're the reason why\nWhy I get up in the morning\nIt's the sugar in your love and you're the reason why (Don't yah know?)\nI'm addicted to you, darling\nWe ain't even sleepin', we be up all night\nMaking love until the morning\nSugar, don't you know that you the reason why\nThe reason why\nThe reason why\nThe reason why\nYou're the reason why (Get up in the morning)\n\n[Pre-Chorus: JP Cooper, Stefflon Don]\nOh, won't ya come closer (Closer)\nYour head on my shoulder (Tonight)\nCan't keep my composure\nNot gonna lie\n\n[Chorus: JP Cooper, Stefflon Don]\nSugar, don't you know that you're the reason why\nWhy I get up in the morning\nIt's the sugar in your love and you're the reason why\nI'm addicted to you, darling\nWe ain't even sleepin', we be up all night\nMaking love until the morning\nSugar, don't you know that you the reason why\nThe reason why\nThe reason why (The reason why)\nThe reason why\nYou're the reason why (Get up in the morning)", "image": "https://images.genius.com/fdc54e7c571e53073e423a7f5183c05c.320x320x1.jpg"}], "artist": "JP Cooper, Stefflon Don & Banx & Ranx"}