{"songs": [{"title": "95", "album": "95", "year": "2019-10-18", "lyrics": "[Verse 1]\nGrip on the mic so I can finally talk my shit\nA lot of muthafuckas tryna to cop and shit\nNiggas get on topic y'all been off the shits\nLike mane, nigga get off that train\nYour jail bars won't open up the gates to this\nI painted this, authored it, slaughtered it\nCall it quits, come take a whiff of the sharpie tip\nA permanent grip, eliminate your list\nOh mane\nStep in the building, Kurt Cobain\nShot to the head I must've lost my brain\nThis is the game we play, it goes 1-2-3 and we go insane\n\n[Chorus]\nJump, jump\nMake a nigga wanna\nJump, jump\nMuthafuckas gettin'\nJump, jump\nI thought I told you from the\nJump, jump\n\n[Verse 2]\nYes, I\u2019m up for chills and thrills\nYes, the devil come to kill and steal\nYes, keep the under armor with the concealed\nYes, and if I\u2019m gon shoot I kill\nBust a cap, reload the clip with ammo, I'ma bust a rap\nThey feeding me more tracks 'cause the function fat\nFor the narcissistic, idealistic, thrown in pit\nThe neighbors heard the fight broke out, they called the system\nHow many pigs it take to get us off the strip?\nWait this is the game we play, it goes 1-2-3 and we go insane\n\n[Chorus]\nJump, jump\nMake a nigga wanna\nJump, jump\nMuthafuckas gettin'\nJump, jump\nI thought I told you from the\nJump, jump\n\n[Outro]\nFor the narcissistic, idealistic, thrown in pit\nNeighbors heard the fight...", "image": "https://images.genius.com/12fd835afc3d9b4aa46fb1fff7ad2cdf.823x823x1.jpg"}], "artist": "BEAM"}