{"songs": [{"title": "Fukk Sleep", "album": "TESTING", "year": "2018-05-25", "lyrics": "[Intro: FKA twigs]\nOh, yeah\nOhh, ahh\n\n[Chorus: A$AP Rocky & FKA twigs]\nFuck home, fuck sleep, come clean, zonin'\nCan't forget that I'm golden, can't forget where I'm going\nFuck popo, police, enemies, fake homies\nCan't forget that I'm a OG, better act like you know it (Oh, yeah)\n\n[Verse 1: A$AP Rocky & FKA twigs]\nBlunt smoke, smoke weed, codeine, cough\nTell that bitch that I'm awesome, better back the fuck up off me\nCoco, C\u00e9line, Tiffany, she flossy (oh)\nAin't concerned with who bought these\nCan't forget that she bossy\nWhen y'all was buying surfboards trying to ride the wave\nI was cooking up another fucking tidal wave (Brrrr)\nHad to get entitled motherfuckers out the way\nHad to take another title, sorry for the wait (Oop)\nBarely ever took a break on, fashion like my time need\nMore hours in a day, I apologize if I'm late\nTap the vein, whoa, barely look like I'm awake\nDarker shades, bluer veins, bluer money in the bankroll\n\n[Chorus: A$AP Rocky]\nFuck home, fuck sleep, come clean, zonin'\nCan't forget that I'm golden, can't forget where I'm going\nFuck popo, police, enemies, fake homies\nCan't forget that I'm a OG, better act like you know it\n\n[Verse 2: A$AP Rocky & FKA twigs]\nI remember I was poor and\nWhen I was young and living homeless\nNow I rock the Ricky Owens\nEyes lookin' like he rollin'\nGot new bags under my eyelids\nNew bags up in my closets\nNew bags like I went shoppin'\nNew bags on new bags\nMind's better at seeing two now (Ah, down)\nNeeding up on my downtime (Down, down)\nHit the waves with the new sound (Down, down)\nHouse tunes but it's screwed down\nThat's dope (sauce)\nTake a sec to thank the Lord, 'nother one to call my folks\nHit my momma on the phone, she like \"son, you the boy\" (Ah)\nFocus, don't get caught up in the moment (Ah)\nCan't forget that I'm golden, don't forget that I'm chosen\n\n[Chorus: A$AP Rocky]\nFuck home, fuck sleep, come clean, zonin'\nCan't forget that I'm golden, can't forget where I'm going\nFuck popo, police, enemies, fake homies\nCan't forget that I'm a OG, better act like you know it\n\n[Verse 3: FKA Twigs]\nThey called me a bitch, burned me like saffron\nMy matter is golden, a child of the odyssey\nMy touch is righteous, like virus my Midas\nI'm golden\nHe told me when I'm present I'm chosen\nSo hold me tight, I swear, I'm golden\n\n[Outro: A$AP Rocky and FKA twigs]\nFuck home, fuck sleep, come clean, zonin' (Golden)\nCan't forget that I'm golden, can't forget where I'm going (Ahh, yeah)\nFuck popo, police, enemies, fake homies (Ahh)\nCan't forget that I'm a OG, better act like you know it", "image": "https://images.genius.com/4876a6b7156bddc938b7378720ad2502.440x440x1.jpg"}], "artist": "A$AP Rocky"}