{"songs": [{"title": "Gimme Yours", "album": "Doe or Die", "year": "1995-10-10", "lyrics": "[Production by Pete Rock]\n\n[Intro: Nas]\nWord-up A, I had the joint out\nNigga gon' ask me \"what [I] want?\"\nKnow what I'm sayin'? I'm like\nGimme, just gimme, for the NYC\nGimme what you can't get back (we keep it real y'all)\nGimme, why don't you gimme the world\nGimme what you can't get back, for the five boroughs\n\n[Verse 1: AZ]\nYo, it's hard to show resistance when money-gettin' niggas\nNeed my assistance to stack figures, beyond non-existence\nFuck keepin' my distance, cause bein' poor produced persistence\nPlus pleas, a hundred G's will have me blockin' out of jail sentence\nI'm recognized by the illest of individuals, killers and criminals\nEven willies that's really into jewels\nBut still skeptic on who I cling to\n'Cause every single nigga that swing through ain't my man just 'cause we mingle\nToo much snake shit, even females be feedin' off that fake shit\nFilled with envy and hatred but my high helps me escape it\nTemporarily, though it don't worry me\nThe wise verbally nourish me\nProperly with that inner-city urban G, see\nI fuck with those beyond my age bracket\n'Cause they analyze and map it, get the papers and stack it\nLeavin' no trace to track it, kingpin thinkin' tactics is accurate\nThat mack shit, livin' the lifestyle, we feel relaxed with\n\n[Chorus: Nas (AZ)]\nJust gimme (pimp lines and dollar signs)\nJust gimme (rollin' trees, stackin' G's)\nGimme what you can't get back\n(True dat, I thought you knew dat)\nJust gimme (money getters, the high bidders)\nWhy don't you gimme the world? (rollin' with us)\nGimme what you can't get back, for the five boroughs\n\n[Verse 2: AZ]\nSo in God I trust, I lust for a 850-deluxe\nAnd until I touch a million-plus, ain't much to discuss\nDiamonds and double-digits, Gianni Versace down with lizards\nIt's realism, so I visualize it to live it\nMovin' cleverly, with intentions of longevity\nStrong pedigree got me touchin' papers others would never see, G\nSo through the crest in my glow of fluorescence\nSymbolizes the essence, you're sailin' in a schweppervescence\nDrug investments, a street thug's plug, the insurance\nBut informers'll have you wanted for warrants 'fore you get enormous\nLife's a performance so players play with endurance\n'Cause for more cents, any villain's willin' to get more intense\nThey tried to break us but all it did was just make us\nTravel across acres for papers, bonafide money takers\n'Cause though we know somehow we all gotta go\nAs long as we're leavin' thievin'\nWe'll be leavin' with some kind of dough, so...\n\n[Chorus: Nas (AZ)]\nJust gimme (pimp lines and dollar signs)\nJust gimme (rollin' trees, stackin' G's)\nGimme what you can't get back\n(True dat, I thought you knew that)\nJust gimme (money getters, the high bidders)\nWhy don't you gimme the world (rollin' with us)\nGimme what you can't get back (It's real, NYC)\nJust gimme (QB), just gimme (B-K, VT)\nGimme what you can't get back (see me, AZ y'all, representin')\nJust gimme (yeah, the street life is trife life)\nWhy don't you gimme the world (representin')\nGimme what you can't get back (life's a bitch and then you die)", "image": "https://images.genius.com/2a8573b8628dffd69deb6cbfd94f325d.600x598x1.jpg"}], "artist": "AZ"}