{"songs": [{"title": "Awh Yeah", "album": "Direction", "year": "2018-10-25", "lyrics": "[Squad made the beat]\n[Go Griz!]\n\nMama use to tell me leave yo' ass alone\nNeva\u2019 listened had to learn it on my own\nI still loved you even though you did me wrong\nTurn the chapter- now it's time to move on\n\nSo why you trippin' ?\nGave you permission\nYou had the key to my heart\nYou blew out the engine\nI\u2019m on YOUR feelings\nI know you feel it\nYou can't find nothing in deez'  _____ but some bitches\n\nCHORUS 1 (This will be repeated later)\nUse to fight for us\nNow I'm so over ya'\nYou just ain't worth my love\nClearly, I've given up\nYou gonna' miss a good thing when I\u2019m:\nGone gone gone gone\nI brush that shit off I\u2019m on\nI'm so deep in my zone\nPlease stop calling my phone\nI\u2019m so better alone\nDis' that flexin' - oh yeah!\nOut here swingin' my hair\nIon\u2019 care Ion' care\nOh yeah! Oh yeah!\nBounce it bounce it - oh yeah!\nYou gon' hit it, stay away!\nThis that shit that ain't fair\nOh yeah! Oh yeah!\nCause I'm better for real\nSo you just gotta' deal\nGuess it is what is it is\nOh yeah! Oh yeah!\n\n- - - -\nI use to look at chu' - a king upon a throne\nI use to give you what you need and what you want\nYeah I could never be a house if it ain't a home\nI would've rode around til' the bus fall off that chrome\nThat's what I'm on\nYou know you wrong\nYou playin' games\nI'm getting money-MONEY long\nBut it's your loss\nYou pay the cost\nIt's crazy when I look at you\nYOU turn me OFF\n\n[ Chorus 1 is NOW REPEATED (look above) ]\n\nBet you stressin' stressin'\nYou gon' learn this lesson\nOut here missing blessings\nYou made need a second\nI got many questions\nDon't even show affection\nI gave you affection\nTil' I caught you slippin'\nNow we got this tension\nNow we burning bridges\nI forgot to mention\nLook at every girl you meet and try to find me\nBut you will NEVER find another girl just like me\nNo n-no!\n\nI brush that shit off I'm on\nI'm so deep in my zone\nPlease stop calling my phone\nI'm so better alone\nDis' that flexin' - oh yeah!\nOut here swingin' my hair\nIon' care Ion' care\nOh yeah! Oh yeah!\nBounce it bounce it - oh yeah!\nYou gon' hit it, stay away!\nThis that shit that ain't fair\nOh yeah! Oh yeah!\nCause I'm better for real\nSo you just gotta' deal\nGuess it is what is it is\nOh yeah! Oh yeah!\n\nBounce it bounce it - oh yeah!\nYou gon' hit it, stay away!\nThis that shit that ain't fair\nOh yeah! Oh yeah!\nCause I'm better for real\nGuess it is what is it is\nOh yeah!", "image": "https://images.genius.com/442cfcde8973bc544e3f18cde52b9557.596x596x1.png"}], "artist": "Ayanis"}