{"songs": [{"title": "\u200bmoney machine", "album": "1000 gecs", "year": "2019-05-28", "lyrics": "[Verse 1: Laura Les]\nHey, you lil' piss baby\nYou think you're so fucking cool? Huh?\nYou think you're so fucking tough?\nYou talk a lotta big game for someone with such a small truck\nAw, look at those arms\nYour arms look so fucking cute\nThey look like lil' cigarettes\nI bet I could smoke you\nI could roast you\nAnd then you'd love it and you'd text me \"I love you\"\nAnd then I'd fucking ghost you\n\n[Chorus: Laura Les]\nWith the big boys coming with the big stuff\nI feel so clean like a money machine, oh yeah\nBig boys coming with the big trucks\nFeel so clean like a money machine, oh yeah\nBig boys coming with the big trucks\nFeel so clean like a money machine, oh yeah\nBig boys coming with the picture\nFeel so clean like a money machine, oh yeah (oh yeah)\n\n[Post-Chorus: Laura Les]\nFeel so clean like a money machine\nFeel so clean like a money machine\nFeel so clean like a money machine\nFeel so clean like a money machine\n\n[Verse 2: Dylan Brady]\nTell me what's the deal, I've been tryin' to go to bed\nI've been up for days, I've been tryna get ahead\nSaid it all before, and I'll say it once again\nI'm better off alone\nTell me what's the deal, I've been trying to go to bed\nI've been up for days, I've been tryna get ahead\nSaid it all before, and I'll say it once again\nI'm better off alone\n\n[Chorus: Laura Les]\nWith the big boys coming with the big stuff\nI feel so clean like a money machine, oh yeah\nBig boys coming with the big trucks\nFeel so clean like a money machine, oh yeah\nBig boys coming with the big trucks\nFeel so clean like a money machine, oh yeah\nBig boys coming with the picture\nFeel so clean like a money machine, oh yeah (oh yeah)\n\n[Post-Chorus: Laura Les]\nFeel so clean like a money machine\nFeel so clean like a money machine\nFeel so clean like a money machine\nFeel so clean like a money machine", "image": "https://images.genius.com/b09127537ab9bd371bbe98e85971b808.939x939x1.jpg"}], "artist": "100 gecs"}