{"songs": [{"title": "Sure Shot", "album": "Ill Communication", "year": "1994-05-31", "lyrics": "[Hook: Beastie Boys]\nCause you can't, you won't, and you don't stop\nCause you can't, you won't, and you don't stop\nWell, you can't, you won't, and you don't stop\nMike D, come and rock the sure shot\n\n[Verse 1: Mike D]\nI've got the brand new doo-doo, guaranteed like Yoo-hoo\nI'm on like Dr. John, yeah, Mr. Zu Zu\nI'm a newlywed, not a divorcee (yeah)\nAnd everything I do is funky like Lee Dorsey\n\n[Verse 2: Ad-Rock]\nWell it's the taking of the Pelham 1, 2, 3\nIf you want a doody rhyme, then come see me\nI've got the savoir faire with the unique rhymin'\nI keep it on and on, it's never quitting time and\n\n[Verse 3: MCA]\nStrictly handheld is the style I go\nNever rock the mic with the pantyhose\nI strap on my ear goggles and I'm ready to go\n\u2018Cause at the boards is the man, they call the Mario\n\n[Verse 4: Mike D]\nYou pull up at the function and you know I Kojak\nTo all the party people that are on my Bozac\nI've got more action than my man, John Woo\nAnd I've got mad hits like I was Rod Carew (yeah)\n\n[Hook: Beastie Boys]\nCause you can't, you won't, and you don't stop\nCause you can't, you won't, and you don't stop\nYou know you can't, you won't, and you don't stop\nAd-Rock, come and rock the sure shot\n\n[Verse 5: Ad-Rock]\nHurra-, Hurra-\nCane will cross fade on your ass and bust your eardrums\nListen everybody cause I'm shifting gears\nI'm fresh like Dougie when I get my specs\nAnd on the microphone, I come correct\n\n[Verse 6: MCA]\nTiming like a clock when I rock the hip-hop\nTop notch is my stock on the soapbox\nI've got more rhymes than I've got gray hairs\nAnd that's a lot because I've got my share (oohh, weee)\n\n[Verse 7: Mike D]\nI've got a hole in my head and there's no one to fix it\nI gotta straighten my thoughts\nI'm thinking too much (yeah) sick shit\nEveryone just takes and takes, takes, takes, takes\nI'll have to step back, I gotta contemplate\n\n[Verse 8: Ad-Rock]\nWell, I'm like Lee Perry, I'm very on\nRock the microphone, and then I'm gone\nI'm like Vaughn Bode, I'm a Cheech Wizard\nNever quittin', so won't you listen\n\n[Interlude]\nAh, ah, ah, ah, ah\nAh, yes, indeed, it's fun time\n\n[Hook: Beastie Boys]\nCause you can't, you won't, and you don't stop\nCause you can't, you won't, and you don't stop\nWell, you can't, you won't, and you don't stop\nMCA, come and rock the sure shot\n\n[Verse 9: MCA]\nI want to say a little something that's long overdue\nThe disrespect to women has got to be through\nTo all the mothers and the sisters and the wives and friends\nI want to offer my love and respect to the end\n\n[Verse 10: Mike D]\nWell, you say I'm twenty-something and I should be slacking\nBut I'm working harder than ever and you could call it macking\nSo I'm supposed to sit upon my couch just watching my TV\nI'm still listening to wax, I'm not using the CD\n\n[Verse 11: Ad-Rock]\nWell, I'm that kid in the corner\nAll fucked up and I wanna so I'm gonna (yeah)\nTake a piece of the pie, why not, I'm not quittin'\nThink I'm-a change up my style just to fit in\n\n[Verse 12: MCA]\nI keep my underwear up with a piece of elastic\nI use a bullshit mic that's made out of plastic\nTo send my rhymes out to all the nations\nLike Ma Bell, I got the ill communication\n\n[Hook: Beastie Boys]\nCause you can't, you won't, and you don't stop\nCause you can't, you won't, and you don't stop\nWell, you can't, you won't, and you don't stop\nKeep on and rockin' the sure shot\n\n[Outro]\nB-boys, b-girls...\nTick-tock, tick-tick...tock-tock", "image": "https://images.genius.com/8ba2c43e750eeddeb5b785058a32118d.471x467x1.jpg"}], "artist": "Beastie Boys"}