{"songs": [{"title": "La La Lost You", "album": "Head In The Clouds II", "year": "2019-10-11", "lyrics": "[Verse 1]\nWhile I'm on Sunset, are you on the subway?\nWhile I drive, are you gettin' on\u2005the\u2005L-train?\nI mean, Manhattan's\u2005nice, but so are Malibu nights\nYou\u2005would know if you stayed\nYou would know if you put up a fight\nYour toes turn blue in winter, I'm gettin' red, rum\nDoes the trick for all of the things left unsaid, I'm\nMissin' our drunken 2 A.M. strolls in K-Town\nNow you're chasing fake highs in the Upper West Side\n\n[Pre-Chorus 1]\nAnd fuckin' on Brooklyns in Brooklyn\nYour Chelseas in Chelsea\nHope that eases the pain, so you remember to miss me\nAnd you sold your car, now you walk for miles\nBet your feet feel numb\n(Crosswalks in my mind are shaky, so please hold on tight)\n\n[Chorus]\nAll my demons run wild\nAll my demons have your smile\nIn the city of angels, in the city of angels\nHope New York holds you\nHope it holds you like I do\nWhile my demons stay faithful\nIn the city of angels\n\n[Verse 2]\nSummer's endin' now and the nights are coolin' down\nRemember last winter when we would drive around?\nSilverlake, Hollywood, pretty little white lies got me good\nThought this was love, I was misunderstood, mmm\n\n[Pre-Chorus 2]\nFeelin' low on the low, drivin' through NoHo\nIf I'm honest, I'd call, but I'm trying to let go\nAnd I hope you're happy, livin' life in taxis\nBut you'll always have me, you'll always have me\n\n[Chorus]\nAll my demons run wild\nAll my demons have your smile\nIn the city of angels, in the city of angels\nHope New York holds you\nHope it holds you like I do\nWhile my demons stay faithful\nIn the city of angels", "image": "https://images.genius.com/c13ed8e93bdcda79933c75eba9a5a544.696x696x1.png"}], "artist": "88rising & NIKI"}