{"songs": [{"title": "Workin\u2019", "album": null, "year": "2019-09-19", "lyrics": "[Intro]\nDon't keep that shit a hunnid, keep it 10k\n\n[Chorus]\nI do whatever whenever, ain't no stopping\u2005my\u2005shine\nCustom Chrome Hearts\u2005piece, I purchased without checking the\u2005price\nI peep my bust down Breitling watch when I want to know the time\nThese niggas like to talk a lot but I don't pay no mind\nWorkin', workin', yeah I'm workin'\nHow you think I get the Rolls Royce with the curtains?\nWorkin', workin', yeah I'm workin'\nMillion dollar deals got me workin' on my cursive\n\n[Verse]\nThe shoes, the charms, they both Saint Laurent\nBaby I've been workin' hard, so you know I need it all\nThe Bentley truck, park it right out front\nGirl you know I'm eating good, big Nobu for lunch\nI'm a bachelor, too many bitches I could smash on\nToo many apps is on my dashboard\nSometimes I act an asshole, but bigger than my ego is my cash flow\nWorkin' every day I want that bag, I want it back, yo\n\n[Chorus]\nI do whatever whenever, ain't no stopping my shine\nCustom Chrome Hearts piece, I purchased without checking the price\nI peep my bust down Breitling watch when I want to know the time\nThese niggas like to talk a lot but I don't pay no mind\nWorkin', workin', yeah I'm workin'\nHow you think I get the Rolls Royce with the curtains?\nWorkin', workin', yeah I'm workin'\nMillion dollar deals got me workin' on my cursive\n\n[Verse]\nWhat you see is what you get, big ol' diamond baguettes\nThat be hanging around my neck, so niggas keep tryna test\nBut I pass those, told lil' shawty keep the Mac close\nGirl, the way I'm grinding, couple minutes get your back blown\n\n[Pre-Chorus]\nWorkin', workin', yeah I'm workin'\nHow you think I get the Rolls Royce with the curtains?\nWorkin', workin', yeah I'm workin'\nMillion dollar deals got me workin' on my cursive\n\n[Chorus]\nI do whatever whenever, ain't no stopping my shine\nCustom Chrome Hearts piece, I purchased without checking the price\nI peep my bust down Breitling watch when I want to know the time\nThese niggas like to talk a lot but I don't pay no mind\nWorkin', workin', yeah I'm workin'\nHow you think I get the Rolls Royce with the curtains?\nWorkin', workin', yeah I'm workin'\nMillion dollar deals got me workin' on my cursive", "image": "https://images.genius.com/ec5a059c84d47e2609d3aa527044b25c.500x500x1.jpg"}], "artist": "24kGoldn"}