{"songs": [{"title": "\u200bbad girl", "album": "bb steps", "year": "2018-07-12", "lyrics": "[Intro: bbno$]\nUh, bbno$\nAyy we back in here\nI ain't sick, fuck that shit\nSkrrrrr\n\n[Chorus: bbno$]\nBad girl, huh, I'm a nice guy\nLiquor in my cup, I gotta really toughen up, yeah\nNerf strap, huh, I'ma spray that\nMoney running thin, I'm really banking on my luck\nIf that Henny make me think I got some money, then I'm with it\nIf the ladies gon be stressing me, then I ain't really with it\nI ain't balling on you sussy boys cause I be playing Quidditch\nDon't tell me shoulda woulda coulda, sussy boy you know I did it\nBaby\n\n[Verse 1: bbno$]\nBounce flow, mouth full, pipe her, pipe that\nLay some insulation, cause I'm hot don't need no invitation\nChase that, rap that, pop that, scrap that\nSussyboy you ain't that broke, like who you imitating, yeah\nCut cheese, make bread, stack that, rack that\nNerf strap, whoops I think I already said something like that, aye\n\n[Interlude: bbno$]\nYo, Lentra\nWhy the fuck we only making hits bro?\nSkrrrrrr\n\n[Chorus: bbno$]\nBad girl, huh, I'm a nice guy\nLiquor in my cup, I gotta really toughen up, yeah\nNerf strap, huh, I'ma spray that\nMoney running thin, I'm really banking on my luck\nIf that Henny make me think I got some money, then I'm with it\nIf the ladies gon be stressing me, then I ain't really with it\nI ain't balling on you sussy boys cause I be playing Quidditch\nDon't tell me shoulda woulda coulda, sussy boy you know I did it\nBaby\n\n[Verse 2: BAINS.]\nI ain\u2019t Hindu, I\u2019ll beef witchu\nOff the Henny, talk to bitty\nI think she like me, I\u2019m enticin' with the rapper gimmicks\nI think I\u2019m hype, I think I\u2019m tight, they think I\u2019m actin different\nI think I\u2019m badder than average\nBatting average, in the lab, been established\nI\u2019m the maverick, happenin\nDon\u2019t procrastinate, dabblin'\nI don\u2019t procrastinate\nHaven\u2019t been into dabbing and\nDabbling in the laxatives\nThat producin' the wackest shit\n\n[Chorus: bbno$]\nBad girl, huh, I'm a nice guy\nLiquor in my cup, I gotta really toughen up, yeah\nNerf strap, huh, I'ma spray that\nMoney running thin, I'm really banking on my luck\nIf that Henny make me think I got some money, then I'm with it\nIf the ladies gon be stressing me, then I ain't really with it\nI ain't balling on you sussy boys cause I be playing Quidditch\nDon't tell me shoulda woulda coulda, sussy boy you know I did it\nBaby", "image": "https://images.genius.com/58fb0b367cb3cdf5bb175db388b4f7c5.375x375x1.jpg"}], "artist": "\u200bbbno$"}