{"songs": [{"title": "Indian Hair", "album": "WEAVE ", "year": "2014-09-16", "lyrics": "[Hook] (4x)\nFlip my weave, light the weed, hit the floor\nFlip my weave, light the weed, drop it low\n\n[Verse 1]\nGood weed, good weave from the Indians\nLost a lil weight, but dat ass gettin thick again\nWent a lil broke, but I'm back bouta check again\nThought I fell in love, I jus really want da neck again\nPurp in the air like Shmurda hat\nAnd if these bitches feelin hot I can ice dat\nFlow on frozen, rap game Elsa\nBouta let it go on these hoes tryna test her\nHer being me, I\u2019m she, I\u2019m that bitch\nYou wannabe, call Nev, she a catfish\nUh, even Ash couldn\u2019t catch this\nPikachu thunder stones twerkin on my left wrist\n\n[Hook] (4x)\nFlip my weave, light the weed, hit the floor\nFlip my weave, light the weed, drop it low\n\n[Verse 2]\nGood weed, good weave from the indians\nGot em kinda shook, they ain't see me comin back again\nMix me w the juice like gin or wuddeva\nIm jus tryna make a cute boy sin or wuddeva\nBaby daddy can\u2019t stand me\nNeither can his bitch, so we one big family\nI be on the tables when they talk about dancing\nBody like a candlelight dinner, romantic\nYoung nigga, young nigga move dat dope\nDeep throat, numb on the tongue like coke\nPowder blue whip, keep it clean like soap\nPowder pink furs, hang it up, no rope\nI need a nigga like I need sack of nickels\nIf it ain't about the pockets or the pickle, im tickled\nCan\u2019t love a thot cuz I only love to shop\nJus swipe ya fuckin credit if u wanna get me hot\nWhisper sweet nothings bout louis v and louboutin\nGet it in, meet my white friends, buy me din din\nTake me on trips, put ya lips to the lips i shave\nOnly unpaid bitches get played\nWeave long, pussy good, head game on fleek\nRead a new book, new bitch every week\nPat myself on the back cuz im jus that cold\nFuck a sweater any weather i can fuck yo hoes\nI can fuck yo wife i can take yo bitch\nI can pimp yo ride, might support yo kids\nHappy homes get murked\nBooty cheeks get twerked\nVodka bottles get turnt\nNo lessons get learned\nBitch we out here, thug life, drug life\nFuck about a love life\nMoney in the bank, smokin dank til i faint life\nArtist w a mean stroke, watercolor paint life\nDo what i can when i want, fuck the can\u2019t life\n\n[Hook] (12x)\nFlip my weave, light the weed, hit the floor\nFlip my weave, light the weed, drop it low", "image": "https://images.genius.com/16561e4d7feadd7f21684904d2d154d5.500x500x1.jpg"}], "artist": "\u200bbbymutha"}