{"songs": [{"title": "Jingle Bells", "album": "Santa Hooked Me Up", "year": "2002-10-29", "lyrics": "Jingle Bells, Jingle bells\nJingle all the way\nOh what fun it is to ride in a one-horse open sleigh\nJingle bells, Jingle bells\nJingle all the way\nOh what fun it is to ride in a one-horse open sleigh\n\nDashing through the snow\nOn a one-horse open sleigh\nOver the hills we go\nLaughing all the way\nBells on bob-rails ring\nMaking spirits bright\nOh what fun it is to ride and sing a sleighing song tonight!\n\nNow the ground is white\nGo it while you're young\nTake the girls along\nAnd sing this sleighing song\nJust get a bob-tailed bay\nTwo-forty as his speed\nHitch him to an open sleigh and crack you'll take the lead\n\nRollin' down the street\nDoing donuts in a CLK\nWhile the homie's in the back\nBumpin' Ray J\nCell phone's bought to ring\nWe ain't answerin no two-way\nWe ain't tryna have no drama\nOn this lovely Christmas day", "image": "https://images.genius.com/6c999a5b7c2569abb2bf86e39d3a09d8.1000x1000x1.jpg"}], "artist": "B2K"}