{"songs": [{"title": "Ready Steady Go", "album": null, "year": null, "lyrics": "R-r-r-r-ready s-s-steady go!\n\nReady steady go!\n\nReady steady go!\n\nR-r-r-r-ready....go!\n\nYo\nReady\nReady\nReady\nYo\nReady steady go!\n\nReady steady go!\n\nStrictly the mother f-\n\nStrictly the mother f-\nReady steady go!\n\nR-r-r-r-ready....go!\n\nReady steady go!\nLyrical stylin' my flow yo\n\nYo\nReady\nReady\nLyrical stylin' my flow yo\nReady steady go!\n\nReady steady go!\n\nStrictly the mother f-\n\nStrictly the mother f-\nReady steady go!\n\nReady steady go!\n\nStrictly the mother f-\nReady steady go!\n\nStrictly the mother f-\nReady steady go!", "image": "https://assets.genius.com/images/default_cover_image.png?1575497971"}], "artist": "Oakenfold"}