{"songs": [{"title": "London", "album": null, "year": "2018-05-03", "lyrics": "[Intro]\nBeat Freakz\n\n[Chorus: AJ]\nBorn and raised inna London\nSee fakes get around where I come from\nSee me no trust dem me love no one\nSee fakes get around where I come from\nBorn and raised inna London\nSee fakes get around where I come from\nSee me no trust dem me love no one\nSee fakes get around where I come from\nBorn and raised inna London\nSee fakes get around where I come from\nSee me no trust dem me love no one\nSee fakes get around where I come from\nBorn and raised inna London\nSee fakes get around where I come from\nSee me no trust dem me love no one\nSee fakes get around where I come from\n\n[Verse 1: AJ & Deno]\nYeah, bad b say she feelin' my sound\nI'm that light-skinned nigga that make 'em go down\nFlex with me, they flex with me now\nMoney talks, you be makin' that p, I make pounds\nPounds, you never see me go down\nWe never f with them clowns\nAll that we do is make pounds, yeah\n\n[Bridge: Deno]\nNo answer, no point in telling\nLook now, 'cause everyone's phoning me\nThese mandem movin' like paigons\nLook now, 'cause no one is owning me\n\n[Chorus: AJ]\nBorn and raised inna London\nSee fakes get around where I come from\nSee me no trust dem me love no one\nSee fakes get around where I come from\nBorn and raised inna London\nSee fakes get around where I come from\nSee me no trust dem me love no one\nSee fakes get around where I come from\n\n[Verse 2: Deno]\nFrom the southside of the city\nGot a peng ting yeah you know she sticking with me\nTell her come right now and gimme gimme\nBaby drop it down low and gimme gimme, eyyy\nOne time\nBaby, give it to me one time, cos you're too fine\nOnly one time, baby, hit me on the FaceTime, my main line eyy\n\n[Bridge: Deno]\nNo answer no point in telling\nLook now 'cause everyone's phoning me\nThese mandem movin' like paigons\nLook now 'cause no one is owning me\n\n[Chorus: AJ]\nBorn and raised inna London\nSee fakes get around where I come from\nSee me no trust dem me love no one\nSee fakes get around where I come from\nBorn and raised inna London\nSee fakes get around where I come from\nSee me no trust dem me love no one\nSee fakes get around where I come from\n\n[Verse 3: EO]\nMe and my guys come from a London\nWe reckless, we don't care 'bout where you come from\nIf you come from the east or the south or the west, we don't care, we got protection like a condom\nAin't no other cities that can challenge us\nWe in the cars, we ain't on the bus\nI said, no other cities that can challenge us, yeah\nI saw my Brixton girl, I love the way she work it\nShe bad as hell, but beautiful, she perfect\nJust come over here, baby, don't be nervous, no\n\n[Chorus: AJ]\nBorn and raised inna London\nSee fakes get around where I come from\nSee me no trust dem me love no one\nSee fakes get around where I come from\nBorn and raised inna London\nSee fakes get around where I come from\nSee me no trust dem me love no one\nSee fakes get around where I come from", "image": "https://images.genius.com/c17091347541c65f69da42a3d93a5ab3.320x320x1.jpg"}], "artist": "AJ x Deno"}