{"songs": [{"title": "Rushing", "album": null, "year": "2019-07-05", "lyrics": "[Intro]\nI don't know what I want, I don't know it\nI don't know if I'm coming or going\n\n[Verse 1]\nNot you well, come get pon di wat'\nKnow mi say you will come inna mi flat\nPretty face but mi all turned up\nMek mi call on di phone but you never call back\nYou want pon [?], you can't score [?]\nI'll be real, boy, this lovin' ain't real\n\n[Refrain]\nYeah, hold up, remember when you used to love me\nLike hold up, steady reminiscing 'bout...\n\n[Chorus]\nWhen I was rushing, rushing, rushing\nRushing, rushing, rushing\nRushing for your lovin'\nRushing for your lovin'\nRushing, rushing, rushing\nRushing, rushing, rushing\nRushing for your lovin'\nRushing for your lovin'\n\n[Verse 2]\nMe call 7 o'clock on the dot\nYano, I show you I'm flexin' in ya friend drop top\nShe say she see one gyal inna spot\nWan' haffi dis di same gyal you\u2014\nYou wah, bad gyal pop off this, you get real\nWe was old school like Cheryl and [?]\n\n[Refrain]\nYeah, hold up, remember when you used to love me\nLike hold up, steady reminiscing 'bout...\n\n[Chorus]\nWhen I was rushing, rushing, rushing\nRushing, rushing, rushing\nRushing for your lovin'\nRushing for your lovin'\nRushing, rushing, rushing\nRushing, rushing, rushing\nRushing for your lovin'\nRushing for your lovin'\n\n[Verse 3]\nYou could turn mi eye, turn, yeah (Yeah, yeah)\nWan' you pop a red light feel\nWell come pon di mat but no welcome here (No)\n'Cause I never knew you were a\nPlayer, player\nMm\nPlayer, player\nMm, mm\nYou're my cure, believe this, try this, yeah\nFall in love, tell your bestest gyal\nPlayer, player\nW-W-W-Whoa, whoa\nYeah\n\n[Chorus]\nWhen I was rushing, rushing, rushing\nRushing, rushing, rushing\nRushing for your lovin'\nRushing for your lovin'\nRushing, rushing, rushing\nRushing, rushing, rushing\nRushing for your lovin'\nRushing for your lovin'\n\n[Outro]\nYeah, yeah\nMm\nI was tryna be your baby, baby\nI was tryna be your baby, baby\nPlayer, play\nMm, mm, mm-mm", "image": "https://images.genius.com/33af3e1bee44fba163fc370dc5f4600a.1000x1000x1.jpg"}], "artist": "Alicai Harley"}