{"songs": [{"title": "CITY OF ANGELS", "album": "DROPPED OUTTA COLLEGE", "year": "2019-11-22", "lyrics": "[Chorus]\nI sold my soul to the devil for designer\nThey said, \"Go to hell,\" but I\u2005told\u2005'em I don\u2019t\u2005wanna\nIf you know me well, then\u2005you know I ain't goin'\n\u2019Cause I don't wanna, I don't wanna\nI don't wanna die young\nThe city of angels where I have my fun\nDon't wanna die young\nWhen I'm gone, remember all I've done, 'one\n\n[Verse]\nWe\u2019ve had our fun, \u2019un\nBut now I'm done, \u2019one\n'Cause you crazy (Yeah), I can't take it (No)\nJust wanted to see you naked\nHeard time like money, can't waste it\nWhat\u2019s the price of fame? 'Cause I can taste it\nSo I'm chasin' (Yeah), and I'm facin'\nA little Hennessy, it might be good for me\n\n[Chorus]\nI sold my soul to the devil for designer\nThey said, \"Go to hell,\" but I told 'em I don't wanna\nIf you know me well, then you know I ain't goin'\n'Cause I don't wanna, I don't wanna\nI don't wanna die young\nThe city of angels where I have my fun\nDon't wanna die young\nWhen I'm gone, remember all I've done, 'one", "image": "https://images.genius.com/924b494d7ea32ee03e4a815caea4be65.1000x1000x1.png"}], "artist": "24kGoldn"}