{"songs": [{"title": "Tennessee", "album": "3 Years, 5 Months and 2 Days in the Life Of...", "year": "1992-03-24", "lyrics": "[Verse 1: Speech]\nLord I've really been real stressed\nDown and out, losing ground\nAlthough I am Black and proud\nProblems got me pessimistic\nBrothers and sisters keep messin up\nWhy does it have to be so damn tough\nI don't know where I can go\nTo let these ghosts out of my skull\nMy grandma's passed, my brother's gone\nI never at once felt so alone\nI know you're supposed to be my steering wheel\nNot just my spare tire (home)\nBut Lord I ask you (home)\nTo be my guiding force and truth (home)\nFor some strange reason it had to be (home)\nHe guided me to Tennessee (home)\n\n[Chorus]\nTake me to another place\nTake me to another land\nMake me forget all that hurts me\nLet me understand your plan\n\n[Verse Two]\nLord it's obvious we got a relationship\nTalking to each other every night and day\nAlthough you're superior over me\nWe talk to each other in a friendship way\nThen outta nowhere you tell me to break\nOutta the country and into more country\nPast Dyersburg into Ripley\nWhere the ghost of childhood haunts me\nWalk the roads my forefathers walked\nClimbed the trees my forefathers hung from\nAsk those trees for all their wisdom\nThey tell me my ears are so young (home)\nGo back to from whence you came (home)\nMy family tree my family name (home)\nFor some strange reason it had to be (home)\nHe guided me to Tennessee (home)\n\n[Chorus]\nTake me to another place\nTake me to another land\nMake me forget all that hurts me\nLet me understand your plan\n\n[Interlude: Aerle Taree]\nEshe, she went down to Holly Springs\nRasadon and Baba, they went down to Peachtree\nHeadliner, I challenge you to a game of horseshoes, a game of horseshoes\n\n[Verse 3: Speech]\nNow I see the importance of history\nWhy my people be in the mess that they be\nMany journeys to freedom made in vain\nBy brothers on the corner playing ghetto games\nI ask you Lord why you enlightened me\nWithout the enlightment of all my folks\nHe said cause I set myself on a quest for truth\nAnd he was there to quench my thirst\nBut I am still thirsty\nThe Lord allowed me to drink some more\nHe said what I am searching for are\nThe answers to all which are in front of me\nThe ultimate truth started to get blurry\nFor some strange reason it had to be\nIt was all a dream about Tennessee\n\n[Chorus]\nTake me to another place\nTake me to another land\nMake me forget all that hurts me\nLet me understand your plan\n\n[Outro: Aerle Taree]\nHeadliner, I won the game of horseshoes\nNow you owe me a watermelon\nLet's go climb trees and skip over rocks\nDo like they do below the border\nSpeech's hair\nDon't it look like the roots of the tree that the ancestors were hung from\nBut that's okay, get it cause he's down to Earth", "image": "https://images.genius.com/150864129489833150d6194598c4c026.600x600x1.png"}], "artist": "Arrested Development"}