{"songs": [{"title": "Nobody Beats the Biz", "album": "Goin\u2019 Off", "year": "1988-03-01", "lyrics": "[Verse 1]\nYes, y'all and, to the like beat and\nYou could either dance or just have a seat and\nListen to the way and, what I am displaying\nA different kind of rapper language that I am saying\nTo all the party people that absorbs the info\nWhen it come to rocking parties I am a nympho\nManiac, brainiac for doing my dance\nAnd my record Make the Music will put you in a trance and\nHypnotize your body and, like you do Bacardi and\nYou won't be fighting or illing, you just be partying\nDown, with the funky sound with yours truly\nI'm the original B-I-Z M-A-R-K-I but the E\nI came to have fun and, not be number one and\nJust hear to let you know, who's like running the place\nAnd everywhere that I perform and do a show\nAs long as you know that...\n\n[Hook: TJ Swan]\nNobody beats the Biz\n(Nobody beats the Biz)\n(repeat 4X)\n\n[Verse 2]\nYou know me as the B-I-Z M-A-R-K-I-E and\nI go for what I know doing a show for human beings\nI'm guaranteed to rock I make the ladies scream and shout\nI'm bound to wreck your body and say turn the party out\nThe Mardi rapper toe-tapper always having fun\nAnd when you hear the Biz Markie, I get the job done\nYes I'm the M-A-R the K-I-E you know that's me\nI got the stutter step to keep in check my speed is so unique\nThey say I look and sound funny but I don't be caring\nI rock the Latin Quarter, Rooftop, Union Square and\nRoseland, the Heartthrob, Madison Square Garden\nEven rocked for the World\u2019s Fair at Javits Center\nPardon the way that I be talking 'bout the places I be rocking\nI love to perform for the people that be clocking\nNot sayin that you're on mine or on it like a hornet\nBut you pay for a good performance, doggone it, you want it\nThat's why I'm here, to be like letting you knowing\nThat I'mma highly recognized as the king of discoing\nMaking people laugh and have a lot of enjoyment\nI'm the best person for this type of employment\nThat's why...\n\n[Hook]\n\n[Verse 3]\nOn and on to the break of dawn\nWhen you buy food cheap, you need a coupon\nOr catch a sale retail, before it gets stale\nSo hurry up and get the WIC check out the mail\nAnd shop non-stop, but how I hip-hop\nOn the mic and like make you co-op-\n-erate with the rhythm, that is what I give em\nReagan is the Pres but I voted for Shirley Chisholm\nIt might sound confusing, the style that I'm using\nBut in the end I'm sure that you will find it quite amusing\nAnd funny, oh honey, it's just ridiculous\nDon't try to front, come on and admit you was\nThrilled, chilled, your heart was fulfilled\nSo respect the architect as I begin to build\nScience and my reliance is upon my rap\nLike Carl Lewis I get to it, so let's go the lap\n\n[Hook]", "image": "https://images.genius.com/89573b2db8462365e9b99aaa0a93fdd4.600x597x1.jpg"}], "artist": "Biz Markie"}