{"songs": [{"title": "Do Me!", "album": "Poison", "year": "1990-06-10", "lyrics": "[Verse 1]\nTake a good look at me\nTell me do you like what you see\nDo you think you can\nDo you think you can do me\nKiss me pretty baby\nAnd touch me all over\nGirl what makes you think you can do me\nDo you think you can do me girl?\n\n[Hook]\nDo me baby\n(oh)\nDo me baby\n(do you think you can)\nDo me baby\n(do me)\nDo me baby\n(oh yeah)\n\n[Verse 2]\nGirl let your hair down\nTake off your clothes and leave on your shoes\nWould you mind if I look at you for a moment\nBefore I make sweet love\nBackstage, under age, adolescent\n\"How ya doin'?\" \"Fine,\" she replied\nI siiighed, I like to do the wild thing\nAction took place\nKinda wet\nDon't forget\nThe J the I the M the M the Y y'all\nI need a body bag\n\n[Hook]\nDo me baby\n(oh)\nDo me baby\n(you can do me when you wanna do me)\nDo me baby\n(yeah yeah)\nDo me baby\n(oh yeah)\nDo me baby\n(I like it in the morning time)\nDo me baby\n(sometimes I love it in the evening baby)\nDo me baby\n(can you do me all over girl)\nDo me baby\n(oh yeah)\n\n[Verse 3]\nThe time was 6 o'clock on the Swatch watch\nNo time to chill, got a date\nCan't be late\nHey, the girl is gonna do me\nMove to the jacuzzi\nOoh that booty\nSmack it up, flip it, rub it down, oh no...\n\n[Hook]\nDo me baby\n(yeah)\nDo me baby\n(oh I like it just like that)\nDo me baby\n(oh yeah)\nDo me baby\n(oh move just a little bit closer)\n\n[Bridge]\nYou can do me in the morning\nYou can do me in the night\nYou can do me when you wanna do me\nYou can do me in the morning\nYou can do me in the night\nYou can do me when you wanna do me", "image": "https://images.genius.com/52cfd92ee85e9541fcb2c08c6fbe843f.574x589x1.jpg"}], "artist": "Bell Biv DeVoe"}