{"songs": [{"title": "Look Back at It", "album": "Hoodie SZN", "year": "2018-12-07", "lyrics": "[Chorus]\nLook back at it\nShe ain't never do this before, but she good at it\nSaid she never made love, but she good at it (She good at it)\nShe make a nigga feel good when I look at it (Yeah)\nI get goosebumps when I look at it (Look at it)\nOh, girls just wanna have fun with it (Fun with it)\nAll the girls just wanna have fun with me (Fun with me)\nThese girls ain't really no good for me, yeah\n\n[Post-Chorus]\nDrrrat, da-da, da\nDrrrat, da-da-da, da\nDrrrat, da-da-um-da\nDrrrat, da-da-da-um-da\nYeah, got a new Benz that I ain't promotin', yeah\nAll of my friends love money throwin'\nDrrrat, da-da-da-um-da\n\n[Verse 1]\nLet me tell you something 'bout my life\nAnd every single chain, and my diamond rings\nThe way you walkin', the way you talkin', it's all because of me\nAnd the way I'm all on you, girl, you know it's true\nThe way I speak, it's my melody\nDon't you ever think it's another me\nGirl, on everything, it's a lot on me\nI cannot be seen, I cannot be takin' apologies\nYeah, they plot on me, 'cause that bag on me\nYeah, they after me, I got racks on me\nGot the stash on me, think they gassin' me\nYeah, hoodie on low but I stay focused\nYeah, it's hard to stay low when everybody notice, yeah\n\n[Chorus]\nLook back at it\nShe ain't never do this before, but she good at it\nSaid she never made love, but she good at it\nShe make a nigga feel good when I look at it\nI get goosebumps when I look at it\nOh, girls just wanna have fun with it\nAll the girls just wanna have fun with me\nThese girls ain't really no good for me, yeah\n\n[Post-Chorus]\nDrrrat, da-da, da\nDrrrat, da-da-da, da\nDrrrat, da-da-um-da\nDrrrat, da-da-da-um-da\nYeah, got a new Benz that I ain't promotin', yeah\nAll of my friends love money throwin'\nDrrrat, da-da-da-um-da\nDrrrat, da-da-um-da\n\n[Verse 2]\nCan I come by and vibe? (Can I?)\nI get a different type of fly (Fly)\nHit a lick and split it with my guys (My guys)\nGettin' rich I'm really lit, but I (I)\nAin't shit, I admit it but I try (I try)\nIf I'm wrong, just tell me that I'm right\nLet me tell you somethin' 'bout my life (My life)\n\n[Outro]\nLook back at it\nSaid she never made love, but she good at it (Good at it)\nI get goosebumps when I look at it (When I look at it)\nAll the girls just wanna have fun with me\nThese girls...", "image": "https://images.genius.com/d0da78f3486bc30b107587e8d66cd0ba.1000x1000x1.jpg"}], "artist": "A Boogie Wit da Hoodie"}