{"songs": [{"title": "Games On Your Phone", "album": "Dropped Outta College", "year": "2019-08-30", "lyrics": "[Intro]\nD.A. got that dope!\n\n[Chorus]\nWhen you're up at night, all alone\nPlaying games on your phone\nDo I\u2005cross\u2005your mind, gotta\u2005know\nThese feelings for you I can't\u2005control\nWhen you're up at night, all alone (At night, all alone)\nPlaying games on your phone (Phone)\nDo I cross your mind, gotta know (Your mind, gotta know)\nThese feelings for you I can't control\n\n[Verse 1]\nTryna figure out just how I feel about you\nI just like the fact that I can keep it real around you\nAll these ups and downs like I lost and found you\nCan't believe I'm standing here still without you\nWhen you're up at night, do you think about me?\nDo I cross your mind? Just wish that you would tell me\nIf so, then I got a place that we could go\nAin't gon' let you play me like the games on your phone\n\n[Chorus]\nWhen you're up at night, all alone (At night, all alone)\nPlaying games on your phone (Phone)\nDo I cross your mind, gotta know (Your mind, gotta know)\nThese feelings for you I can't control\nWhen you're up at night, all alone (At night, all alone)\nPlaying games on your phone (Phone)\nDo I cross your mind, gotta know (Your mind, gotta know)\nThese feelings for you I can't control\n\n[Verse 2]\nSo, where you wanna go?\nIt don't really matter, still get your back blown, ow\nCame for a show, I'ma show out\nFuck what you heard, what you know about me\nNot a goddamn thing\nBeen riding 'round in foreigns switchin' goddamn lanes\nAin't a girl in the world that can make me change\nNot as long as you keep playing games, baby\n\n[Chorus] (x2)\nWhen you're up at night, all alone (At night, all alone)\nPlaying games on your phone (Phone)\nDo I cross your mind, gotta know (Your mind, gotta know)\nThese feelings for you I can't control\nWhen you're up at night, all alone (At night, all alone)\nPlaying games on your phone (Phone)\nDo I cross your mind, gotta know (Your mind, gotta know)\nThese feelings for you I can't control", "image": "https://images.genius.com/cbc5323856e549f3c6af4bc1010b7d11.500x500x1.jpg"}], "artist": "24kGoldn"}