{"songs": [{"title": "KIKA", "album": "DUMMY BOY", "year": "2018-11-27", "lyrics": "[Chorus: Tory Lanez]\nBitch, we in the city on that hot shit\nLookin' for a bitty on that thot shit\nY\u2019all ain't gettin' money, nigga, stop this\nI been \u2019round the globe talkin' hot shit\nI do my own stunts, Jackie Chan with it\nI do my own stunts, Jackie Chan with it\nI do my own stunts, Jackie Chan with it\nI do my own stunts, Jackie Chan with it\nBitch, we in the city on that hot shit\nLookin' for a bitty on that thot shit\nY'all ain't gettin' money, nigga, stop this\nI been 'round the globe talkin' hot shit\nI do my own stunts, Jackie Chan with it\nI do my own stunts, Jackie Chan with it\nI do my own stunts, Jackie Chan with it\nI do my own stunts, Jackie Chan with it\n\n[Verse 1: 6ix9ine]\nI do my own shit, I don\u2019t need 50 niggas to roll with\nFolk shit, I\u2019m on my doley, I'm on my boss shit\nI do my own shit, fuck all them niggas I used to roll with\nI know you used to see me with niggas, but that\u2019s that old shit\nReal nigga, quick to pull a fucking trigger\nFed nigga's definition of a real nigga\nFuck nigga, quick to fuckin' hate, nigga\nBitch nigga, definition of a bitch nigga\nNow wildin', ready for all the violence\nI don\u2019t need a nigga jacking that he riding\nI got this four fifth, this shit all up on my hip\nI blow that shit, now you where Bobby Shmurda's hat went!\n\n[Chorus: Tory Lanez]\nBitch, we in the city on that hot shit\nLookin' for a bitty on that thot shit\nY'all ain't gettin' money, nigga, stop this\nI been 'round the globe talkin' hot shit\nI do my own stunts, Jackie Chan with it\nI do my own stunts, Jackie Chan with it\nI do my own stunts, Jackie Chan with it\nI do my own stunts, Jackie Chan with it\n\n[Verse 2: 6ix9ine]\nKick her out, I'm gettin' money now, actin' funny now\nThought she love me, but she only tryna fuck me for the clout\nSaw the Patek all bust down, charter run down\nBitch hit me on a touchdown, but I curved it\nThey be beggin' me to keep the bitch, but I don't need the bitch\nRay Charles, John Cena shit, I can't see the bitch\nIn the DM sendin' naked pics, Uber that bitch\nBut I send her in the pool even though I'm rich as shit\n\n[Outro: Tory Lanez]\nIt's fuckin' Tr\u2014\nOh wait, I forgot you can't say that shit\nYou can go start with everything else that start with a T, though\nIt's fuckin' Trojan\nIt's fuckin' Target\nIt's fuckin'\u2014\nHahahaha", "image": "https://images.genius.com/16c572cee652b4b917b43149499f8731.640x640x1.jpg"}], "artist": "6ix9ine"}