{"songs": [{"title": "Saint or Sinner", "album": "AggroSantos.com", "year": null, "lyrics": "Waooohhh, in the night\nI got what you need boy, got what you need boy\nI got what you need boy, Saint or a Sinner\nYo, she's a part time good girl, other time raver\nWants to be rescued, I'll be her savior\nExperimental, hyper yet gentle\nWhen I'm in a rave man I drive her mental\nStraight to the center, roll no pretender\nLoves to tease me, wear a la senza\nI didn't think it would be like this\nBut now I'm gonna give you a time you'll remember\nI got what you need boy boy...\nYeah? And you do dress stylish\nPlus you look good to the iris\nOff all the girls in here your the nicest\nPretty in pink (yeah), thinks how I think (yeah)\nUp for a good time after a drink\nBring out the bad side ever so slightly\nAnd the next day there's a good girl beside me\n(Vamos!)\nNo need to decide you want a saint or a sinner\nI can be both just speak what's on your mind\nTwo people in one, baby I'll be a winner\nJust let me know and turn off all the lights\nI got what you need boy, what you need boy\nSe\u00f1oritas come with the Santos, I got what you need\nI got what you need boy, got what you need boy\nI got what you need boy, Saint or a Sinner\nI, I got what you need boy, got what you need boy\nI got what you need boy boy, Saint or a Sinner\nEh baby girl, what's happenin'\nWhere do I know you from? I've been travellin\nI've been everywhere for someone like you\nBut I haven't found someone that does what you do\nStay in do ya? Go out do ya?\nLike a pound coin, got two sides do ya?\nI wanna see a bad girl in the zone\nSo tell me ya left the good girl at home\nPretty in pink (yeah), thinks how I think (yeah)\nUp for a good time after a drink\nBring out the bad side ever so slightly\nAnd the next day there's a good girl beside me (ha)\nNo need to decide you want a saint or a sinner\nI can be both just speak what's on your mind\nTwo people in one, baby I'll be a winner\nJust let me know and turn off all the lights\nI got what you need boy, what you need boy\nI got what you need boy, Saint or a Sinner\nI got what you need boy, what you need boy\nSe\u00f1oritas come with the Santos, I got what you need\nEu faco amor todo dia\nBaby bring it here\nFaco amor todo dia\nBaby bring it here\nFaco amor todo dia\nBaby bring it here\nFaco amor todo dia\nI got what you need\nAhhhhhh Ahh Ahh Ahhhhhh Ahh Ahh Ahhhhhh...\nI got what you need\nI got what you need boy, got what you need boy\nI got what you need boy\nI got what you need...\nI got what you need boy, got what you need boy\nI got what you need boy, Saint or a Sinner\nI got what you need boy, got what you need boy\nI got what you need boy boy, Saint or a Sinner", "image": "https://images.genius.com/2bea0ab50e2518d36d80b8a884e354dc.300x300x1.jpg"}], "artist": "Aggro Santos"}