{"songs": [{"title": "Cat Pack", "album": "AJ Tracey (Deluxe)", "year": "2019-10-02", "lyrics": "[Intro]\nDaytrip took it to 10 (Hey)\n\n[Chorus]\nMe, I set pace and I'm active (Ahh)\nYour girl wants\u2005me\u2005as a captive\u2005(Yeah)\nSmoking gelato, it's cat piss\nIf it\u2005weren't bro, then I slapped it (Bow!)\nWest London, call me the savior (Woah)\nWon't do a shawty a favor (No)\nCome to the block, you're in danger (Ahh)\nWe do the most with the paper (Let's go!)\nMe, I set pace and I'm active (Ahh)\nYour girl wants me as a captive (Me)\nSmoking gelato, it's cat piss (Wow!)\nIf it weren't bro, then I slapped it (Boo-boo!)\nWest London, call me the savior (Woah)\nWon't do a shawty a favor (No)\nCome to the block, you're in danger (Ahh)\nWe do the most with the paper (Yeah)\n\n[Verse 1]\nRun out this money, I'm running it back (Running)\nRunning the show, I was running the packs\nHow can a blogger try say that I'm wack? (Huh?)\nNowadays, every song I do's a plaque (Ching!)\nPaigons don't like me, but like how I rap (Yep!)\nProlly 'cause their girl's been making it clap (Clap-clap)\nPolice are mad at the fact that I'm black\nAnd that their house isn't half of my stack (Oh well)\nI was in cunch with the ting on my lap\nAnd now I'm in the club with a ting on my lap\nYou niggas cappin', you ran out of facts\nTry racing me, you gon' run out of gas\nCome get your girl 'cause she choosing\nOnly Chief Keef when I'm cruising\nEverything wet when I'm shooting\nThe club can't be lit 'cause there's you in\n\n[Chorus]\nMe, I set pace and I'm active (Ahh)\nYour girl wants me as a captive (Yeah)\nSmoking gelato, it's cat piss\nIf it weren't bro, then I slapped it (Bow!)\nWest London, call me the savior (Woah)\nWon't do a shawty a favor (No)\nCome to the block, you're in danger (Ahh)\nWe do the most with the paper (Let's go!)\nMe, I set pace and I'm active (Ahh)\nYour girl wants me as a captive (Me)\nSmoking gelato, it's cat piss (Wow!)\nIf it weren't bro, then I slapped it (Boo-boo!)\nWest London, call me the savior (Woah)\nWon't do a shawty a favor (No)\nCome to the block, you're in danger (Ahh)\nWe do the most with the paper (Yeah)\n\n[Verse 2]\nI used to sleep in my lectures (Yawn)\nMy jeweller just gave me necklace (Bling-blaow)\nI need my shit with the extras (Facts)\nMight rock Off-White with the textures (Facts)\nWe used to spend it on Vespers (Vroom)\nNow the gang pull up in Teslas\nI had some cats that went teachers (Huh?)\nI used to give them the testers (Take it)\nI got a little bit older (Little bit)\nNow my chain go supernova (Blaow)\nFoot out, you know I'm a soldier (Brrt!)\nFN over my shoulder (Let's get it!)\nAll of this shit got a hold of me (Yeah)\nYour record man ain't controlling me (No)\nI know the opps tryna roll on me\nI'm out in the sticks with a pole on me\n\n[Chorus]\nMe, I set pace and I'm active (Ahh)\nYour girl wants me as a captive (Yeah)\nSmoking gelato, it's cat piss\nIf it weren't bro, then I slapped it (Bow!)\nWest London, call me the savior (Woah)\nWon't do a shawty a favor (No)\nCome to the block, you're in danger (Ahh)\nWe do the most with the paper (Let's go!)\nMe, I set pace and I'm active (Ahh)\nYour girl wants me as a captive (Me)\nSmoking gelato, it's cat piss (Wow!)\nIf it weren't bro, then I slapped it (Boo-boo!)\nWest London, call me the savior (Woah)\nWon't do a shawty a favor (No)\nCome to the block, you're in danger (Ahh)\nWe do the most with the paper (Yeah)\n\n[Outro]\nDaytrip took it to 10", "image": "https://images.genius.com/c3072ff8702a1ad965c2eb4b42b02ec5.1000x1000x1.jpg"}], "artist": "AJ Tracey"}