{"songs": [{"title": "Council State of Mind", "album": null, "year": "2019-11-07", "lyrics": "[Verse]\nGot it in cash I don't see no tax\nBros got work for the fiends and\u2005cats\nI\u2005remember that day\u2005when he got grabbed\nSend couple man\u2005to go clean that gaff\nFeds on the block watch the pigs do laps\nPraying that they don't find that stash\nBando looking boxing rings\nLike have you ever seen a needle jab\n10 missed calls are you taking the piss\nRunner can't ask why he got sacked\nJust hit 6 from a log in the am\nBags in my eyes until I saw bags\nThat's racks on racks on racks\nMMLC ball like match attax\nWould've thought 6 was from Yorkshire\nWith the way he's always in halifax\nComing from broken homes that's facts\nStruggling to pay this council tax\nSo my guys chill in council flats\nThat's a hand to hand with the council cat\nNa none of my dargs are chefs\nWhy they always near pots and pans\nBro move food cuz he tryna be a top boy\nZs in the T like Jamie's gang\nTrap mash this ain't no skank\nReach for my pouch what u skanking for\nTell bro bro the beefs tings dead\nScore them goals or count them scores\nHow can I be brass when mumzy needs this cash\nAnd how can I rate that one\nIf I know the whole gang smashed\nSmashed it\nPaper wrapped with elastic\nCash flip, slap that under that mattress\nMadness\nHope that mumsy didn't catch this\nUgh badness\nFrom young we've been around badness\nAnd I lost my bro, it brought sadness\nI put faith in God and he planned it\nIt's Berna local hood cashers\nStill got the bands in my mattress\nBros brick phone still throw tantrums\nDiamonds got flash like cameras\nStepped in all black like panthers\nMadness if the mandem try spazz it\nViolate get irate, make him dilate\nMy date got thick thighs and a nice face\nAnd the gang do crimes cause crime pay\nCan't wait for the day we don't have to\nBut if one don't die its a nice day\nSo I always gotta watch how I move\nEast London, nah this ain't Compton\nStill see blood on the streets like Piru\nAnd a friend of an opp is an opp\nIf you see him spin that whip like typhoons\nMan better spin that shit\nHow many times did we hit them licks?\nHow many guys got jinnled and jerked?\nHow many girls got dicked and ditched?\nBro comes stiff in the dance cause he only knows two gestures, thats mix and whip\nMixrace ting in the yard when she sees this whip, all I see is bum and tits\nLike shawty gonna take off clothes\nCrazy bros, no jacket but he stays with snow\nFucking up checks all day just watching this paper grow\nBathing apes and gold, you ain't gotta tell me I'm fly I know\nSmoking kills and I know guys out here still tryna give man smoke\nWoah, broke but the boy evolved\nNow I got gyallie tryna share their throats, I ain't gunna take that home\nAnd they sound like man so how can I rate these clones?\nStill scream rest up bro\nPut it on mums I'm gonna make this dough RIP", "image": "https://images.genius.com/729b03d945a0a30d68be24fa57f94b5b.1000x1000x1.jpg"}], "artist": "Berna"}