{"songs": [{"title": "Anywhere", "album": "Room 112", "year": "1999-01-28", "lyrics": "[Verse 1]\nHere we are all alone\nYou and me, privacy\nAnd we can do anything\nYour fantasy\nI wanna make your dreams come true\nCan you hear?\nShe's calling me\nBetween your legs\nLoud and clear\nI wanna talk back to her\nMake love to her\nI wanna hear you scream my name\n\n[Chorus]\nWe can make love in the bedroom floor\nFloatin' on top of my waterbed\nI'm kissing you\nRunning my fingers through your hair\nIn the hallway making our way beside the stairs\nWe can do it anywhere\nI can love you in the shower\nBoth of our bodies dripping wet\nOn the patio we can make a night you won't forget\nOn the kitchen floor\nAs I softly pull your hair\nWe can do it anywhere, anywhere\n\n[Verse 2]\nI love the way your body feels\nOn top of mine so take your time\nWe got a night\nGirl, you know\nI like it slow\nAnd I know you like it too, baby\nPlease don't stop I feel it now\nYou feel it, too\nYou're shivering\nOoh, you put me close to you\nJust let it flow\nThere's no other place to go\n\n[Chorus x2]\n\n[Zane]\nZ too hot to stop\nSo we goin' from the bedroom to the floor\nLet you know a nigga miss you when out on tour\nWhen our tongues touch\nHave a playboy sing it much\nRoll a Dutch, let me tell you it turns me on\nWhen 112 sing to you\nWhat kinda feeling do it bring to you?\nI bump hard till you say I'm being mean to you\nI know the ice Roley gleam to you\nA true player's what I seem to you\nAnd if you want it\nWe can do it in the Black 500\nWit' the top down\nIn overdrive when we ride cause I'm hot now\nYou got me goin', I don't think I wanna stop now\nZ feinin' like a criminal on lockdown\nSo let's get a way to get away\nYou gettin' hot baby, please don't melt away\nI got a crib on the beach in Palmetto-way\nAnd here's your personal key to see me everyday\n112...\n\n\n[Repeat Chorus Until Fade]", "image": "https://images.genius.com/0950fb9b868f66b9658c50171ad66963.1000x1000x1.jpg"}], "artist": "112"}