{"songs": [{"title": "Pressure", "album": "To Myself", "year": "2019-08-23", "lyrics": "[Verse 1]\nDon't need anyone\nTo remind me\nRather chase the sun\nThan hide behind the tree\nWhen the day is\u2005done\nDarkness\u2005covers me\nThere's nowhere\u2005to run\nExcept inside of me\n\n[Chorus]\nPressure keeps\u2005holdin' me back\nPressure (Keeps holdin' me back), keeps holdin' me back (Pressure)\nPressure keeps (Keeps holdin' me), holdin' me back (Pressure)\nPressure (Keeps holdin' me), keeps holdin' me\n\n[Verse 2]\nDon't want anyone\nTo desire me\nIt may seem I've won\nIt's just the pride in me\n'Cause I can't let them see\nWho's inside of me\nMy own enemy\nIn this rivalry\n\n[Chorus]\nPressure (Pressure), keeps (Keeps holdin' me), holdin' me back\nPressure (Pressure, keeps holdin' me), keeps holdin' me back (Pressure)\nPressure keeps (Keeps holdin' me), holdin' me (Pressure)\nPressure (Keeps holdin' me), keeps holdin' me\nPressure (Pressure), keeps (Keeps holdin' me), holdin' me back\nPressure (Pressure, keeps holdin' me), keeps holdin' me back (Pressure)\nPressure keeps (Keeps)\n\n[Outro]\nSorry, I don't know what I'm thinking of\nI done had to dream so many\nAnd I know somewhere along\nI'll be alright if I\nJust come back home\nIf you could love me\nI won't have to be alone\nI take you in my arms and leave, and leave", "image": "https://images.genius.com/baa59c1ed760f6983c4d4a551743b62d.1000x1000x1.jpg"}], "artist": "Baby Rose"}