{"songs": [{"title": "SMTHN RL", "album": null, "year": "2019-04-15", "lyrics": "[Verse 1]\nI always see you\nFace to screen, the best view\nSave thoughts fo you\nEvery image of you\n\n[Chorus]\nAnd I know\nThat we can't be with each other day and night\nBut I know\nI gotta feel your body close to mine\nSome of the time\n(I know)\n\n[Verse 2]\nBut will we find time together?\nFeel the pressing of your palms\nMake me calm forever\nAnd I know this life is ours\n\n[Bridge]\n(I just wanna feel something real)\n(I just wanna feel something real)\n(I just wanna feel) Something real\nI just wanna feel something real\nI just wanna feel something real\nI just wanna feel something real\n\n[Verse 3]\nI don't even wanna know what time it is\nHold me still like a photo\nCaught in light again\nAnd I don't even wanna know if\nIt's too late\nPeace, my dream\n\n[Pre-Chorus]\nBut will we find time together?\nFeel the pressing of your palms\nMake me calm forever\nAnd I know this life is ours\n\n[Chorus]\nI just wanna feel something real\nI just wanna feel something real\nI just wanna feel something real\n\n[Bridge]\nBut will we find time together?\nFeel the pressing of your palms\nMake me calm forever\nAnd I know this life is ours\n\n[Chorus]\nI just wanna feel something real\nI just wanna feel something real\nI just wanna feel something real", "image": "https://images.genius.com/137ed4d1ef6104fc9fc65e3041e3a61f.1000x1000x1.jpg"}], "artist": "0171"}