{"songs": [{"title": "Top Boy", "album": null, "year": "2019-10-22", "lyrics": "[Intro: Asher D]\n\nThey say I take all the food\nI'm in that mountain too\n(Swifta on production)\nShow improved\nPeople climb\u2005over\u2005you\n\n[Verse 1: Asher D]\nI'm the Ace\u2005of Spades, no change Houdini\nYou can't\u2005get these shades, Cena couldn't see me\nBang your doors if you hear me\nLock down unfairly\nTell a man are doing big birds out here, no little house on the prairie\nIt's war, its not the Wartons\nFresh kicks, never bought 'em\nRocking [?] get me out of here [?] top down in the Autumn\nYeah, fuck a dress code\nNow you're fucking with the best though\nAnd you better let the rest know\nI've been on this free throw ting from the get go\nLet's go\n\n[Chorus: Asher D]\nThey say I take all the food, that's why I'm at the top, boy\nClimbing that mountain too, call me when you get to the top, boy\nShow improved, everybody's gassed off of Top Boy\nI never climbed over you, just so they can get to the top, boy\nThey say I take all the food, that's why I'm at the top, boy\nClimbing that mountain too, call me when you get to the top, boy\nShow improved, everybody's gassed off of Top Boy\nI never climb over you, just so they can get to the top, boy\n\n[Verse 2: D Double E]\n(Oh my God, bidi-bupup)\nGet some food, gotta get some more (it's coming)\nGot a reload at half past 4\nCome check me 'cause I'm on top floor\nWhat'd you want, what?\nHalf a box or a .9?\nMake sure the mandem's here on time\nMan don't deal with no consign", "image": "https://images.genius.com/f21e4c9fe9e0d7fa1585e23d7acf5fc5.536x536x1.jpg"}], "artist": "Asher D"}