{"songs": [{"title": "Dem Man", "album": null, "year": "2019-04-02", "lyrics": "[Intro]\nAyy, nuttin' like dem man\nMe, I got the heart like ten man\nBut you still need ten\nShout my nigga Screw\nTryna pull up and kweng\nNah I've never been a sideman\nSo I pull up with a\nYo\n\n[Verse 1]\nAll I needed was a hammer (Bang)\nIn the middle of the summer federally took my nigga out the manor (Free my niggas)\nAll my niggas riding banger (Huh?)\nAll my niggas know it's pain, Me I do the gain, I turn it to a banger\nHe's gonna take me to the gafer, and introduce me to Rhianna\nAll that shit I coulda, I woulda, If I coulda-coulda, then I woulda had her (Coulda, coulda)\nAnother nigga on her hit list, I got issues, she can fix it (Alright)\nBut would you risk it for a biscuit (No)\nAnd boy ain't even got a biscuit (No)\nThe game is mine if I predict it\nThe ends was broke, I come to fix it (Ayy)\nAyy, but they won't tell you 'bout the shit bit\nLike how I started with a little bit (That little bit)\nI turn a little bit to a big bit\nAyy, think man can tell my 'bout the trizzy\nLike who bought Olly to the city (Us)\nI had to shout my nigga Spitty (Dem man)\n\n[Chorus]\nAyy, nuttin' like dem man (Nuttin' like dem man)\nMe, I got the heart like ten man\nBut you still need ten man\nShout my nigga Screw man\nTryna pull up and kweng man\nNah I've never been a sideman (Never)\nSo, so I pull up with lengman\nAyy, nuttin' like dem man (Nuttin' like dem man)\nMe, I got the heart like ten man\nBut you still need ten man\nShout my nigga Screw man\nTryna pull up and kweng man\nNah I've never been a sideman (Never)\nSo, so I pull up with lengman\n\n[Verse 2]\nYo, yo, ayy\nAnd I can really dish it out (I can)\nI got it cheaper in the drought (Damn)\nI think she want me for the clout\nAnd I just wanna do it twirl, let me do it twirl, then I drop her out\nThey need to let my bruddas out (Let them out)\nThey need to let my niggas in, wow\nThis is buzworl baby, you never seen dat ting? (Buzworl) Huh?\nNah, we nuttin' like dem man, they're on eediat ting (Eediats, eediats)\nSo I just leave it, you know when I see man ting, huh?\nThen I creep and shoot, shoot on a grease man ting, wah? (Bow-bow)\nMan I stopped smoking, then I just relapse king (Don't judge me)\nDon't need opinions, I don't need feedback (I don't)\nYou know when a young boy, that's another g pack, huh?\nI just give her another g pack, why?\nCah we nuttin' like these man\n\n[Chorus]\nAyy, nuttin' like dem man (Nuttin' like dem man)\nMe, I got the heart like ten man\nBut you still need ten man\nShout my nigga Screw man\nTryna pull up and kweng man\nNah I've never been a sideman (Never)\nSo, so I pull up with lengman\nAyy, nuttin' like dem man (Nuttin' like dem man)\nMe, I got the heart like ten man\nBut you still need ten man\nShout my nigga Screw man\nTryna pull up and kweng man\nNah I've never been a sideman (Never)\nSo, so I pull up with lengman", "image": "https://images.genius.com/8a7ea59b0206dc0eabe418edbbfa9f4a.480x480x1.jpg"}], "artist": "Ambush Buzzworl"}