{"songs": [{"title": "Come Down", "album": "Malibu", "year": "2016-01-09", "lyrics": "[Produced by Hi-Tek]\n\n[Intro]\nY'all niggas got me hot\nUh, niggas, tell me how?\n\n[Verse 1]\nHey! Well, that's exactly what a nigga came for\nHuh, you doin' shots from afar\nI'ma meet you at your front door\nUh, so hard to be doing what you really meant for, beauty\nHuh, but don't I make it look easy?\nDon't I make it look good?\n\n[Chorus]\nHey, now you, drank up all my liquor, come on\nWhat I'm supposed to do now?\nAnd you talking all that shit, now come on\nYou gonna have to back it up\nIf I get too high now, sugar, come on\nI might never come down\nYou know I might never come down\nLet me get down\nYou might not never come down\nNow let me come down\nYou might not never come down\nLet me get down!\n\n[Bridge]\nYou might never ever come down\nIt took too long to get this high off the ground\nDon't run, just stay awhile\n\n[Verse 2]\nC'mon, uh\nCan't beat it, can't beat it, can't beat it\nCan't beat it with a big bat though\nCan't see her with this pitch black Gucci frames on\nLet me take these bitches off\nLet me get the full scope, hold up\nHuh, full screen, HD, let me take another picture\nLet me pull it to the pre-show\nWhoa, cool beans, cool beans\nThat's a whole lot of reefer\nLet me help you with the pre-roll\n\n[Chorus]\nYou, drank up all my liquor, come on\nWhat I'm supposed to do now?\nAnd you talking all that shit, now come on\nYou gonna have to back it up\nIf I get too high now, sugar, come on\nI might never come down\nYou know I might never come down\nLet me get down\nYou might not never come down\nNow let me come down\nYou might not never come down\nLet me get down!\n\n[Bridge]\nYou might never ever come down\nIt took too long to get this high off the ground\nDon't run, just stay awhile\nYou might never ever come down\nIt took too long to get this high off the ground\nDon't run, just stay awhile\n\n[Skit]\nBefore Vietnam, when boards were long and hair were short, the center of the surfing world was a place called Malibu", "image": "https://images.genius.com/583df8c960717e6151d8fac6144eb8fa.1000x1000x1.jpg"}], "artist": "Anderson .Paak"}