{"songs": [{"title": "Journey", "album": "I COULD BE LOVED EP", "year": "2016-11-04", "lyrics": "[Verse 1]\nFlawless mistake\nAll that I learn, I learn the hard way\nRegrets don't fade\nMy trip is awry\nRun from my own blame\n\n[Chorus]\nJourney to nowhere, safe from the crowd\nI need to go where love won't let me down\n\n[Verse 2]\nCruel is the rave\nBut how do I leave when you're all I crave ooh\nChased by the flames\nThis burning desire is something I won't tame\n\n[Chorus]\nJourney to nowhere, safe from the crowd\nI need to go where love won't let me down\n\nOoo\n(Sipprell humming)\n\n[Pre-Chorus]\nThis road to nowhere, falling asleep at the wheel\nWhat else lies ahead only the truth can reveal\n\n[Chorus]\nJourney to nowhere, safe from the crowd\nI need to go where love won't let me down\nLove won't let me down, down, down\n\nOoo", "image": "https://images.genius.com/c7255c35c04e0591d52fed9a417cb331.739x739x1.jpg"}], "artist": "Sipprell"}