{"songs": [{"title": "SALINA", "album": null, "year": "2019-07-26", "lyrics": "[Hook]\nMama hot like a sauna\nSwagger drip like Rihanna\nDrama, I don\u2019t want nada\nPutas stay so salina\nLay low, stack my dinero\nChino talking trilingo\nGohan, go Super Saiyan\nThey so salina\n\n[Verse: BAER]\nIcy IG, my booty fucking with their psyches\nThese hoes don\u2019t like me\nBut if u a real bitch, pull up fight me\nSneak diss through a fucking hashtag\nGirl your fake tits looking like a bad rash\nYou could troll on the net through your phone via text\nBut your views stay looking upset\n\nKawasaki drift got \u2018em all feeling dizzy\nKamikaze hits play in every city\nBlow up a check, ice up a neck (brr)\nGang gang all getting chilly\nThen I made a beat, got \u2018em gassed out\nSpitted out some heat and they passed out\nI go by Brina with all my amigas\n\n[Hook: BAER + JVZEL]\nMama hot like a sauna\nSwagger drip like Rihanna\nDrama, I don\u2019t want nada\nPutas stay so salina\nLay low, stack my dinero\nChino talking trilingo\nGohan, go Super Saiyan\nThey so salina\n\n[Verse: JVZEL]\nMad goals, FIFA\nTold me there\u2019s no limit on the visa\nHabitos como Khalifa\nFilling up arenas in Korea\nKilo de culo and I\u2019m up next\nOut here flipping checks like tostones\nMake these hoes wanna cry, mala bihs by my side\nLike me, selling hundreds of milliones\nWorking like I\u2019m broke, got \u2018em all feeling dizzy\nTodo latino hits play in every city\nBlow up a check, ice up a neck\nGang gang all getting chilly\nFinally hit a run, baby gassed up\nLooking back he wish he didn\u2019t pass up\nDrip on que rico, que mal amigo!\n\n[Hook: JVZEL + BAER]\nMama hot like a sauna\nSwagger drip like Rihanna\nDrama, I don\u2019t want nada\nPutas stay so salina\nLay low, stack my dinero\nChino talking trilingo\nGohan, go Super Saiyan\nThey so salina", "image": "https://images.genius.com/b069e91e3ed9f3691962ef0975f87bf7.1000x1000x1.jpg"}], "artist": "BAER"}