{"songs": [{"title": "My Boo", "album": null, "year": "2004-01-01", "lyrics": "[Intro: Usher, Alicia Keys & Both]\nThere's always that one person that will always have your heart\nYou never see it coming 'cause you're blinded from the start\nKnow that you're that one for me, it's clear for everyone to see\nOh baby, ooh\nYou will always be my boo\nSee, I don't know 'bout y'all, but I know about us and, uh\nIt's the only way we know how to rock\nI don't know 'bout y'all, but I know about us and, uh\nIt's the only way we know how to rock\n\n[Verse 1: Usher]\nDo you remember, girl?\nI was the one who gave you your first kiss\n'Cause I remember, girl\nI was the one who said, \"Put your lips like this\"\nEven before all the fame\nAnd people screaming your name\nGirl, I was there when you were my baby\n\n[Chorus: Usher & Alicia Keys]\nIt started when we were younger, you were mine (my boo)\nNow another brother's taken over, but it's still in your eyes (my boo)\nEven though we used to argue, it's alright (my boo)\nI know we haven't seen each other in a while\nBut you will always be my boo\nI was in love with you when we were younger, you were mine (my boo)\nAnd I see it from time to time, I still feel like (my boo)\nAnd I can see it no matter how I try to hide (my boo)\nAnd even though there's another man who's in my life\nYou will always be my boo\n\n[Verse 2: Alicia Keys with Usher]\nYes, I remember, boy\n'Cause after we kissed, I could only think about your lips\nYes, I remember, boy\nThe moment I knew you were the one I could spend my life with\nEven before all the fame\nAnd people screaming your name\nI was there\nAnd you were my baby\n\n[Chorus: Usher & Alicia Keys]\nIt started when we were younger, you were mine (my boo)\nNow another brother's taken over, but it's still in your eyes (my boo)\nEven though we used to argue, it's alright (my boo)\nI know we haven't seen each other in a while\nBut you will always be my boo\nI was in love with you when we were younger, you were mine (my boo)\nAnd I see it from time to time, I still feel like (my boo)\nAnd I can see it no matter how I try to hide (my boo)\nAnd even though there's another man who's in my life\nYou will always be my...\n\n[Bridge: Usher & Alicia Keys]\nOh, my oh, my oh, my oh, my, my boo\nMy oh, my oh, my oh, my oh, my boo\n\n[Chorus: Usher & Alicia Keys]\nIt started when we were younger, you were mine (my boo)\nNow another brother's taken over, but it's still in your eyes (my boo)\nEven though we used to argue, it's alright (my boo)\nI know we haven't seen each other in a while\nBut you will always be my boo\n\n[Outro: Usher]\nI don't know about y'all, but I know about us and, uh\nIt's the only way we know how to rock\nI don't know about y'all, but I know about us and, uh\nIt's the only way we know how to rock\nIt started when we were younger\nMy boo...", "image": "https://images.genius.com/a4b6fe1942e84c32abd02a61dcd5ac7c.280x280x1.png"}], "artist": "Alicia Keys"}