{"songs": [{"title": "Lil Mama", "album": null, "year": "2019-11-15", "lyrics": "[Chorus: Bankroll Freddie]\nLil mama bad and I want her (Come here)\nOh yeah I like her persona (I\u2005like\u2005that)\nShe get that\u2005ass from her momma (That ass)\nShe\u2005get that clap from her momma (Shout out momma)\nI hope that she know that I want it (I want you)\nShe get with me, she a [gunner ?]\nLil mama bad and I want her (She bad)\nLil mama bad and I want her (You bad)\n\n[Verse 1: Bankroll Freddie]\nOh boy that ass looking juicy, huh (Ooh)\nHit from the back, she gon' toot it, huh\nThen I take her to the movies, huh (Movies)\nThen to the room, the jacuzzi, huh (Jacuzzi)\nBaby I like how you move it, huh (Move it)\nShe get so wet like jacuzzi, huh (Woo)\nShe ride the dick like Suzuki, huh\nShe ride the dick like Suzuki, huh\nI see you twerking that booty, huh\nI wanna see you gon' twerk, huh (Twerk)\nI wanna see how you work, huh (Work)\nImma put you on a perc (Percie)\nNigga the room go berzerk, huh (Pow)\nDive in that pussy and surf, huh (Surf)\nDive in that pussy and surf, huh (Surfing)\nLil mama know I'm a flirt\n\n[Chorus: Bankroll Freddie & Renni Rucci]\nLil mama bad and I want her (Come here)\nOh yeah I like her persona (I like that)\nShe get that ass from her momma (That ass)\nShe get that clap from her momma (Shout out momma)\nI hope that she know that I want it (I want you)\nShe get with me, she a [gunner ?]\nLil mama bad and I want her (She bad)\nLil mama bad and I want her (Uh)\n\n[Verse 2: Renni Rucci]\nI heard that boy Freddie want Rucci (Renni)\nTold him I need that new Louis (Bag)\nI knock him out like a roofie (Woo)\nPut this pussy on his head like a kufi\nPopping my shit and he love how I do it\nHe got them bills and he know how I move it\nCrazy top, yeah he love when I lose it\nIf you want the baddest then you gotta choose it\nHe love me 'cause I'm bad, bougie and ghetto\nNeed me a nigga that work with his elbow\nPlay with the pussy like Tickle Me Elmo\nThese old bitches watching, tell them hoes: \"hello\" (Hello, hello)\nNow let me show you how a real bitch do it\nI got game, I'm true to it\nDior frames, you can see right through it\nNigga brought me a bag, I blew right through it (Through it)\n\n[Chorus: Bankroll Freddie]\nLil mama bad and I want her (Come here)\nOh yeah I like her persona (I like that)\nShe get that ass from her momma (That ass)\nShe get that clap from her momma (Shout out momma)\nI hope that she know that I want it (I want you)\nShe get with me, she a [gunner ?]\nLil mama bad and I want her (She bad)\nLil mama bad and I want her (You bad)", "image": "https://images.genius.com/eaca0548962966518bd18550344d8f6b.1000x1000x1.jpg"}], "artist": "Bankroll Freddie"}