{"songs": [{"title": "Talk My Shyt", "album": "Summer 19'", "year": "2019-10-09", "lyrics": "Yung nigga gettin to the bread thats easy\nI can't let this shit get to my\u2005head\u2005that easy\nAnd i\u2005dont give a fuck what they\u2005said they dont feed me\nIf u ain't makin more than 6 figures you can\u2019t teach me\n\nAnd niggas like to hate but i know they\u2019d love to be me\nWhite coupe shape on the highway speedin\nAnd hoes trynna get a piece babygirl u reachin\nSay u should be the one give me one good reason, meaning\n\nSaid stop it\nGirl you ain't really down you be hoppin\nI know you got alotta other options\nBut I\u2019m the one that\u2019s poppin\nSo you was trynna fuck me for the profit\nGirl you should know that that ain\u2019t how I\u2019m rockin\n\nAnd I ain\u2019t even got time to smash I collect\nSee now days I could never pass up a check\nAnd you ignorin me in the past not a flex\nEspecially if I only hit yo ass for the sex\n\n(Hook)\nBack then I was on my shit\nYou ain\u2019t pay no mind get up off my dick\nRappin got me bossed up quick\nI might buy that twice just to floss my drip\nStacked up and I bought my whip\nSwitchin lanes no stops almost lost my grip\nCame up niggas mad than a bitch\nLong as I\u2019m on top ima talk my shyt\n\n(2nd Verse)\nAnd niggas mad than a bitch\nI came in started handlin shit\nI remember when I couldn\u2019t handle a strip\nNow I step in Louis Vuitton sandals n shit\n\nI don\u2019t flex much I be keepin bands on the low\nI don\u2019t text much nigga can\u2019t be playin with a hoe\nGot em stressed out\nThey know I\u2019m the best out\nLike it\u2019s self check out\nWent and got the bag on my own\n\nHeard all type of plots but you not with the work\nWhen I drop it get hot you can\u2019t cop you a verse\nAnd my spot gettin locked you can\u2019t stop in my turf\nFuck a top charts nigga this a bop that's for sure\n\nI was waitin for a ride on the curb\nNow every beat dat a nigga ride ima slide ima swerve\nAnd it\u2019s fuck what you heard\nLeave it up for da birds\nNiggas talkin all day but ain\u2019t touchin a nerve\n\n(Hook)\n\nBack then I was on my shit\nYou ain\u2019t pay no mind get up off my dick\nRappin got me bossed up quick\nI might buy that twice just to floss my drip\nStacked up and I bought my whip\nSwitchin lanes no stops almost lost my grip\nCame up niggas mad than a bitch\nLong as I\u2019m on top ima talk my shyt", "image": "https://images.genius.com/ce34063618279dbcf7b0785eb64e8def.345x345x1.jpg"}], "artist": "Aaron May"}