{"songs": [{"title": "Mama", "album": "EE2", "year": "2019-08-09", "lyrics": "[Intro: Banx & Ranx]\nBanx and Ranx\n\n[Chorus: Ella Eyre]\nBoy, I'm telling yo mama\nYo mama\nShe don't know about what you done\nWhat you done\nDon't be acting like you dumb\nLike you dumb\nI'm telling yo mama\nYo mama\n\n[Verse 1: Ella Eyre]\nNaughty pictures on your phone\nGirls you say that you don't know\nOnly loyal to yourself, got no love for no one else\nThat's not how you were brought up, oh (Yeah)\n\n[Pre-Chorus: Ella Eyre]\nYou used to be so amazing\nBut you got good at faking (Woah, woah)\nI'm not your only baby\nWho do you think you're playin', oh\n\n[Chorus: Ella Eyre]\nBoy, I'm telling yo mama\nYo mama\nShe don't know about what you done\nWhat you done\nDon't be acting like you dumb\nLike you dumb\nI'm telling yo mama\nYo mama, a, a\n\n[Verse 2: Ella Eyre]\nWhy'd you go and put me through that?\nYou do me like Judas\nYou think I'm a fool-ah\nShould've left you sooner\nI know you've been telling lies\nWhen your family asking why\nIt's like I never knew ya\nThought you wouldn't do that, do that, do that\n\n[Pre-Chorus: Ella Eyre, Kiana Led\u00e9]\nYou used to be so amazing\nBut you got good at faking, yeah, yeah, yeah (Woah, woah)\nI'm not your only baby\nWho do you think you're playin', oh\nHey!\n\n[Chorus: Ella Eyre]\nBoy, I'm telling yo mama\nYo mama\nShe don't know about what you done (She don't know, she don''t know)\nWhat you done\nDon't be acting like you dumb\nLike you dumb\nI'm telling yo mama\nYo mama, a, a\n\n[Bridge: Kiana Led\u00e9]\nIf she knew what you're hiding\nIt would be so surprising\nShe gon' wipe off your smile and\nI don't think you'll survive it\nYou like how it ended\nAin't no misunderstanding\nYou've been out here trying\nHa, o na, o na, o na\n\n[Pre-Chorus: Ella Eyre, Kiana Led\u00e9]\nYou used to be so amazing\nBut you got good at faking, yeah yeah yeah (Woah, woah)\nI'm not your only baby\nWho do you think you're playin'?\nYeah!\n\n[Chorus: Ella Eyre & Kiana Led\u00e9]\nBoy, I'm telling yo mama\nYo mama\nShe don't know about what you done\nWhat you done\nDon't be acting like you dumb (don't be, don't be, don't be)\nLike you dumb\nI'm telling yo mama\nYo mama, a, a\n(You know I'm telling yo mama, yeah\nA, a, telling yo mama)\n\n[Outro: Ella Eyre]\nBoy, I'm telling yo mama\nYo mama\nShe don't know about what you've done\nWhat you've done", "image": "https://images.genius.com/28c8b82e3d0358f7479a01e2a404099f.1000x1000x1.png"}], "artist": "Ella Eyre & Banx & Ranx"}