{"songs": [{"title": "These Guys", "album": "The Vision ", "year": "2017-03-18", "lyrics": "[Verse 1]\nI make grime, I ain't in no scene\nMan know my circle, that's my team\nIf you ain't them more time you can fuck off\nMan don't care about a next man's dream\nI'mma do this thing 'til I'm old\n'Til I surpass hundred thousand sold\nTold my manager fuck this job\nI'mma take my chance on the road\nAbout minimum wage if you heard what I do to a track\nFam, man've gone mad\nI'd rather live my life broke and free than trapped in minimal tabs\nSix pounds twenty and living in London that math there's gonna get man jabbed\nShould've took back my CV, I told my man suck his gran with lag\nI spent years unhappy tryna make people happy and that can't run\nMan think life is a joke 'til man disappear, fam, that shit buns\nMy nan died at sixty, cancer, never smoked cigarettes once\nYou never know when it's your turn, don't get sent to the shop by punks\n\n[Hook]\nI just do my thing more time I don't care about none of these guys\nLabels, A&R's, fam, I don't care about none of these guys\nWhen I started as Blay, fam, I didn't care about none of these guys\nI know man that've made it and they don't care about none of these guys\nI just do my thing more time I don't care about none of these guys\nLabels, A&R's, fam, I don't care about none of these guys\nWhen I started as Blay, fam, I didn't care about none of these guys\nI know man that've made it and they don't care about none of these guys\n\n[Verse 2]\nI see MC's talking 'bout getting through the door\nThere ain't no door, there ain't no queue\nThere ain't no line, man needs to shut up up and start this grind\nTell me I'm lyin', tell me I'm chattin'\nTell me the last EP weren't packing\nTell me when you hear me on the radio set saying \"moving now\" that the DJ there don't jack him\nThem man are slacking, them man are waste\nCan't keep up I can see it in their face\nDon't like music, they're here for the fame\nWindow man won't last in the game\nThey'll shoot himself, bun waste in the aim\nWhen I touchdown man know I ain't playin'\nIf I ain't a G in this thing, who is?\nPeople's you said man insane\n\n[Hook]\nI just do my thing more time I don't care about none of these guys\nLabels, A&R's, fam, I don't care about none of these guys\nWhen I started as Blay, fam, I didn't care about none of these guys\nI know man that've made it and they don't care about none of these guys\nI just do my thing more time I don't care about none of these guys\nLabels, A&R's, fam, I don't care about none of these guys\nWhen I started as Blay, fam, I didn't care about none of these guys\nI know man that've made it and they don't care about none of these guys\n\n[Outro]\nYeah, none of them, trust me\nCare 'bout no label\nShout out all the mandem doing their thing, bruv\nWhether it's a bedroom studio, a big studio\nGet your voice out there, do your thing my brother\nPowers in the people bruv fuck all these..\nAll these suits tryna tell you what to do\nFuck that playlist, let's fuck all of that shit\nDo your thing\nBrothers", "image": "https://images.genius.com/a804c50d8f22d768345f3576554fe775.1000x1000x1.jpg"}], "artist": "Blay Vision"}