{"songs": [{"title": "No Cap", "album": "83 Babies", "year": "2018-07-04", "lyrics": "[Intro: Lil Tony]\nNoisy Jay\nShoutout Noisy Jay man\nReal 83 Babies\nI really sit in the trap\nI'm really servin' the packs\nI'm really movin' like that\n\n\n[Chorus: Setitoff83]\nIt ain't no cap in my rap\nI really sit in the trap\nI'm really servin' the packs\nI'm really movin' like that\nIt ain't no cap in my rap\nYoung nigga run up the racks\nThey know we don't fuck with no rats\nSo I don't fuck with them cats\nIt ain't no cap in my rap\n\n\n[Verse 1: Setitoff83]\nI don't fuck with y'all niggas, see me in the club, don't speak, don't ask for no dap\nJust me and the gang and some [?]\nY'all know where to find me, y\u2019all know I ain't hiding, man y'all niggas know where I'm at\nTrying to stop a 12 hundred, that's a wrap, walk down on his whip, leave his face in his lap\nMan y'all know I'm movin' like that\nI ain't with none of the cap shit, speak when you alone, but when we in deep bitch I ain't with none of that act shit\nDon't want smoke in the streets but want the IG beef, man I ain't with none of that rat shit\nNah I ain't with none that rat shit, if I say I'm coming, I'm coming to smack shit\n\n\n[Chorus: Setitoff83]\nIt ain't no cap in my rap\nI really sit in the trap\nI'm really servin' the packs\nI'm really movin' like that\nIt ain't no cap in my rap\nYoung nigga run up the racks\nThey know we don't fuck with no rats\nSo I don't fuck with them cats\nIt ain't no cap in my rap\n\n\n[Verse 2: Lil Tony]\nNo cap in my rap, I put the shells in your cap\nI really stay in the trap, ain't cuffin' that hoe I know she a nat\nFuck that lil hoe, she don't swallow\nI'm servin' bags of gelato\nI got the plug in [?]\nYou know we countin' up dollars\nStarted with a 28, now I got a 448\nI'm like a fat boy, how I get to the cake\nI'm tryna [?] to a wraith, yeah\nMe and Setitoff run it up\nNiggas already know wassup\nYeah you know that we're poured up\nTrap jumpin' like double-dutch\nNo cap nigga\n\n\n[Chorus: Setitoff83]\nI really sit in the trap\nI'm really servin' the packs\nI'm really movin' like that\nIt ain't no cap in my rap\nYoung nigga run up the racks\nThey know we don't fuck with no rats\nSo I don't fuck with them cats\nIt ain't no cap in my rap", "image": "https://images.genius.com/a147ee67a3082cfaad628d48d6cb1d62.640x640x1.jpg"}], "artist": "83 Babies"}