{"songs": [{"title": "So Fine", "album": null, "year": "2018-05-24", "lyrics": "[Intro: Haile]\nI do the dance for ya'\nRun it up fast for ya'\nI'll be the man for ya'\nDo what I can for ya'\nAin't coming last for ya'\nRun it up fast for ya'\nI do the dance for ya'\nRun it up, run it up (woo)\n\n[Chorus: Haile]\nI be so, so fine, with this shit (so, so fine)\nHad to run a mile on that bitch (run a mile)\nOh, you know it is, what it is, yeah (what it is!)\nI got magic, watch me do the drip (woo-oo-oo)\nWe got the models and the Cristal\nFlexing on you niggas, 'cause we rich now (woo-oo-oo)\nWe got the models and the Cristal\nFlexing on you niggas, 'cause we rich now\n\n[Verse 1: Avelino]\n(Uh), Big Amounts\nHow'm I gonna get these figures? Shit to figure out\nNever got a look in, I just had to listen out\nIf all he's got for me's an ounce of B, then tell that nigga bounce\n'Cause when shit was tough, I was tough as shit, for the fun of it\nNow my undercover lover, loves me for the coverage\nI made drinks, could've built a pub, with the publishing\nBut I'm tryna build an empire, whilst you're watching it (yeah)\nI mind my business on my own\nIronically I got a company, that's with my bros\nAnd there's tonnes of women, that's relationship goals\nI'm still soul-searching, that's why I don't trust a soul, I'm a lone wolf\nMake her drop her top, I've got no roof\nWhen I pull up on her in the winter, I'm a cold yout'\nWhere do you go to? When you're that go to nigga\nI'ma go from selling O's, to the O2, (woo) yeah\n\n[Chorus: Haile]\nI be so, so fine, with this shit (so, so fine)\nHad to run a mile on that bitch (run a mile)\nOh, you know it is, what it is, yeah (what it is!)\nI got magic, watch me do the drip (woo-oo-oo)\nWe got the models and the Cristal\nFlexing on you niggas, 'cause we rich now (woo-oo-oo)\nWe got the models and the Cristal\nFlexing on you niggas, 'cause we rich now\n\n[Verse 2: Avelino]\nI remember having nothing\nI still speak about the bottom\nI'm the topic of discussion, oh (yeah)\nStill having fun, at the functions\nI impress her, then I press her, listening to touch ah button\nI'm so fresh, so clean, drinking til' I'm lean, no promethazine\nCash rules everything around me, they don't get no cream\nI just handled mamas rent, so no rental please\nBut I might just go and put my Barbie in some Kenzo jeans\nThis life never chose me, it's the life I chose\nWe just made a killing, could've died I know\nMy calling was so instrumental, xylophone\nCould've left with keys, but we left on a higher note\nYeah, I've been a sinner\nBut I gave my all, I pray my lord is a forgiver\nNow I got tears of joy, crying me a river\nI just hit the lick, and now a niggas drowning in some liquor\nOh yeah\n\n[Chorus: Haile]\nI be so, so fine, with this shit (so, so fine)\nHad to run a mile on that bitch (run a mile)\nOh, you know it is, what it is, yeah (what it is!)\nI got magic, watch me do the drip (woo-oo-oo)\nWe got the models and the cristal\nFlexing on you niggas, 'cause we rich now (woo-oo-oo)\nWe got the models and the cristal\nFlexing on you niggas, 'cause we rich now", "image": "https://images.genius.com/b9b68584b9f369803023d18d369ec7f5.640x640x1.jpg"}], "artist": "Avelino"}