{"songs": [{"title": "99 Pace", "album": "Turner Ave.", "year": "2016-02-01", "lyrics": "[Intro]\nYeah\nDun know the Blay\nManna on form yeah manna on form\n99 Pace, truss me\nUhh\n\n[Verse 1]\nI've punched man up for less\nI've punched man up for less than that\nMan wanna come invest in chat\nNo, protect your chest and back\nCame in the room on a rudeboy ting\nNow man are searching for teeth and manners\nThese likkle yutes ain't beating hammers\nYou're not bad, you'll get slapped and dragged\nYou'll get tagged and bagged\nRaise that hand get nabbed\nYour mandem will all hold jabs\nDon't try flex on man\nI'll suplex your nan\nWhen I come tru man know it's gang\nVision Gang\nManna on form\nManna get gyal like manna on tour\nSend 'dem to the mandem gyal man are not sore\n\n[Chorus]\nI jump on the beat it's a madting (hey)\nI've come a long way from sitting in my yard and topping up wraps with Aspirin (hey)\nI make beats and turn man's gyal into freaks fam I don't even know what's happening (hey)\nDiss me on a why not ting and get your head blown off man thought I was acting (hey)\nMandem thought I was acting (ayy)\nMan can't fuck with the Vision like (ayy)\nMan diss me go missing like (ayy)\nMan can't fuck with the Vision like (ayy)\nMan diss me go missing like (ayy)\nMan can't fuck with the Vision like (ayy)\nMan diss me go missing like (ayy)\nMan can't fuck with the Vision like (ayy)\nMan diss me go missing like (ayy)\n\n[Verse 2]\nMan better know who I am\nMan chat shit get banged\nI'll throw the roach of my zoot in your baby's pram\nI'm direct provoking man\nI've got 16 bars head scoping man, choking man\nWhen I'm on set you can't breathe 16's are exposing man\nWe see the bitch in you and\nYou are the bitch in view\nRaise that hand hold stitches too\nThe way that I move you would think it's juj\nMan are glitchin' (sheen)\nRipped in two tell your bredrin don't be victims too\nYou're just a prick with views\nI am a prick with food I'll send man's cats to your yard on B\nScars on fleek, they will take man's soul with ease\n\n[Chorus]\nI jump on the beat it's a madting (hey)\nI've come a long way from sitting in my yard and topping up wraps with Aspirin (hey)\nI make beats and turn man's gyal into freaks fam I don't even know what's happening (hey)\nDiss me on a why not ting and get your head blown off man thought I was acting (hey)\nMandem thought I was acting (ayy)\nMan can't fuck with the Vision like (ayy)\nMan diss me go missing like (ayy)\nMan can't fuck with the Vision like (ayy)\nMan diss me go missing like (ayy)\nMan can't fuck with the Vision like (ayy)\nMan diss me go missing like (ayy)\nMan can't fuck with the Vision like (ayy)\nMan diss me go missing like (ayy)\n\n[Outro]\nSkeen\nDun know the Blay\nDun know the Blay\nYeah", "image": "https://images.genius.com/db9a50c8cf02267952e0d97565cdec3f.600x600x1.jpg"}], "artist": "Blay Vision"}