{"songs": [{"title": "Breathe", "album": "Head In The Clouds II", "year": "2019-09-12", "lyrics": "[Verse: Joji]\nYou found the best of me inside your feelings\nThe worst of me was waiting for that evening (Evening)\nIt's just me these days, I can't say I'm great\nI can't stop seein' your face on all these ceilings (Ceilings)\nYou saved me for the last time, I'm alright (I'm alright, I'm alright)\nI'll find somebody else to watch me die (Watch me die, watch me die)\nSomebody I can push away and reel back in\nLike the bait that I am, I am\n\n[Chorus: Joji]\nSo let me know, let me know when we gonna find the time (The time, the time)\nSo let me know, let me know when I get a little bit wise\nIf you hear me count to four\nSedate me 'til I'm normal\n\n[Bridge: Joji]\nWon't you be a darling, feel my rage\nMake me feel fantastic, broke my cage\nHold my breath, until you call my name, again\nI can't say what's on your mind but I know we think the same (The same)\n\n[Outro: Joji]\nSo let me know, let me know when we gonna find the time\nSo let me know, let me know when I get a little bit wise\nIf you hear me count to four\nSedate me 'til I'm normal", "image": "https://images.genius.com/b105e5df08eaf5b8f7aa7b038c72e937.440x440x1.jpg"}], "artist": "88rising, Joji & Don Krez"}