{"songs": [{"title": "Joy", "album": "Blackstreet", "year": "1995-03-21", "lyrics": "[Produced By Teddy Riley]\n\nCan't forget the day\nThat you walked into my Life\nIt was just the kind of thing\nThat was so right on time\n\nAfter all the love changes\nMy heart had locked the door\nThen that girl released her magic\nAnd made me love once more\n\n(ooohooohhoo)\n\nLike the warm rays of the sun\nHer sweet love can shine down on me\n\n(ohhhhohhha)\n\nAll at once turned my life around\nAnd with one kiss she set me free\n\n(Chorus)\nShe's giving me Joy, Joy, Joy\nThat girl she brings me Joy\n\nShe's giving me Joy, Joy, Joy\nThat girl she brings me Joy\n\nGoodbye Loneliness\nAnd so long to my heartache\nNow that Joy has taken over\nAnd decided to stay\n\nHer love lifts me up\nLike no other love before\nWith every beat of my heart\nI'm Hold...Holding on... heyayyayy\n\nJust look what she's done for me\nShe's erased all the sadness away\nI could never repay the deed\nCause she keeps lovin me more and more\n\n(Chorus)\nShe's giving me Joy, Joy, Joy\nThat girl she brings me Joy\n\nShe's giving me Joy, Joy, Joy\nAnd she brings me Joy\nShe's giving me\n\n(check one, check two\nCan't hold back I'm in love with u)\n\n(check one, check two\nThere's nothing in the world\nThat I would'nt do for you)\n\n(check one, check two\nI can't hold back I'm in love with u)\n\n(check one, check two\nThere's nothing in the world\nThat I would'nt do for you)\n\n(Chorus)\nThat girl she's giving me Joy, Joy, Joy\n(I love the way she loves me)\nShe brings me Joy\n\nShe's giving me Joy, Joy, Joy\n(a little bit of lovin darling)\n\n(Improv)\nSaid I love it baby\nOhh girl....I love the joy she brings me\nShe brings me joy, She brings me joy\nSaid I love it when you lovin me baby\nOhh girl\nYou got me where you want me baby\nYeahhhhhh\n\nGirl your my Joy\n(check one, check two\nI Can't hold back I'm in love with u)\n\nGirl your my Joy\n(check one, check two\nThere's nothing in the world\nThat I would'nt do for you)\n\nAll my kings sing\n(check one, check two\nI can't hold back I'm in love with u)\n\nAll my loving\n(check one, check two\nI can't hold back I'm in love with u)\n\nGirl your my Joyyyyy!!!!", "image": "https://images.genius.com/b2874c9e074e1dfcade573cd993b798e.599x462x1.jpg"}], "artist": "Blackstreet"}