{"songs": [{"title": "Baking", "album": null, "year": "2016-06-04", "lyrics": "[Hook: Swiss]\nWe're still hot so we're keepin' it baking\nStill going ham and we're keeping it baking\nNo pork but we're keeping it baking\nOpen the oven door and put the cake in\nDon't let it burn, don't let it burn\nWe're from the street, don't let it burn\nWe gotta eat, don't let it burn\nNothin' comes free, we gotta earn\n\n[Verse 1: Swiss]\nWiley said Grime started from Oh No\nHe's just keepin' it 1-0-0\nIt's no secret but some don't know\nPlanted the seed with the London flow\nNuttin' ain't changed, please take note\nNuttin' ain't changed, we make clothes\nShe send fees like a fashion show\nPlease say cheese, put the flash on phones\nLet your gyal all pose\nAnd your man all froze\nBut that's that gloat and we gas up shows\nSo Solid chains, platinum stones\nWe're still kings cuh we sat on thrones\nCuh we sat on thrones, [?]\nIn the front Swiss, Mega in the backseat grown\nStill got the gold plats, same color as a saxophone\n\n[Hook: Swiss]\nWe're still hot so we're keepin' it baking\nStill going ham and we're keeping it baking\nNo pork but we're keeping it baking\nOpen the oven door and put the cake in\nDon't let it burn, don't let it burn\nWe're from the street, don't let it burn\nWe gotta eat, don't let it burn\nNothin' comes free, we gotta earn\n\n[Verse 2: Asher D]\nThe neck boys gross\nCheck my post\nToo much for the belly, like we all like toast\nCoast to coast, [?] hosted the most\nIf you can't hear then you're deaf like most\nThe supportive was a joke like we ain't close\nIf you don't know my face you're ghost\nForget the [?] to the life I chose\n[?] figures [?] all them Os\nMake a decision, like you're with it or opposed\n[?] I'm gonna make a killin' on the roads\nMillions sold, money and gold\nMoney exposure, money in bold\n[?] green brudda we like [?]\nMoney in keys so you can see high note\nStill got the gold plats, same color as a saxophone\n\n[Hook: Swiss]\nWe're still hot so we're keepin' it baking\nStill going ham and we're keeping it baking\nNo pork but we're keeping it baking\nOpen the oven door and put the cake in\nDon't let it burn, don't let it burn\nWe're from the street, don't let it burn\nWe gotta eat, don't let it burn\nNothin' comes free, we gotta earn\n\n[Verse 3: Megaman]\nThey so flow, back with my mojo so-so\nBad bitch, she put the pussy on pofo\nYea and we [?]\nSo Solid never seen me in another zone\nKing foul [?] a minute ago\nThey say they never see me come but they see me go\nOh no we gettin' money at our base [?]\nFind a hustler and never get the waste sold\nGet the waste sold, or your waste sold\nCheese send feast whippin' up a case load\n[?]\nThere's so many concern but I'm [?]\nSo let it all go\nThey can never settle my [?] that's [?]\nAnd now I'm gettin' contracts on the [?]\nOr Tinco, Porto, Monaco\n\n[Hook: Swiss]\nWe're still hot so we're keepin' it baking\nStill going ham and we're keeping it baking\nNo pork but we're keeping it baking\nOpen the oven door and put the cake in\nDon't let it burn, don't let it burn\nWe're from the street, don't let it burn\nWe gotta eat, don't let it burn\nNothin' comes free, we gotta earn", "image": "https://images.genius.com/7f3ed7ce5f729ffa74739ac63ee01886.500x500x1.jpg"}], "artist": "So Solid Crew"}