{"songs": [{"title": "Squeeze", "album": "Seasons ", "year": "2018-05-04", "lyrics": "[Verse 1]\nYou know I been watchin' you grow\nKeep to yourself know you de pon road\nConfidence I see it inna yuh walk\nLove the patois yeah the way how you talk\nAnd yuh shape nice, yeah\nYou have education\nHumble with the money that you makin'\nSexy, have man neck breakin', yeah\n\n[Pre-Chorus]\nGyal a weh yuh find da suttin deh\nYou make mi wan fi hold yuh tight and squeeze\nGyal a weh yuh find da suttin deh\nLet me squeeze, squeeze, squeeze pon you\n\n[Chorus]\nI can't get enough of you\nHold you tight, love you\nAlways want you inna my world\nSqueeze, squeeze, squeeze pon you\nI can't get enough of you\nJust do you right, love you\nI can't get enough of you\nSqueeze, squeeze, squeeze\n\n[Verse 2]\nJust come closer\nTeach you how fi whine girl over and over\nPush back your bumper\nGive me your phone right now, let me drop ya my number\nI am the one you wanted to see\nI am the guy you see inna ya dreams\nGood vibes alone no aggression\nBaby can I ask you a question?\n\n[Pre-Chorus]\nGyal a weh yuh find da suttin deh\nYou make mi wan fi hold yuh tight and squeeze\nGyal a weh yuh find da suttin deh\nLet me squeeze, squeeze, squeeze pon you\n\n[Chorus]\nI can't get enough of you\nHold you tight, love you\nAlways want you inna my world\nSqueeze, squeeze, squeeze pon you\nI can't get enough of you\nJust do you right, love you\nI can't get enough of you\nSqueeze, squeeze, squeeze\n\n[Verse 3]\nI see it in your eyes\nYou never met one this fly\nYou wanna love pon this guy\nSo baby girl don't be shy\nEven when yuh friend dem say no\nTell dem fi move don't mess up the flow\nOnly one night, let's dance girl please, yeah\nLet me squeeze, squeeze, squeeze pon you\n\n[Chorus]\nI can't get enough of you\nHold you tight, love you\nAlways want you inna my world\nSqueeze, squeeze, squeeze pon you\nI can't get enough of you\nJust do you right, love you\nI can't get enough of you\nSqueeze, squeeze, squeeze\nSqueeze, squeeze, squeeze\n\n[Outro]\nLet me squeeze, squeeze, squeeze", "image": "https://images.genius.com/eeaacf7818d953eba024c70b33351a80.1000x1000x1.jpg"}], "artist": "Tyrell 169"}