{"songs": [{"title": "Badaboom", "album": "You Got Served: Music from the Motion Picture", "year": null, "lyrics": "[Intro - Marques Houston] + (Fabolous)\nYea, yea, yea\n(It's B2K) It's B2K ya'll\nWelcome ladies and gentlemen (Uh-huh, uh)\nYes, to the You Got Served Soundtrack (Street Family)\nYea, we about to do this\nYou know how we get down\nOh Yea, you know dat\nCome on, Omarion hit 'em wit it\n\n[Verse 1 - Omarion]\nLike whoa, you know\nGirl you're the star of my show\nIn this club, poppin bub\nThe way you shakin deservin some dubs\nTurn around, make it bounce\nShake it like you come from out of town\nWhat's yo name, what's yo sign\nGirl you leavin with me tonight\n\n[Hook - B2K]\nMami shake it like you care for me\nYou know I like it when you do that little dance for me\nMami I'm just tryna get you in my room\nAnd see that big bada-bing go bada-boom\nMami shake it like you care for me\nYou know I like it when you do that little dance for me\nMami I'm just tryna get you in my room\nAnd see that big bada-bing go bada-boom\n\n[Verse 2 - Omarion]\nThis one, I seen\nCouldn't believe the ass in them jeans\nTo myself, had to think\nAny room for me up in them jeans\nGhetto star, you are\nEat you up like a chocolate bar\nWhat's yo name, what's yo sign?\nDamn you got me weeping inside\n\n[Hook]\n\n[Verse 3 - Fabolous]\nI wanna see ya bada-bing go bada-boom\nAnd my house got a wing, with a lotta rooms\nI can do a lotta things, get you hot as June\nI wanna watch ya body swing, to the hottest grooves\nI'm tryna slide behind it, when you throw it 'round\nSo I can ride and grind it, when you slow it down\nBring it from the top, then take it to the bottom\nI'm clingin to ya top, tryna make it to ya oh\nThe way you move is fab-o-losa\nIt makes me wanna grab you closa\nYou know I like it when ya (Bounce! Bounce!)\nThrow ya hands up and ya (Bounce! Bounce!)\nI don't back down, when I'm pressin ya\nI'm finna \"Lay the smack down\" like the wrestler\nBut nobody get it to poppin like this man can\nHave them girls, get it to poppin on a handstand, ghetto\n\n[Hook x2.5]\n\n[Outro - B2K]\nLa la la la la\nB2K, Fab\nT-Scott\nOh yea Chris Stoke I see you boy\nAnd oh yea, Dave Mack\nLet's do dis again\nYea {*laughs*}\nT.U.G. {*hums*}\nMmmmmm bada-boom", "image": "https://images.genius.com/0bc7a2781fd849cab18b81cd54554581.500x500x1.jpg"}], "artist": "B2K"}