{"songs": [{"title": "Yamborghini High", "album": "Cozy Tapes, Vol. 1: Friends-", "year": "2016-05-11", "lyrics": "[Intro: A$AP Rocky + Juicy J]\nYeah, yeah I'm, y'all know what it is\nYeah I'm, yeah I'm, (Shut the fuck up) yeah I'm, yeah I'm, yeah I'm\nYeah I'm\n\n[Chorus: A$AP Rocky & Juicy J]\nYamborghini-high, Lambo by the crib\nThis is how it is, yeah, these niggas fake\nNo, we can't relate\nYamborghini-high, Lambo by the crib\nThis is how it is, this is how we live\nBitches, bitches, bitches, bitches (You know it)\nYamborghini-high, Lambo by the crib\nThis is how it is, yeah, these niggas fake\nNo, we can't relate (We do it)\nYamborghini-high, Lambo by the crib\nThis is how it is, this is how we live\nBitches, bitches, bitches, bitches\n\n[Verse 1: A$AP Rocky & Juicy J]\nYeah, I'm gettin' cake, yeah, it's no debate\nYeah, I fornicate with foreign hoes that I date, like, every day\nYeah, I rock the Raf, yeah, I bought the Wraith\nYeah, I'm out of state, yeah, I like to race\nYeah I'm, yeah I'm, yeah I'm, yeah I'm, yeah (You know it)\nI wake up late, yeah, I'm out of shape, yeah, I'm eatin' cr\u00eapes\nYeah, I'm sippin' wine, yeah, she feed me grapes (Grapes)\nShe make no mistakes, me make no complaints\nI love how she think she graduated with that brain\nShe go to\u2026\n\n[Chorus: A$AP Rocky & Juicy J]\nYamborghini-high, Lambo by the crib\nThis is how it is, yeah, these niggas fake\nNo, we can't relate\nYamborghini-high, Lambo by the crib\nThis is how it is, this is how we live\nBitches, bitches, bitches, bitches\nYamborghini-high, Lambo by the crib\nThis is how it is, yeah, these niggas fake\nNo, we can't relate (You know it)\nYamborghini-high, Lambo by the crib\nThis is how it is, this is how we live\nBitches, bitches, bitches, bitches (Shut the fuck up)\n\n[Verse 2: A$AP Nast]\nTool on my waist, shades on my face\nMoney in the bank, make no mistake\nNast does it great\nYeah, hoes wanna fuck, car parked out front\n7:45 on the fuckin' dot, your bitch down to ride\nLeavin' wit' me 'cause I'm a G\nMade in the streets, rep for the streets\nSo I keep a piece\nNiggas try to front, act if he want\nAct like he tough, end up in a box layin' on the side\n\n[Chorus: A$AP Rocky & Juicy J]\nYamborghini-high, Lambo by the crib\nThis is how it is, yeah, these niggas fake\nNo, we can't relate\nYamborghini-high, Lambo by the crib\nThis is how it is, this is how we live\nBitches, bitches, bitches, bitches (Bitches)\nYamborghini-high, Lambo by the crib\nThis is how it is, yeah, these niggas fake\nNo, we can't relate\nYamborghini-high, Lambo by the crib\nThis is how it is, this is how we live\nBitches, bitches, bitches, bitches\n\n[Verse 3: A$AP Ant]\nMy mama told me, \"Save that money\u2014bank accounts\u2014don't spend that bread.\"\nCash out on new necklaces, 14 karat bracelet\nDibble dabble with the lean\nHi-Tech with the cream soda\nAs I whipped the yola\nLambo red, Coca Cola\nMy bros, Cosa Nostra\nRidin' on a speedboat\nShe suckin', lickin', deep-throat\nRey Mysterio\nWhen I'm jumpin' off the top rope\nBanana clip with the scope\nWearin' all white\nLike I'm the mothafuckin' pope\n\n[Verse 4: A$AP Ferg]\nI'm on a Yamborghini high, flyin' high through the sky, hey yo\nYammy's vision got us rich, catch a nigga flyin' by in a Lambo\nSippin' the Henny got me gone, now I'm gettin' in my zone, hey yo\nR.I.P. to my nigga, the gallon goin' to my dome, hey yo\nThis how it feel to be rich, fuckin' bitches in the mix, yeah\nWhere the chiquitas is at? Yamborghini with the shits, yeah\nLil Newport lit, Young Lord with the shits, yeah\nI ain't with the game, bitch, she blow my cartridge, yeah\nMy Jewelry glistening why I\u2019m always chilly\nCan't believe a nigga made a couple milli'\n'Bout to cop the house way up in the hillies\nWith a bad bitch in the Bentley\nWood grain with the roof gone\nMake a bitch fold like a futon\nGettin' bread like a crouton\nTell me what the fuck is you on\n\n[Chorus: A$AP Rocky & Juicy J]\nYamborghini-high, Lambo by the crib\nThis is how it is, yeah, these niggas fake\nNo, we can't relate (You know it)\nYamborghini-high, Lambo by the crib\nThis is how it is, this is how we live\nBitches, bitches, bitches, bitches\nYamborghini-high, Lambo by the crib\nThis is how it is, yeah, these niggas fake (Ayy, ayy, ayy, ayy, ayy, ayy, ayy)\nNo, we can't relate\nYamborghini-high, Lambo by the crib\nThis is how it is, this is how we live\nBitches, bitches, bitches, bitches\n\n[Bridge: A$AP Twelvyy]\nOG, nigga keep it low key\nCoolin' in the low ride\nTourin' with the Rollies\nRollin', chiefin' OG\nDamn I got the smoke right\nLet you get the floor seats\nForeign hoes, foreign freaks, all that on the boat trip\nNigga I'm an OG\nGotta it for the dope fiends, product of the dope game\n\n[Outro]\nKushed out, leaned out, know what I'm talkin' 'bout\nKushed out, leaned out, know what I'm talkin' 'bout\nKushed out, leaned out, know what I'm talkin' 'bout\nKushed out, leaned out, know what I'm talkin' 'bout\nKushed out, leaned out, know what I'm talkin' 'bout\nKushed out, leaned out, know what I'm talkin' 'bout\nKushed out, leaned out, know what I'm talkin' 'bout\nKushed out, leaned out, know what I'm talkin' 'bout", "image": "https://images.genius.com/db5946fe8b1bc0b129eb26284934f4d8.1000x1000x1.jpg"}], "artist": "A$AP Mob"}