{"songs": [{"title": "Got Me", "album": "Revenge of the Dreamers III", "year": "2019-06-12", "lyrics": "[Verse 1: Ty Dolla $ign]\nNow do you wanna know what I'm thinking right now?\nSwerving down Pico, girl, I'm coming right now\nI'm obnoxious, I'm sorry\nTouch it soft but I like it rough too\nWe done done enough talkin'\nTake your time, let you do what you do\nCall me when you're lonely\nCall me when you need somebody\nYou do it for your man and not just anybody\nAnd I got you long as you got me\n\n[Chorus: Ari Lennox & Ty Dolla $ign]\nI got you long as you got me\nAnd I got you long as you got me\nI got you long as you got me (Yeah)\nI got you long as you got me\nAnd I got you long as you got me\nAnd I'll get you, got me\n\n[Verse 2: Ari Lennox]\nWho you wanna love you?\nWho you know can come through and get it right like this?\nCall me when you need me\nBut them other bitches, yeah, they cool\nBut they ain't quite like this\nWho you wanna love ya?\nWho you know can come through and get it right like this?\nCall me when you need me\nBut them other bitches, yeah, they cool\nBut they ain't quite like this\n\n[Chorus: Ari Lennox & Ty Dolla $ign]\nI got you long as you got me\nAnd I got you long as you got me\nI got you long as you got me (Yeah)\nI got you long as you got me\nAnd I got you long as you got me\nAnd I'll get you, got me\n\n[Verse 3: Omen]\nI'm double-dating destiny\nWith angels and my demons on my shoulder like Chicago\nFeel like I done struck the lotto when I saw you\nBottom of your shoes make a nigga think you Piru\nUsed to have the blues, but too prideful\nTo show you everything\nI could be myself around you\nAin't gotta fake smile, you like it facedown\nLike you caught an eight count\nTKO, Teddy Pendergrass\nA nice guy, but see, nice guys finish last\nIn the bedroom, stealing cover, fight for legroom\nYou my best goon, come through for me like Neptunes' classics\nGet your back bent, silky black skin\nIf they knew how real you are, they'd probably clap hands\nIn your presence\nEye candy cool, but with chocolate, got a fetish\nBeen some things I only shared with you and not my fellas\nCalled me to stop through\nGet you off like cops do\nYou got me, I got you\n\n[Chorus: Ari Lennox & Ty Dolla $ign]\nI got you long as you got me\nAnd I got you long as you got me\nI got you long as you got me (Yeah)\nI got you long as you got me\nAnd I got you long as you got me\nI got you long as you got me, yeah\n\n[Verse 4: Dreezy]\nHold me tighter when I'm trippin' (Yeah)\nFire the lighter, let's get lifted (Light 'em up)\nI done ran into a lot of wrong niggas with right intentions (For real)\nShit like therapy 'cause you know how to talk and when to listen\nKind of love when it don't change if I'm natural or with extensions\nI got you\nI heard some rumors, I'm just hoping they ain't true (I ain't listen)\nBeen living good, but it get better when I'm with you (I like that)\nYou should know I'm tweaking when I say I'm through (I'm lyin')\nYou the only one with my focus, I'm the baddest up out my crew (Bad bitch)\nHe like 'em brown skinned, independent, money-driven, Gucci'd down\nHow 'bout you get in your Benz and come and give this coochie rounds? (Look)\nLike niggas that give me full attention no matter who he 'round\nIt's cute when he get jealous, a nigga try me, he make that Uzi sound\nMaster satin sheets grippin', sex that'll have your teeth grittin'\nHow I end up at your crib? Marijuana decisions (I was high)\nA freak for you, ATL, he got my peach drippin'\nBut you know it's a lie if somebody say that they caught me slippin' (Lies)\nSo when he get that feeling, he know to call me (Hit my line)\nLove, sex, or the money, shit, I want all three (I want it all)\nThem other niggas ain't my taste, I'm too saucy (I am)\nAnd if them bitches asking who you with, just know it's all me (Dreezy)", "image": "https://images.genius.com/8e1c574468cd44bd3056373daff09b8e.1000x1000x1.png"}], "artist": "Dreamville, Ari Lennox & Omen"}