{"songs": [{"title": "No Sleep Till Brooklyn", "album": "Licensed to Ill", "year": "1986-11-15", "lyrics": "[Chorus]\nNo sleep till\nBrooklyn\n\n[Verse 1: Ad-Rock, Mike D & MCA]\nFoot on the pedal, never ever false metal\nEngine running hotter than a boiling kettle\nMy job's ain't a job, it's a damn good time\nCity to city, I'm running my rhymes\nOn location, touring around the nation\nBeastie Boys always on vacation\nItchy trigger finger but a stable turntable\nI do what I do best because I'm illing and able\nAin't no faking, your money I'm taking\nGoing coast to coast watching all the girlies shaking\nWhile you're at the job working nine-to-five\nThe Beastie Boys at the Garden cold kicking it live\n\n[Chorus]\nNo sleep till\nAnother plane, another train\nAnother bottle in the brain\nAnother girl, another fight\nAnother drive all night\n\n[Verse 2: Mike D, MCA & Ad Rock]\nOur manager's crazy, he always smokes dust\nHe's got his own room at the back of the bus\nTour around the world, you rock around the clock\nPlane to hotel, girls on the jock\nWe're trashing hotels like it's going out of style\nGetting paid along the way 'cause it's worth your while\nFour on the floor, Ad-Rock's out the door\nMCA's in the back 'cause he's sleeping with a whore\nWe got a safe in the trunk with money in a stack\nWith dice in the front and Brooklyn's in the back\nWhite boys got more rhymes\n\n[Chorus]\nNo sleep till\nNo sleep till Brooklyn\nNo sleep till Brooklyn\n\n[Ad-Lib: Ad Rock]\nAin't seen the light since we started this band\nSo, MCA, get on the mic, my man!\n\n[Verse 3: MCA, Mike D & Ad Rock]\nBorn and bred Brooklyn USA\nThey call me Adam Yauch but I'm MCA\nLike a lemon to a lime, a lime to a lemon\nI sip the def ale with all the fly women\nGot limos, arena, and TV shows\nAutograph pictures and classy hoes\nStep off, Holmes, get out of my way!\nTaxing little girlies from here to L.A.\nWaking up before I get to sleep\n'Cause I'll be rocking this party eight days a week\n\n[Chorus]\nNo sleep till\nNo sleep till Brooklyn\nNo sleep till Brooklyn\nNo (no) sleep (sleep) till Brooklyn (Brooklyn)\nNo (no) sleep (sleep) till Brooklyn (yeah)\n\n[Outro]\nNo (no) sleep (sleep) till Brooklyn (Brooklyn)\nNo (no) sleep (sleep) till Brooklyn (Brooklyn)\nNo (no) sleep (sleep) till Brooklyn (Brooklyn)\nNo (no) sleep (sleep) till Brooklyn (Brooklyn)\nNo (no) sleep (sleep) till Brooklyn (Brooklyn)\nNo (no) sleep (sleep) till Brooklyn (Brooklyn)", "image": "https://images.genius.com/123cab2d194394b11efb406b19403095.600x603x1.jpg"}], "artist": "Beastie Boys"}