{"songs": [{"title": "MAD GAAL", "album": "95", "year": "2019-10-18", "lyrics": "[Chorus]\nI told you once baby\nI told you once but I know\nYou got to let it\u2005go\nI\u2005told you once\u2005baby\nI told you once but I\u2005know\nYou got to let it go\n\n[Verse 1]\nLook how you take up mi energy\nLove you but you turn inna mi enemy\nYou never do no wrong ah your specialty\nNow you say yuh wan' go a therapy\nYou call me 3:30 inna di morning\nEye water run when bawling\nLove nuh only come from talking\nThe light can only shine from the dark end\nI can see you get it no\nYou come, come rub up, rub up\nBefore you did stuck up, stuck up\nMake sure you know who you a love up, love up, uh\n\n[Pre-Chorus]\nMy trust got messed up\nFrom my ex in Texas\nI told you to drop it\nYa haffi listen\nA me and you no addition\n\n[Chorus]\nI told you once baby\nI told you once but I know\nYou got to let it go\nI told you once baby\nI told you once but I know\nYou got to let it go\n\n[Verse 2]\nNuttin' nuh wrong\nNoboda make the pressure bring ya down\nFor us to stay strong\nI\u2019m tellin you why make up face from dusk until dawn?\nYou call me 3:30 in a di morning\nEye water run when bawling\nLove nuh only come from talking\nThe light can only shine from the dark end\nI can see you get it now\nYou wan' come hug up, hug up\nNow you wan' cuff up, cuff up\nMake sure you know who you a love up, love up, uh\n\n[Pre-Chorus]\nMy trust got messed up\nFrom my ex in Texas\nI told you to drop it\nYa haffi listen\nA me and you no addition\n\n[Chorus]\nI told you once baby\nI told you once but I know\nYou got to let it go\nI told you once baby\nI told you once but I know\nYou got to let it go", "image": "https://images.genius.com/12fd835afc3d9b4aa46fb1fff7ad2cdf.823x823x1.jpg"}], "artist": "BEAM"}