{"songs": [{"title": "STATS", "album": "DIE FOR MY BITCH", "year": "2019-07-19", "lyrics": "[Intro]\nFuck you, nigga, if you don't call me back, lose my fuckin\u2019 number\nHol' up, ayy\n\n[Verse 1]\nSmile, ho, take a picture with me\nI drive solo and my gas is on E\n'Cause if I get pulled over, then there\u2019s a problem\nBaby Keem got issues and money can't solve them (Ayy)\nI got a bitch that love to do the extras\nI pull a bad bitch whenever I want (Ayy)\nI keep kickstand rock band in my trunk (Ayy)\nBaby Keem just humbled a model\nNot a fake one, a real one, don't stunt (Hol' up)\nInstagram pics, that's just a front (Hol' up)\nLil' bitch, you ain't gettin\u2019 no gun (Tick tick)\nFlex up, why my check bought a necklace? I wrecked it\nHoes in my backseat, fuck, I guessed it (Ayy)\nBallsy target practice, bullseye\nNigga, it\u2019s just for you and I (Ayy)\n\n[Interlude]\n(Die for my bitch, die, die, die, die, die)\nAyy, yeah, yeah, yeah, hol' up\n\n[Verse 2]\nAyy, first thing\u2019s first when I pop, I'ma get your ho thirsty\nI sign my paycheck in cursive, I'm worthy (Yeah)\nHoes in the fifth always talkin' \u2019bout my fashion\nI tell her watch her tone, Baby Keem ain't no virgin (Yeah, yeah)\nBitch, I don't have insurance to the wheels because I skrrt it (Yeah, yeah)\nI just lied to your bitch, she want me to insert it (Ayy, yeah)\nMy Rollie, ayy, you ain't seen light, I stole it, ayy\nTen toes on the deck, I'm floated, ayy (Yeah)\nScary with the clip unloaded, ayy (Yeah)\nYeah, parked on the deck, finna scoop up, lil' stupid (Whoa)\nIf you ain't take the L, you's a liar, stupid (Whoa)\nI still got a bitch on the side, lil' stupid\nJust talked to my lil' Rocky yesterday, undisputed\nOh, you got my bitch? I dip it in again, I did, I did\nShe gon' say my name if you hit again, I did, I did\nShe can never find a new me, ain't no one equivalent (Yeah, yeah)\nAnd I make her want to leave him but I'm only visitin' (Ayy, yeah)\nWalk up in this bitch, I'm feelin' like the black Brad Paisley (Whoa)\nStay ten toes 'cause the opps don't faze me (Whoa)\n2019 and I'm back on your playlist (Oh my God)\nI was born to get a bag, you niggas complacent (Oh my God)\nOut with the old, I said in with the new (Ayy)\nLet me old hoes view my snaps 'cause I'm cool, ayy\nMy mama did it, ayy, 'cause her son chose up, ayy (Yeah, yeah)\nNow I'm spendin' racks on a four by four truck (Yeah, yeah)\nI don't hang with emotionals\nBig rock band, walk around for promotional\nStats on me, bitch, stop talkin' to me, ayy\nStats on me, bitch, stop talkin' to me (Ayy, ayy, ayy, ayy)", "image": "https://images.genius.com/ac75728b4e527d09c6161544f3d2adac.1000x1000x1.jpg"}], "artist": "Baby Keem"}