{"songs": [{"title": "Sold Out", "album": "To Myself", "year": "2019-05-02", "lyrics": "[Verse 1]\nAll of this shit is wearing me out\nYou leaving me now, filled up with doubt\nWhen we we were together, I was like spouse\nRight beside you playing house\nIt was all good but now\nEverything is upside down\nYou can take a different route\nI'll pick the pieces up somehow\n\n[Chorus]\nMaybe meet someone\nMaybe turn 'em on\nNever mind what I'm on\nOnly 'til the morning comes\nI'm lost, but now\nI'm sold out on love\nBut I'll make it right somehow until it all goes wrong, I'm\nI'm sold out on love\nDon't know what I want\n\n[Verse 2]\nIs it surprising turning the page?\nNow when I see you, it feels strange\nSaid we could be cool, what happened?\nMoving on feels like strangers\nNothing more I have to say\nI can't run from the pain\nHoping one day it may change\nBut for now, it's more than I can take\n\n[Chorus]\nMaybe meet someone\nMaybe turn 'em on\nNever mind what I'm on\nOnly 'til the morning comes\nI'm lost, but now\nI'm sold out on love\nBut I'll make it right somehow until it all goes wrong, I'm\nI'm sold out on love\nDon't know what I want", "image": "https://images.genius.com/cea8efa1a37fe9aa201b8491a9277061.1000x1000x1.jpg"}], "artist": "Baby Rose"}