{"songs": [{"title": "Louder", "album": null, "year": "2019-11-20", "lyrics": "[Intro]\n(I got the power!)\n(I got the power!)\n(I got the power!)\n\n[Verse 1: Big Freedia]\nEvery time I walk up in the motherfuckin' room\nI make heads turn and they mind go boom\nSlayed so hard, big faces need a broom\nKill 'em softly then I put 'em in a tomb\nWalk up\u201a walk up\u201a walk up\u201a walk up, walk up in the room\nMake her, make her\u201a make her, make her minds go boom\nMoney, money\u201a money, money, money need a broom\nPut 'em in a, put 'em in a, put 'em in a tomb\n\n[Pre-Chorus: Big Freedia & Icona Pop]\nIf you think that you're on top it's time to reevaluate\nI've been bookin' bitches left and right and I got shit to say\nHoney, don't step out of line and bitch, you better know your place\n\n[Chorus: Big Freedia]\nI'm screaming and screaming it louder\nI got the, I got the power (I got the power!)\nBitches can't help but be sour\nI got the, I got the power\nI'm screaming and screaming it louder\nI got the, I got the power (I got the power!)\n\n[Verse 2: Big Freedia]\nIf you wanna start a fight, I got the upper hand\nFake hoes screaming (Freedia!) like they my biggest fan\nFace down, ass up, watch me do my power dance\nI'ma stand the fuck up in my power stance\nUpper, upper, upper, upper, upper, upper hand\nBiggest, biggest, biggest, biggest, biggest, biggest fan\nDo my, do my, do my, do my, do my power dance\nPower, power, power, power, power, power stance\n\n[Pre-Chorus: Big Freedia & Icona Pop]\nIf you think that you're on top it's time to reevaluate\nI've been bookin' bitches left and right and I got shit to say\nHoney, don't step out of line and bitch, you better know your place\n\n[Chorus: Big Freedia]\nI'm screaming and screaming it louder\nI got the, I got the power (I got the power!)\nBitches can't help but be sour\nI got the, I got the power\nI'm screaming and screaming it louder\nI got the, ooh\n\n[Bridge: Big Freedia with Icona Pop]\nHands on the ground, ass in the air\nPeople talk shit but I just don't care\nHands on the ground, ass in the air\nPeople talk shit but I just don't care\nTear it down\nAct a clown\nTear it down\nAct a clown\n\n[Verse 3: Big Freedia]\nTear it down to the motherfuckin' ground\nAnd make your ass go around and around\nThe Josephine hoes 'bout to shake, shake, shake\nThe Melpomene hoes, pussy popping today\nThey gotta go home, 'bout to represent y'all\nThe Magnolia hoes 'bout to shake it like a dog\nWon't you tear it down, tear-tear it down\nWon't you act a clown, act-act a clown\n\n[Pre-Chorus: Big Freedia & Icona Pop]\nIf you think that you're on top it's time to reevaluate\nI've been bookin' bitches left and right and I got shit to say\nHoney, don't step out of line and bitch, you better know your place\n\n[Chorus: Big Freedia]\nI'm screaming and screaming it louder\nI got the, I got the power (I got the power!)\nBitches can't help but be sour\nI got the, I got the power\nI'm screaming and screaming it louder\nI got the, I got the power (I got the power!)\n\n[Outro: Big Freedia]\nTear it down, tear it down, tear it down\nWon't you act a clown, act a clown, act a clown\nOh, I tear it down, ah, I act a clown\nTear-tear it down, act-act a clown\nTear-tear it down, tear it down, tear it down\nOh, I act a clown, I act a clown, I act a clown\nTear-tear it down, act-act a clown\nTear-tear it down, act-act a clown, oh", "image": "https://images.genius.com/4bc416f62d93404b7946c5ddd0a68e5a.1000x1000x1.jpg"}], "artist": "Big Freedia"}