{"songs": [{"title": "\u200bi can\u2019t breathe", "album": "aurora", "year": "2017-02-24", "lyrics": "[Verse 1]\nSomebody get me a hammer\nWanna break all the clocks and the mirrors\nAnd go back to a time that was different\nA time when I didn't feel like there was something missing\nNow my body and mind are so distant\nDon't know how to escape from this prison\n\n[Pre-Chorus 1]\nHow can I free my mind?\n\n[Chorus]\nCause I can't breathe\nI can't breathe\nI can't breathe\nI can't breathe\nOoh, ooh, ooh\nI can't breathe\n\n[Verse 2]\nHow can I live in the moment\nWhen my thoughts never feel like my own and\nDon't know how to admit that I'm broken\n\n[Pre-Chorus 2]\nHow can I be alright?\n\n[Chorus]\nCause I can't breathe\nI can't breathe\nI can't breathe\nI can't breathe\nOoh, ooh, ooh\nI can't breathe\n\n[Outro]\nI can't breathe\nI can't breathe\nI can't breathe\nI can't breathe", "image": "https://images.genius.com/88550ea0bb3c0fcfa9213584a1c6131e.1000x1000x1.jpg"}], "artist": "Bea Miller"}