{"songs": [{"title": "Up", "album": null, "year": "2019-10-11", "lyrics": "[Intro]\nLights off\nYeah, that part, I just want that part\nI want that for sure\nI spent 100k\nNow\u2005they\u2005see me up\n\n[Chorus]\nI\u2005spent a 100k and I'm up,\u2005uh, uh (Yeah, yeah)\nYou spent a 100k and you're broke, uh, uh (Yeah, yeah)\nI go to dealership, I count it up, uh, uh (Yeah, yeah)\nI took it form the showroom mount it up, uh (Yeah, yeah)\nWhy you\u2014why you flossin' and you can't keep up, uh  (Yeah, yeah)\nWhy you rock them chains if you gon' keep them tucked, uh  (Yeah, yeah)\nThey see your chains now you gon' get stuck out your luck\n\n[Verse 1]\nYeah, they see me drippin', want my sauce, uh, uh\nThey see me drippin' and they want my sauce, uh, uh\nI go to studio and I drop them bars, uh, uh, yeah\nUp in the studio, yeah, I'm up in Mars, baby, uh\nYeah, they see me drippin' and they aw, uh, uh\nThey say I'm flashy now 'cause I'm a star, uh, uh\nThey say I'm nasty, yeah, I smoke some gas, uh (Yah, yah)\nNa, na, na, na, let me tell you, uh, yeah\n\n[Chorus]\nI spent a 100k and I'm up, uh, uh (Yeah, yeah)\nYou spent a 100k and you're broke, uh, uh (Yeah, yeah)\nI go to dealership, I count it up, uh, uh (Yeah, yeah)\nI took it form the showroom mount it up, uh (Yeah, yeah)\nWhy you\u2014why you flossin' and you can't keep up, uh (Yeah, yeah)\nWhy you rock them chains if you gon' keep them tucked, uh  (Yeah, yeah)\nThey see your chains now you gon' get stuck out your luck (Yeah, yeah, yeah)\n\n[Verse 2]\nUh, why I'm so flashy while you steady hatin', uh, uh\nYou don't wanna see me goin' crazy, yeah\nThey goin' crazy 'cause I'm paid, baby, uh, uh\nPopped two pills you can see me later\nWatch me swag, got that swag, I got, uh, uh, uh, ay, ay, yah\nNa, na, na, na, let me tell you\nAll these niggas acting lame now\nPushing foreigns that we never owned (Pushing, Pushing)\nI don't rate ya, I don't rate ya\nFeel like Ray Charles, I don't rate ya\nI don't rate ya, feel like Ray Charles\n\n[Chorus]\nI spent a 100k and I'm up, uh, uh (Yeah, yeah)\nYou spent a 100k and you're broke, uh, uh (Yeah, yeah)\nI go to dealership, I count it up, uh, uh (Yeah, yeah)\nI took it form the showroom mount it up, uh (Yeah, yeah)\nWhy you\u2014why you flossin' and you can't keep up, uh (Yeah, yeah)\nWhy you rock them chains if you gon' keep them tucked, uh  (Yeah, yeah)\nThey see your chains now you gon' get stuck out your luck", "image": "https://images.genius.com/1a368f73dace84cedfcc8c57ad093ba1.1000x1000x1.jpg"}], "artist": "Baka Not Nice"}