{"songs": [{"title": "Came Up", "album": null, "year": "2019-11-01", "lyrics": "[Intro]\nMazza, wa'gwan\nSix figure music, baby\nRight\n\n[Verse 1]\nI don't know what I'm doin' in life\nNeed to put more\u2005thought\u2005in\nI don't know\u2005how I'm back at warrin'\nLask week\u2005I was tourin'\nNot once did I find me a problem\nAnd never did sort it (Yeah)\nJust know when a skengman's talkin'\nThat's a dead man walkin'\nBut it's only a matter of time\nPut it on my life, if it ain't through drugs, I'll do it through rhymes (Mmm)\nI drilled up to tour with Skepta and told Shay double the price (Bro)\nFive figures for a walkthrough\nAnd I'm bringin' my friends that ride (Drills)\nThey took half of the friends and half of the ****, but we still alright (Nice)\n'Cause last year ended horrid (Horrible)\nAnd you know what I mean if you have blue bowls for soup and porridge (Mmm)\nAnd you know how I feel you hated school but you miss that knowledge\nShit, said I'd be back and I stuck to my promise\nMmm-mmm\n\n[Verse 2]\nTryna get to the places that I could never reach\nPut in work, I lose sleep\nSpit on cold beats with new heat\nSee my flows deep through the streets\nAnd man are on the greaze when it's needed\nMore time, man are tryna stay weeded ('Cause)\nThey all want a war, they'll get defeated\nBig man runnin' the show, you stay seated (Baow, baow)\nSee, we get big tings and we run it up\nYou don't wanna run it up, you're holdin' up a cup\nWhat? You little buttercup\nCan't shut down shit, you put the shutter up\nDon't need a bally on my face\nGot gyallie on my case\nL.D. and I shut her up (Mmm)\nHow many times have I buss it up?\nKill beats every time, no cover up\n\n[Chorus]\nCame up, came up\nGoin' to the top, yeah, we aim up\nI don't do it for the hail up\nMan speak truth, it ain't made up\nNah, they never can wave at us\nSlow walk and the ting that stays with us\nOh-oh-oh (Gang, gang, gang)\nNo games, nah, they can't play with us\nCame up, came up\nGoin' to the top, yeah, we aim up\nI don't do it for the hail up\nMan speak truth, it ain't made up\nNah, they never can wave at us\nSlow walk and the ting that stays with us\nOh-oh-oh (Gang, gang, gang)\nNo games, nah, they can't play with us\n\n[Verse 3]\nAnd the wave's never endin' (Wave)\nMake bread, I don't care if i'm trendin' (Nah)\n'Cause I done anyone that's sendin' (Baow)\nDo me, I don't know about lendin' (No, no)\nDon't know the take over's pendin' (Yeah)\nAnd it's comin' to a town near you\nI keep doin' the rounds until man hears Zuu\nI been fuckin' it up, as soon bank clear through\nAnd you know I bring the gang with me\nMan nine-to-five or man slang Whitney (Whit')\nTryna expand quickly\nStill got that smoke like a damn chimney\nEvery show now is rammed, strictly\nMan came from no one inside, that's literally (Ooh)\nKeepin' pushin' this shit so physically (Ooh)\nLyrically we did it, my G\n\n[Verse 4]\nOoh, she ridin' the wave of the crew (Ooh)\nShe wanna hop in the spaceship and cruise\nTakin' her straight to the moon (Yeah, yeah)\nI'm in a game I can't lose (Hey)\nAll of my niggas don't play by the rules\nI'm 'bout to take 'em to school (Woo)\nI'm 'bout to take 'em to school (Hey)\nI'm 'bout to teach 'em a lesson\nTrigger finger VVS-in'\nIf you don't get the message\nThen I'll send a message\nI could never scum my slime\nHe was with me in the trenches (Nah, nah)\nIf I get caught on the slide\nHe'd be with me in detention\n\n[Chorus]\nCame up, came up\nGoin' to the top, yeah, we aim up\nI don't do it for the hail up\nMan speak truth, it ain't made up\nNah, they never can wave at us\nSlow walk and the ting that stays with us\nOh-oh-oh (Gang, gang, gang)\nNo games, nah, they can't play with us\nCame up, came up\nGoin' to the top, yeah, we aim up\nI don't do it for the hail up\nMan speak truth, it ain't made up\nNah, they never can wave at us\nSlow walk and the ting that stays with us\nOh-oh-oh (Gang, gang, gang)\nNo games, nah, they can't play with us", "image": "https://images.genius.com/266b8423108ab3ec77f24e7b0b9b5891.1000x1000x1.jpg"}], "artist": "Big Zuu, L.D. & Mazza"}