{"songs": [{"title": "Ghostface Killers", "album": "Without Warning", "year": "2017-10-31", "lyrics": "[Intro: Young Thug]\nMetro Boomin want some more, nigga\n\n[Chorus: Offset]\nHey\nAutomatic (Auto), automatics, in the trunk\nShoot the maggots, shoot the maggots with the pump\nThot and addy (Thot), love the Patek on my arm (Patek)\nWe got static (Static), pussy nigga run your charm (Hey)\nGhostface killers (Killers), Wu-Tang, 21 news gang (News)\nDrug dealers in the Mulsanne, at the top of the food chain (Hey)\nTrappin' the cocaine (Yeah), no gang, shooter with no name\nWe can play toll games, the whole gang, kick in your door man\n\n[Verse 1: Offset]\nYeah, put on the Patek, poppin' Xannies, I'm an addict\nBreak the mattress with a baddie on the addy (Smash)\nDiamonds glassy, need some glasses for the flashing, yeah\nMichael Jackson with this fashion, bitch I'm dabbin', yeah\nAll of this shit on purpose got these bitches slurpin'\nAll your pockets on hurting, nigga you can be my servant\nGo to the lot and young nigga don't lease it, I purchase\nAfter I cut off a thot I give her some money for service (Here)\nWherever I go the whole gang on go, yeah (Gang)\nYou cannot tame the ho because you want fame for sure (Tame)\nYou think that you rich 'cause you got a hundred or more\nI got an over overload, look like I just sold my soul\nI, pour up a four, a liter, I got the stripes, Adidas (Stripes)\nI got a foreign mamacita and I been known to beat it (Mama)\nNiggas ain't goin' defeated, we get the guns immediate\nDon't burn in the coupe, it's an Italy\nThese niggas is broke and it's pitiful (hey)\n\n[Chorus: Offset]\nAutomatic (Auto), automatics, in the trunk\nShoot the maggots, shoot the maggots with the pump\nThot and addy (Thot), love the Patek on my arm (Patek)\nWe got static (static), pussy nigga run your charm (Hey)\nGhostface killers (Killers), Wu-Tang, 21 news gang (News)\nDrug dealers in the Mulsanne, at the top of the food chain (Hey)\nTrappin' the cocaine (Yeah), no gang, shooter with no name\nWe can play toll games, the whole gang, kick in your door man\n\n[Verse 2: 21 Savage]\nYeah, Kim Jong, yeah, big bombs (21)\nWonder Bread man, make your bitch lick crumbs (Yeah)\nAudemars Piguet flooded, got my wrist numb (Bling)\nGrab the hitstick, nigga tryna blitz some'\nDope boy, dope boy, I sell coke boy (21)\nYou broke ass rappers food, it's a po boy (21)\nEverybody the same, all these niggas sound alike (Dick riders)\nFox 5 gang, turn you to a candlelight\nBitch boy I'm a mobster, shrimp in my pasta\nJamaican Don Dada, hang 'round the shottas\nMad Max nigga, yeah, I hang with the killers (21)\nPlanet of the Apes, yeah, I hang around gorillas (On god)\nI got AK, SK, HK, broad day (21)\nYou a fuckboy, we ain't with the horseplay (Bitch)\nShrimp ass nigga, did you do your chores today? (21)\nDo you wanna take a ride with the coroner today? (21)\n\n[Chorus: Offset]\nAutomatic (Auto), automatics, in the trunk\nShoot the maggots, shoot the maggots with the pump\nThot and addy (Thot), love the Patek on my arm (Patek)\nWe got static (Static), pussy nigga run your charm (Hey)\nGhostface killers (Killers), Wu-Tang, 21 news gang (News)\nDrug dealers in the Mulsanne, at the top of the food chain (Hey)\nTrappin' the cocaine (Yeah), no gang, shooter with no name\nWe can play toll games, the whole gang, kick in your door man\n\n[Verse 3: Travis Scott]\nDrop from the heavens straight in the wild (Yeah)\nTrunk in the front, top gotta slide\nRide suicides, we keep this shit alive (Yeah)\nJumping out the public houses, don't you come outside\n(Straight up)\nPrivate status, tryna land the jet at Magic (How you goin', it's lit)\nGoin' way up out my way to cut the traffic (What you poppin')\nPop the seal and pop the bean, I need the balance (Pop it, pop it, What you seein')\nBloody ass is what I'm seeing, it's way too graphic\nWatch your fingers 'cause the Cactus dangerous (Yeah)\nBroke, you ain't us, we don't speak that language\nOn the couches\nTom Cruise, I'ma make her see, she snort a mountain\nRackades on the outfit will make her bounce it\nGood drank my life, yeah, CPR my pipe, yeah\nPlease, need the energy, only got a night, yeah (It's lit)\nNike boys, we don't do three stripes (Yeah)\nI'm living for my niggas that do life, yeah\n\n[Chorus: Offset]\nAutomatic (Auto), automatics, in the trunk\nShoot the maggots, shoot the maggots with the pump\nThot and addy (Thot), love the Patek on my arm (Patek)\nWe got static (Static), pussy nigga run your charm (Hey)\nGhostface killers (Killers), Wu-Tang, 21 news gang (News)\nDrug dealers in the Mulsanne, at the top of the food chain (Hey)\nTrappin' the cocaine (Yeah), no gang, shooter with no name\nWe can play toll games, the whole gang, kick in your door man", "image": "https://images.genius.com/eb77a92d9832fddde0d60dacc19a7bde.980x980x1.jpg"}], "artist": "21 Savage, Offset & Metro Boomin"}