{"songs": [{"title": "Phelonious Funk", "album": null, "year": null, "lyrics": "[Verse 1 - IATG]\nYeah, my funk's phelonious, unceremonious\nCozy as a holy dominus controling lowly associates\nMy beats are moldy bitches inside a rollie pollie ollie ditch\nThe ravioli hits are guacamole goalie mitts\nI've been blessed by the breast of the best\nKept by the rest of the guests, attest to the chest of my breath\nArrogance is my inheritence, scary as a Maryland Terripin\nPreparedness is the reason I don't have to breathe for air again\nQuerulous as Leif Ericson, unreal as Mr. Herriman\nGarrulous as a theremin and derelict like my therapist\nThere it ends, I'm true blue who coo\nLoo poo new knew rue roo woo\nI got babies, ladies, rabies, caseys, macy's, tracy's and I'm crazy wavy\nLacy as gravy and pacy as the navy, so pay me\n\n[Verse 2: J-Franks]\nI Mary Pop that pussy, talking supervagalistic\nI'm a practicing vagician, ho, I perform vagic\nLebanese lesbians, but we off the coast of Belize\nI feel intoxicated, effervescent, so fucking feliz\nMy clientele supreme, fellatio, por favor\nGot rappers catchin feelings cause they fuckin' whores\nCan't stop my Reign of Terror, it's a pathogen\nWu-Tang, Cuttin Headz, talkin' Jacobin, Math, son\nLet me introduce a new form of rap calculus\nWhat the fuck I'm doing, I sound like Canibus\n(Done with this wack shit...)\n\n[Verse 3: FreeJC]\nRow, row, row my boat, I float, my flow screams I'm the goat\nYo, please note I'm ill and bro, there ain't no antidote\nTruman Capote, I'll write rhyme notes till I'm dead and broke\nLike your nicest watch, I drop a troche into my sore throat\nHomo, your rhymes are so-so and you should know so, ho\nThey prepackaged like Ho-ho's and that's low, no SoHo\nDrop more dimes generous tippers, put on my slippers\nRelaxed beat for Money$Team scene hipsters, gin sippers\nWitcha bitch and yo I slay the pussy like a poacher\nSnitch ya bitch and I'll slay you pussies with my toaster\nPicture that like a poster, fiction rap like a poser\nMixed drinks with a fingered bitch, drink like a hoser\nBoi, swag, fuck yeah, niceee\n\n[Verse 4: NotoriouSkillz]\nI\u2019ve just begun ma\u2019am, I\u2019m not finished\nJust like the fishes baby, I ain\u2019t finish\nDust off your catalogue and eat ya spinach\nAnd watch as I make ya whole career diminish\nI got my eye on you niggas, no Mishka\nYou niggas thin like the scarf on a fashionista\nYou niggas get beat by a basket on Easter?\nNow bitch niggas steady gossip like Leighton Meester\nAll the squawking is history like cave chalking\nSky blue Js but I ain\u2019t from Johns Hopkins\nDropping mathematics and science like Hawkings\nThese weak niggas fortified as well as pylons\nSo I just rip through them niggas like nylons\nOut on an island with my pilot wildin\u2019\nAnd yo bitch\u2019s number be what I\u2019m dialing\nChris Berman ass niggas, never good enough get in the game\nSo you just observe and commentate like it\u2019s all the same\nYou looking at John Madden, I really made it happen\nIn the game, made the game, now I run it\nDeep cover with the Twinz we Big Pun it\nAnd that one goes out to Skeet and Haru\nDream Team chill and watch the competition brew\nWith the Money$Team, who would have ever knew\nNow catch us at the bar-b where wack niggas skew", "image": "https://s3.amazonaws.com/rapgenius/animated-dollar-gold.gif"}], "artist": "Money$Team"}