{"songs": [{"title": "Ballin\u2019 Like Shareef", "album": "Show Me The Money 5 Producers\u2019 Crew M/Vs", "year": "2018-04-05", "lyrics": "[Intro]\nSwish, swish, swish, swish (x3)\nIs mayonnaise an instrument?\n\n[Chorus] (x2)\nYou know you see me, I be ballin' like Shareef\nBreakin' ankles in Balenciaga sneaks\nYou know you see me, money tall just like O'Neal\nMy diamonds dancing on the court and in the field\n\n[Verse]\nShaq attack, I post up in the paint\nBack it up, shawty I got no complaints\nRacks on racks, yeah that's money in the bank\nAin't no limit to this shit, I just might pull up in a tank\n2-3 on my back, and I ain't talkin' Jordan\nShe think I'm Shareef when she just see the way I'm scorin'\nSkrt, whippin' foreigns, plottin' on the fortress\nMy outfit cost a fortune, you still rock Michael Kors shit\nCatch me out in Boston, like '09 Shaq I'm saucin'\n[?] finally get it boppin' to the mornin'\nGlobal warming, I think that it's hot in there\nBaby look around and you'll see broke niggas is not in here\nMy diamonds over me, that's Fiji, Crystal Geyser clear\nI'm Shaqtin' a Fool, I'm gettin' rowdy, Cavalier\nHis shawty lookin' mad, I gotta whisper in her ear\n\"I'm ballin' like Shareef so you should come on over here, yeah\"\n\n[Chorus] (x2)\nYou know you see me, I be ballin' like Shareef\nBreakin' ankles in Balenciaga sneaks\nYou know you see me, money tall just like O'Neal\nMy diamonds dancing on the court and in the field\n\n[Bridge] (x2)\nYou know you see me, I be ballin' like Shareef\nBreakin' ankles in Balenciaga sneaksYou know you see me, money tall just like O'Neal\nMy diamonds dancing on the court and in the field\n\n[Chorus] (x2)\nYou know you see me, I be ballin' like Shareef\nBreakin' ankles in Balenciaga sneaks\nYou know you see me, money tall just like O'Neal\nMy diamonds dancing on the court and in the field", "image": "https://images.genius.com/d623ac8f70540b112e5e963819cfcf4e.500x500x1.jpg"}], "artist": "24kGoldn"}