{"songs": [{"title": "Ska Riddim 2", "album": "Ska Riddim 2 (feat. Flirta D, Little Dee, PK, Novelist, Jammz, Yizzy, Scrufizzer, Bossman Birdie, Asher D & Kwam) - Single", "year": "2017-09-22", "lyrics": "[Chorus]\nFrom So Solid Crew to BBK\nWe've been doing this from TDK\nFrom [?] to CDJs\nMan grabbed the mic, then we did it our way\nFrom So Solid Crew to BBK\nWe've been doing this from TDK\nFrom [?] to CDJs\nMan grabbed the mic, then we did it our way\n\n[Verse 1: Flirta D]\n[signature gibberish]\n\n[Verse 2: Little Dee]\n(Ahh yeah) Hang about, hang about\nThat girl there looks buff, hang about\nShe said she wants to roll all night\nBut I ain't got time to hang about\nOGz in the building, hang about\nGyal dem's getting reeled in, hang about\nMan in the corner acting rough?\nBut they can't act when we hang about\n\n[Verse 3: PK]\n(Ahh) Bike roll up\nSwitch on man like \"hold up\"\nWhen I catch man, it's over\nCatch man on the roadside with the poker\nLeave man's body in a stretcher, roll up\nSwitch on man like \"hold up\", when I catch man, it's over\nCatch man on the roadside with the poker\nLeave man's body in the water\n\n[Verse 4: Novelist]\nMmm, yeah\nI like girls with back off\nAlie\nIf I bring her to the yard, then I ain't gonna jack off\nJack off, man have got game\nThey get gassed when they hear my name\nAnd man ah move like Kanye\nWhen I bang your girl all day, all day\n\n[Verse 5: Jammz]\nDon't do it to yourself\nWhy you tryna act bad? Don't do it to yourself\nMan are lying online, don't do it to yourself\nJust take my advice, don't do it to yourself\nAll of this talk just shows man\nThat you don't know who you are, don't do it to yourself\nNow it's all just a par, don't do it to yourself\nIt's better that you don't start, don't do it to yourself\n\n[Verse 6: Yizzy]\nShut your mout, you chief\nYou don't want it with the commander-in-chief\nYou're not a badboy, blud, you're a chief\nGet-get your wig split something like chief\nYour mandem are chief, gyal dem are chief\nAuntie are chief, uncle are chief\nAnybody that want it can get bodied on a beat\nWhat? What? What you know about that one, chief?\n\n[Chorus]\nFrom So Solid Crew to BBK\nWe've been doing this from TDK\nFrom [?] to CDJs\nMan grabbed the mic, then we did it our way\nFrom So Solid Crew to BBK\nWe've been doing this from TDK\nFrom [?] to CDJs\nMan grabbed the mic, then we did it our way\n\n[Verse 7: Scrufizzer]\nOi, you, chill out a bit\nTell dem boy dere fi chill out a bit\nYou're not a badman so chill out a bit\nI'm better than ever, you better chill out a bit\nI'm like oi, blud, chill out a bit\nTell dem boy dere fi chill out a bit\nYou're not a badman so chill out a bit\nI'm better than ever, you better chill out a-\n\n[Verse 8]\nHello, darling, give me your number\nHello, treacle, give me your number\nHello, gorgeous, give me your number\nI don't wanna hear any excuses\nPretty buff ting, give me your number\nBig titty gyal, give me your number\nBig batty gyal, give me your number\nOK, darling, I'll see you soon\n\n[Verse 9: Bossman Birdie]\nBoss, way back, way back\nWeigh marks where I weighed that\nYeah, 28 came back\nHit them blocks, gotta make that\nI pray that, I pray that\nI don't lack out here cuh it ain't that\nHear my voice on the tape packs\nOriginal, I ain't gotta say that\n\n[Verse 10: Asher D]\nOK, when I'm in that man's manor\nBlack hoodie, black gloves, black bandana\nNever adopt that man's grammar\nReady to click-clack, no Hannah\nShooting everybody, cameraman\nBlow the whole ting up, Taliban\nI'm here, get it through your head\nI only [?]\n\n[Verse 11: Kwam]\nYeah, yeah, it's all sweet\nWalking around like I own these streets\nEarphones in so I step to the beat\nFake schemes? I'm not a man to be chiefed\nWon't shout names out, but I look neat\nDon't chat to me, don, you ain't brushed your teeth\nGoing on gutter like autumn leaves\nDon't try tell me you're awesome, please\n\n[Chorus]\nFrom So Solid Crew to BBK\nWe've been doing this from TDK\nFrom [?] to CDJs\nMan grabbed the mic, then we did it our way\nFrom So Solid Crew to BBK\nWe've been doing this from TDK\nFrom [?] to CDJs\nMan grabbed the mic, then we did it our way\n\n[Outro]\nBBK\nTDK\nCDJs\nThen we did it our way", "image": "https://i.genius.com/d19dfa346fd799532707bab446296cb0ef02d861?url=http%3A%2F%2Fgrimehq.com%2Fwp-content%2Fthemes%2Ffreshnews%2Fthumb.php%3Fsrc%3D%2Fwp-content%2Fuploads%2F2017%2F09%2FNikki-S-Nyke-SKA-Riddim-2.jpg%26w%3D540%26h%3D540"}], "artist": "Nikki S & Nyke"}