{"songs": [{"title": "Lebron", "album": null, "year": "2019-09-26", "lyrics": "[Chrous] x2\nYou ain't never been a trap star\nAnd you're never gone be one\nNever had a\u2005fast\u2005car\nAnd you're never\u2005gonna see one\nThese niggas just act\u2005(Agh!)\nYou ain't even had P don\nYou need to just stop with the gas (Agh)\nYou ain't a baller, your name ain't Lebron\n\n\n[Verse]\nYou ain't a baller, your name ain't Lebron (Nope)\nNiggas looking at T's whip like where did you get them seats from? (Cheese)\nNah nah nah nah nigga, them (them) shits ain't cheap don (Ha)\nMight be in the bus Monday, next day (Skrr Skrr) might pull up in a Jeep, gone\nBut if we pull up in the Jeep it's on (Skrr)\nI'm with Distortion, the heat is on (Ha)\nTouch down in Studes and the beat is on (Mad)\nAfter the first drop I said \"repeat this one\" (Cheese)\nYeah (yeah) it's deep this one\nSpliff got rolled, bars on fold\nYeah its peak this one, Mad\n\n\n[Chrous]\nYou ain't never been a trap star\nAnd you're never gone be one\nNever had a fast car\nAnd you're never gonna see one\nThese niggas just act (Agh!)\nYou ain't even had P don\nYou need to just stop with the gas (Ahh)\nYou ain't a baller, your name ain't Lebron\n\n\n[Verse]\nNah, you ain't a baller, your surname ain't James (LeBron)\nI see them man with the fake watches and chains, them niggas is lames (Lame)\nThey (they) ain't wild animals they're tame (Rrrrrah)\nI'm with your bitch in my whip\nAnd I think she's looking for a quick bit of fame (Woo)\nDidn't take much til we clicked (Nope)\n90 miles away, but she still lands in the ends quite quick (Skrr)\nI said to me boy, her boyfriend must not being giving good dick, fuck this\nShe coming to mine to suck dick (Haha)\nOne fuck and I had her hooked quick\nTold her \"go back to your man, and tell him what you just did\", Bitch\n\n\n[Chrous] x2\nYou ain't never been a trap star\nAnd you're never gone be one\nNever had a fast car\nAnd you're never gonna see one\nThese niggas just act (Agh!)\nYou ain't even had P don\nYou need to just stop with the gas (Ahh)\nYou ain't a baller, your name ain't Lebron", "image": "https://images.genius.com/72a61af77e210049af4423a50e3b4a41.570x570x1.jpg"}], "artist": "Aystar"}