{"songs": [{"title": "Then There Were Two", "album": "Mark Ronson Presents the Music of \u201cSpies in Disguise\u201d - EP", "year": "2019-11-18", "lyrics": "[Intro]\nAnd then there were two\nRight now we have to start somewhere\nHow far to go? I\u2005don't\u2005care\nJust when I\u2005thought you'd leave me blue\nYou come\u2005around outta nowhere\n\n[Verse 1]\nYeah, just when I thought you'd leave me there\nYou came back cool (You came back cool)\nMy company is leaving the minute that you tell me we gotta move\n\n[Pre-Chorus]\n'Cause without you, I'm a sloucher, but with you, I'm ambitious\nSuch a monster when I'm not near you\nBut together we can't stop looking in mirrors\n\n[Chorus]\nRight now we have to start somewhere (Start somewhere)\nHow far to go? I don't care (Baby, I don't care)\nJust when I thought you'd leave me blue (So blue)\nYou come around outta nowhere (Outta nowhere)\nA hundred million people just to smother the mood\nI had to plead to get them all out the room\nBut then there were two\nOoh, yeah, yeah\n\n[Verse 2]\nJust when I thought I'd seen it all, I stand confused\nMy understanding is weak and I been seriously thinking it might be through\n\n[Pre-Chorus]\n'Cause without you, I'm sloucher, but with you, I'm ambitious\nSuch a monster when I'm not near you\nBut together we can't stop looking in mirrors (Yeah)\n\n[Chorus]\nRight now we have to start somewhere (We have to start somewhere)\nHow far to go? I don't care (Baby, I don't care, don't care)\nJust when I thought you'd leave me blue (So blue)\nYou come around outta nowhere (Outta nowhere)\nA hundred million people just to smother the mood\nI had to plead to get them all out the room\nBut then there were two\nOoh, yeah, yeah\n\n[Bridge]\nBig boss, tailor-made garments\nThe only I needed was reason to be cautious\nIf I call it like I see it, then I would say I'm starting to become a decent human being without losing my monster\nI started at the beginning, all that matters is the common ground that we live in and getting this bread like park pigeon\nHow far to go? I never paid attention\nWhen I'm with you, I can complete any big or small mission\n\n[Chorus]\nRight now we have to start somewhere\nHow far to go? I don't care\nJust when I thought you'd leave me blue\nYou come around outta nowhere\nA hundred million people just to smother the mood\nI had to plead to get them all out the room\nBut then there were two", "image": "https://images.genius.com/d7577c216d1ac8de0bc1048eab154d36.1000x1000x1.jpg"}], "artist": "Mark Ronson & Anderson .Paak"}