{"songs": [{"title": "Lay", "album": "Endless Summer", "year": "2019-08-23", "lyrics": "[Chorus]\nWhere are you at, baby, can you come over to me?\nI hate sleepin' alone, I\u2005really\u2005hate sleepin' alone\nWhere\u2005are you at, baby, can you\u2005come over to me?\nI hate sleepin' alone, I really hate sleepin' alone\n\n[Verse 1]\nHey, baby, it's been a while\nSince I seen you, but I'm back in town\nLet's go out tonight, girl, come around\nKnow you wanna go dancin' so let's get down\n\n[Chorus]\nWhere are you at, baby, can you come over to me?\nI hate sleepin' alone, I really hate sleepin' alone\nWhere are you at, baby, can you come over to me?\nI hate sleepin' alone, I really hate sleepin' alone\n\n[Verse 2]\nHey, baby, pick up your phone\nI been tryin' to reach you since I got home\nLet's go out to eat, just for a bite\nAnd if you're down then maybe you should spend the night\n\n[Chorus]\nWhere are you at, baby, can you come over to me?\nI hate sleepin' alone, I really hate sleepin' alone\nWhere are you at, baby, can you come over to me?\nI hate sleepin' alone, I really hate sleepin' alone\n\n[Verse 3]\nNot tryna press the issue\nJust sayin', girl, I miss you\nBeen waitin' to get you here all of this time\nCan't get you off my mind\nUh, so tell me what I gotta do\nI'm tryna get next to you\n\n[Chorus]\nWhere are you at, baby, can you come over to me?\nI hate sleepin' alone, I really hate sleepin' alone\nWhere are you at, baby, can you come over to me?\nI hate sleepin' alone, I really hate sleepin' alone", "image": "https://images.genius.com/54803bb3a0ee9cee076b792725046f45.1000x1000x1.png"}], "artist": "\u200bbLAck pARty"}