{"songs": [{"title": "Pop Trunk", "album": "EMMANUEL", "year": "2019-09-18", "lyrics": "[Verse 1]\nThis my eulogy, dig into the roots of me\nLook into a serpent's eyes, I can\u2005spot\u2005my enemies\nI can\u2005hear a butterfly's wings, you niggas\u2005centipedes\nA den of vipers and thieves, you ain't no friend of me\nI think I'll finally rest when I rest in peace\nAnd may my soul see the gates, lay me down to sleep\nI'm feelin' different, profitin' off my ignorance\nBut may my life be filled with utter decadence\nMy mama and Grandmama, that's black excellence\nMy girl in Air Force One like she the president\nI bang Screw, Pop Trunk outside your residence\nI ain't no boy in a band, I am more than a man\nI got the world in my palm, sittin' right in my hand\nYou know my fist stay clenched, you know my mind been gone\nI think I lost that shit in all that Backwood smoke\nAnd all that Gucci shit\n\n[Chorus]\nI bang Screw, Pop Trunk outside your residence\nI bang Screw, Pop Trunk outside your residence\n\n[Verse 2]\nHavin' thoughts of suicide, but I just be concealin' them\nI been callin' out to God, but I just don't be hearin' him\nI just try to stay alive and navigate my business\nIt's gotta' be like somethin' more than all this we experience\nDelusions and delirium\nI'm fuckin' serious, niggas is in my ear again\nI'm turnin' serial, really, I'm 'bout to kill again\nI'm at the Frenchy's on Scott, I'm like a kid again\n3-piece and some fries, that's what my dinner is\nAround the pistols and rocks, I learned from many men\nCar wash from a fiend\nYou see the blaze and that gleam\nYou see the things that I seen\nYou wouldn't talk so much\nYou wouldn't be worried 'bout me\nAbout the friends that I keep\nAbout that gold that I lost\nAbout that drank on my teeth\nI rather die on my feet than to live on my knees\nThat's why I don't sleep\nKeep a gun, keep the peace\n\n[Chorus]\nI bang Screw, Pop Trunk outside your residence\nI bang Screw, Pop Trunk outside your residence\nI bang Screw, Pop Trunk outside your residence\n\n[Outro: Pimp C & Ameer Vann]\nEvery time we hit the parking lot, we turn heads\nEvery time we hit the parkin' lot, we turn heads\nNiggas try to kill me, but I'm Southside raised\nEvery time we hit the parkin' lot, we turn heads\nNiggas try to kill me, but I'm Southside raised\nEvery time we hit the parkin' lot, we turn heads\nNiggas try to kill me, but I'm Southside raised\nEvery time we hit the parkin' lot, we turn heads\nNiggas try to kill me, but I'm Southside raised\nEvery time we hit the parkin' lot, we turn heads\nNiggas try to kill me, but I'm Southside raised\nEvery time we hit the parkin' lot, we turn heads\nNiggas try to kill me, but I'm Southside raised\nEvery time we hit the parkin' lot, we turn heads\nNiggas try to kill me, but I'm Southside raised\nEvery time we hit the parkin' lot, we turn heads\nNiggas try to kill me, but I'm Southside raised", "image": "https://images.genius.com/1166ca41d40c349d1eca7a115950fca4.939x939x1.jpg"}], "artist": "Ameer Vann"}