{"songs": [{"title": "Perfect Duet", "album": "\u00f7 (Divide)", "year": "2017-12-01", "lyrics": "[Verse 1: Ed Sheeran]\nI found a love for me\nOh darling, just dive right in and follow my lead\nWell, I found a girl, beautiful and sweet\nOh, I never knew you were the someone waitin' for me\n'Cause we were just kids when we fell in love\nNot knowin' what it was\nI will not give you up this time\nBut darling, just kiss me slow, your heart is all I own\nAnd in your eyes, you're holding mine\n\n[Chorus 1: Ed Sheeran]\nBaby, I'm dancing in the dark with you between my arms\nBarefoot on the grass, listening to our favourite song\nWhen you said you looked a mess, I whispered underneath my breath\nBut you heard it, darling, you look perfect tonight\n\n[Verse 2: Beyonc\u00e9]\nWell, I found a man stronger than anyone I know\nHe shares my dreams, I hope that someday we'll share a home\nI found a love to carry more than just my secrets\nTo carry love, to carry children of our own\nWe are still kids, but we're so in love\nFightin' against all odds\nI know we'll be alright this time\nDarling, just hold my hand\nBe your girl, you'll be my man\nAnd I see my future in your eyes\n\n[Chorus 2: Beyonc\u00e9, Ed Sheeran & Both]\nWell, baby, I'm dancing in the dark with you between my arms\nBarefoot on the grass while listening to our favorite song\nWhen I saw you in that dress looking so beautiful\nI don't deserve this, darling, you look perfect tonight\n\n[Instrumental]\n\n[Chorus 3: Beyonc\u00e9, Ed Sheeran & Both]\nBaby, I'm dancing in the dark with you between my arms\nBarefoot on the grass, while listenin' to our favorite song\nI have faith in what I see\nNow I know I have met an angel in person\nAnd she looks perfect, and he looks perfect\nNo, I don't deserve this\nYou look perfect tonight", "image": "https://images.genius.com/d319bb71af2782d6c654389507f21c31.1000x1000x1.jpg"}], "artist": "Ed Sheeran & Beyonce"}