{"songs": [{"title": "My Size", "album": null, "year": "2019-10-17", "lyrics": "(Chrous:)\nDie Die\nWho\u2019s in the twenty doing five five\nHad the best friend telling me she likes\u2005my...\nHad\u2005my left hand\u2005gripping up her right side\nThe right\u2005side\nShe my size\nThe right size x4\n\n(Verse 1: Ambush)\nI'ma arse man but I rate them breasts\nLeg pon chest, she ain't had it like this\nSaid she want more, baby girl say less\nLegs on shake, now she lost her breath\nShe said uh' Boogie ur the best, I tell her say Oh Father una\nBut what we gonna do about ur friend, cos she wanna dance with the darg una\nShe said she down to .... una\nMoving shy, I don't care about ur past una\nI wanna know if we can do what we was there ..... I'll picture you there\n\n(Chrous:)\nDie Die\nWho\u2019s in the twenty doing five five\nHad the best friend telling me she likes my...\nHad my left hand gripping up her right side\nThe right side\nShe my size\nThe right size x4\n\n(Verse 2: Ms Banks)\nHe a breast man but he rate that back\n......Brown skin ting, I got it like that\nFace on beat and you know my shit slaps\nGot the sauce on spill, more drip than a tap\nComing from the trap, really no cap\nDon't know how to act, I ain't into all the chat\nAnd when I'm on top, boy you know I never lack\nBaby you can push up on it, guarantee I'll bring it back\nGotta make it count, cos if ur D game dead then I can't add you to my body count\nHow about we play ... for the night\nDownstairs got a leak, I'ma need you to lay the pipe\nDo it right\n\n(Chrous:)\nDie Die\nWho\u2019s in the twenty doing five five\nHad the best friend telling me she likes my ...\nHad my left hand gripping up her right side\nThe right side\nShe my size\nThe right size x4", "image": "https://images.genius.com/faad9c158e959964c29ead56a241c5c7.1000x1000x1.jpg"}], "artist": "Ambush Buzzworl"}