{"songs": [{"title": "Mad About Bars", "album": null, "year": "2016-10-30", "lyrics": "[Verse 1: Berna]\nMan ah got a couple bangers on my desktop\nShe gave me hatters in the office, call it desk top\nI'm fucking bitches for the fun, I ain't trying to have a son\nBut I'm taking off my clothes if it gets hot\nShe want a CD like a PC\nBut my Floppy Disk won't get hard, so I can't cum\nAnd her fat friend's trying to CB, so I had to send a message out like a BC\nThey better run away now, 'cause the champ's come\nI got them scratching on their scalps, no dandruff\nI got the call on my phone like Sam's in the station, had to throw my Nokia because Sam sung\nI had to bang that snitch for the one time\nThe trap line don't ring like my fraud line\nI'm trying to stack my Ps up, I need more time\nThere's no Skrapz in my hood, we just bang Nines\nFuck with the fam, I'll let 2 fly\nI'm no average Joe, man I do grind\nAC's getting hot, no 16\nPlus man ah fuck with 18s, that's 2 9s\nMan ah love a browing, no dumb sket\nI didn't have to dress up to make her undress\nMan ah got a white ting from Brentwood\nAnd she gonna take the wood after one text\nOne text is all that I need\nTwo chicks in my bed, of course I'm a beat\n3 trips to one girl's crib in a week\nSquares, so you know the whole team's gonna eat\n5 star to the girl that's down on her knees\n6 side, fuck that, there's beef on the free\n7 man rolled up trying to stain for my P\n8 of my dargs ran through 'cause they're on grease\nMan ah grinding for the dough 'til the night's done\nMy enemies like TV, I will Sky One\nIn my hood you get sucked like a hoover\nYou better hand over the P or you'll die, son\nYou better hand over the P before it gets peak\nSee some pussy niggas watching 'cause they envy\nI got some pussy on my line, trying to buck me\nShe don't care about A BC, she just want D\nI bucked your chick, I gave her dick\nNo urinal, I take the piss\nAll my niggas know it's get money\nI hit the belly, feed the clique\nDamn right, Berna's hard\nThey look at me like I'm a God\nYou pussy niggas act like bitches\nCould someone get a tampon?\nMan ah hear this ting and man's zoning\nAnd she don't have to be a bitch to get a boning\nMy white ting goes red when I see her\nBut I still make her legs part, no Moses\nMan am out for the bread, no Hovis\nFuck around and get sliced, no Hovis\nI'm the best in the game, I know this\nMan I'm the best in the game, I shell this, ayy\nI want money overseas\nForeign [?]\nMy niggas selling marijuana\nThat's what I call a money tree\nI hear a lot of niggas talking 'bout their f\nThey owe me Ps, them man are in debt\nWhen I roll up, pussy boy, don't sweat\n'Cuh one punch make his head bounce like a cheque\nI was with a bad B, put my Inches in her Section Swiftly\nEyebrows fleeky, hair all Sleeky, started to scream\nGetting too Deepee, gyal said she need me\nShe want a man like me cuh her boyfriend's moving needy\nMan it's all easy, fuck her three times in the BM\nThat's what a call a 3 series\nGyal want to fuck with a nigga like me\nGyal want to fuck with a real OG\nGyal say I'm taking the piss, I really need to change\nBut I don't really need 2p\nThis fly boy life's too easy, but some fly boys try act greasy\nMan ah make a fly boy so fly, when the 9 spray\nMake a fly boy fly to the moon like ET\nBig boy want to come test me, big batty gyal want neck me\nShe said that she's hungry, I filled her with dick, now her stomach not empty\nNuff man hate on the kid, and I don't even know why they envy\nThey mad 'cause they got no vibes, no wonder them man, they envy\nI'm taking the piss, true say I'm fire alie, get burnt and you're taking the risk\nI'm taking your bitch, true say she don't bang weights, but I'm making the ting dem lift\nI'm taking your watch, pussy boy don't watch face, true say that I'm taking this wrist\nTaking the game, don't blame me for this shit, true say God gave me a gift, it's mad\n\n[Verse 2: Berna]\nI'm trying to blow in this music, but haters, they envy the kid and I know they want to stop me\nI was broke, it's a joke, and they laughed at the kid, but they're pissed now 'cause a nigga got P\nI fell out with my best friend over some dumb shit, deep down I know he's still got me\nAnd you can have gunners like Arsenal but my niggas still buss shots like Henri\nAnd they claim that they're on me, but don't be a dumb guy, don't lose your life for a dumb hype\n'Cause I clocked that this roadman life ain't a joke right after my big bro got knifed\nI was seeking revenge, J jumped in the ride with a skeng\nThat's 25 bells for an opp boy's head, click, clack, man are dead\nSee them boy on road, it was on sight\nGet a man quick, have a nigga in 2 minds when you see the 45 split a man's wig\n'Cause the philosophy behind my criminology is if someone does you wrong then you've got to beef\nI'm hungry so I've got to eat, I've got a voice so I've got to speak\nAnd all the hate don't bother me, I lyrically dead these rappers, and there's nobody here my age that can body me\nI'm way too fire for these neeks, but my heart turned ice 'cause you know what the streets does\nEedyat, you only rap for your hood, you're paying bills on Link Up so you can get a street buzz\nFuck that, I'm trying to run up in MTV, like \"Yo, wah gwan, where your funds at?\"\nIf you want a 16 bar for the [?], best empty your safe and put that in my rucksack\nYeah they scream \"trap\" and they got bank rolls, but you can't buy your marge and your damn home\nHow you screaming you bang f when your eyes closed, when you're blinding life, no blindfold\nI want more than a hood fame, they want to be known in the ends for renting a car, I want to own me a Benz\nIn my CLA, listening to Coldplay, knowing that everything's OK\nSo I get it in, then I get it gone\nMy niggas dem tag along, like a sing song\nI know a couple paigons there got dipped on\nThe beef comes back and forth like ping pong\nIf I'm a target, like my Stonie, you would have missed, don\nYou got a Rolie, why the fuck it go tick tock\nThese man are shit like toilet, you're getting pissed on\nFunny guys, jokeman, I'll call 'em Chris Rock\nI dun said my grind don't stop, I was out here flat broke trying to make Ps on my block\nThe things that we did for the guap, they were downright mad, you would have thought I don't believe in a God\nThe big shhh comes out from the waist, black ting for the opps, you would think it was COD\nMan ah make Ps with the gang on my Jack Jones, you already dun know I pop squares\nBut man don't talk, man don't talk to these punks, man don't talk to these pricks\nRappers dem run, run a man out of his socks, run a man out of his kicks\nComing for the game, man I've got a hitlist, just like Nike everybody getting ticked\nFuck that shit, put me in a booth with some Riz, I will smoke man pure, no chip\nAnd them just chat, them just chat on the net, them just chat bare shit\nMan ah got plans, man are trying to buy me a house move my marj [?] out to the sticks\nMan ah got gyal, man ah got gyal in South, she my PYG, no stigs, if you shoot don't miss\nOnce I'm sitting on the throne then you can't take me down from this shit\nAnd I'm not joking, put me on the mic and it's roasting\nSpitting with these toxic flows, I'll dissolve your clothes like solvents\nI'm a be the man in your town, I'll invade your cities like Trojans\nAyy wait, hold on, what's my man smoking?\nHe said he's better than me, rude boy, your loud must be potent\nAy, yo, bring me in with your plug\nMan ah really out for the grub, I came from the dirt like mud\nYou don't know about the things that we've done\nYou don't know about the things that we've seen\nIt's made me the man I've become\nPut me in a room with the beat, swear down, everybody get spun\nSomeone just spiked my drink with the red pill 'cause I'm the one\nWhat\nIt's Berna", "image": "https://images.genius.com/5e56b4b7a96c6288ce5637fc51de0a20.538x420x1.png"}], "artist": "Berna"}