{"songs": [{"title": "Lately", "album": "BBYSHOE", "year": null, "lyrics": "[Chorus]:\nLately I been thinking \u2018bout a bag, no laundry\nLately I been making bitches mad, niggas want me\nI was in a rush I had to fuck him in his two seat\nWe be on the hush, it ain\u2019t a secret that he can\u2019t keep\nLately I been all about my paper, no loose leaf\nLately I been putting pressure on 'em, bitches know me\nI was in a rush I had to fuck him in his two seat\nWe be on the hush, it ain\u2019t a secret that he can\u2019t keep\n\n[Verse 1 - bbymutha]:\nCan\u2019t keep, these niggas can\u2019t keep up with a bitch like me\nThese bitches can't figure out that i am not they enemy\nBeefing with your mutha just like beefing with yourself\nI be giving bitches knowledge they just put me on the shelf\nFree game, oh you mad, huh?\nYou was missing out cause you was plotting on my bag, huh?\nYou was suckin dick for clout and i was simply suckin dick for paper, play or pleasure\nAnd you wonder why you looking like a lesser, do the work, bitch\nBlame it on whatever but I really do the work, bitch\nSlow and steady wins the race so pop another perc, bitch\nYou don\u2019t wanna see me it\u2019s a pistol in my skirt, bitch\nI'll never belong to you forever, i'm too clever, hoe\nIt\u2019s levels to my loving, I can't give you more for less\nWhen we matching I ain\u2019t talking kicks, I\u2019m talking bout a check\nI can\u2019t boss these niggas up no mo\u2019 I\u2019m pressure on they necks\nI ain\u2019t tryna live in vain and I ain\u2019t tryna die in debt, bitch\n\n[Chorus]:\nLately I been thinking \u2018bout a bag no laundry\nLately I been making bitches mad, niggas want me\nI was in a rush I had to fuck him in his two seat\nWe be on the hush, it ain\u2019t a secret that he can\u2019t keep\nLately I been all about my paper, no loose leaf\nLately I been putting pressure on 'em bitches, know me\nI was in a rush I had to fuck him in his two seat\nWe be on the hush, it ain\u2019t a secret that he can\u2019t keep\n\n[Verse 2 - Rico Nasty]:\nLately I been feeling like my money too long\nI can\u2019t break it down \u2018cause the weed too strong\nShe hate on my music but she still sing along\nI bet that bitch gon\u2019 diss me in her new hit song\nIf you hating on me, please, go get a job\nI been stunting on \u2018em hard - don\u2019t need a cause\nThese bitches be watching me just like a hawk\nIf it ain\u2019t money coming out ya mouth, you shouldn\u2019t even talk\n\n[Chorus]:\nLately I been thinking \u2018bout a bag no luggage\nLately I been making bitches mad niggas want me\nI was in a rush I had to fuck him in this two seat\nWe be on the hush, it ain\u2019t a secret that he can\u2019t keep\nLately I been all about my paper, no loose leaf\nLately I been putting pressure on 'em bitches, know me\nI was in a rush I had to fuck him in this two seat\nWe be on the hush, it ain\u2019t a secret that he can\u2019t keep", "image": "https://images.genius.com/e75414b8dfc22ae66b2b35a693b7be94.1000x1000x1.jpg"}], "artist": "\u200bbbymutha"}