{"songs": [{"title": "Red Lips", "album": null, "year": "2015-07-10", "lyrics": "Chorus:\nShe had sexy red lips\nShe was moving them hips\nThis ones for little miss\nWhen you kiss me there you know you make me tingle\n\nVerse 1\nMami was on the floor looking promiscuous\nI said I wanna taste she showed me what delicious is\nI wanna little bit of her, she wants a bit of me\nLet's get together and see what we can make of this\nKeep teasing me please & baby pucker up\nI keep my cool I'm I'm\nNo fool no need for cover up\nWe're both fussy but tonight we're getting touchy\nIf a kiss could seal the deal then I should count myself lucky\n\nHook:\nI got what you want\nHey boy lets get it on\nI know it won't be long\nBefore I got you wrapped around my little finger\n[x2]\n\nChorus:\n\nShe had sexy red lips\nShe was moving them hips\nThis ones for little miss\nWhen you kiss me there you know you make me tingle\n\nVerse 2\nMami knows what' she's doing try not to ruin me\nI don't speak French but I can french kiss fluently\nShe loves wearing designer that Louis V\nShoes with a matching bag, it all fits beautifully\nShe's not snappy, knows how to keep me happy\nShe can cheer me up even when the days crappy\nSo keep doing what you do, like nobodies watching you\nPut your hands on me\n\nHook:\nI got what you want\nHey boy lets get it on\nI know it won't be long\nBefore I got you wrapped around my little finger\n[x2]\nChorus:\nShe had sexy red lips\nShe was moving them hips\nThis ones for little miss\nWhen you kiss me there you know you make me tingle", "image": "https://images.rapgenius.com/9d5ef3b11f2069f7a9fbb6ad3252e659.600x600x1.jpg"}], "artist": "Aggro Santos"}