{"songs": [{"title": "Public School", "album": null, "year": "2018-03-01", "lyrics": "[Pre-Verse]\nI be on the\nWEST WING, double parked and hanging out the 5%/\nFIVE FOUR, starting arguments soon as the flight come in/\nStarting 5 pull up, she caught with my shooters you know she rides the bench/\nWhoa, I hope that's not ya bitch, common sense come in and stop\n\n[Hook]\nShe saw me pull out prints, Ain't tell me pull out since\nMy OG pulled out Benz, Youngbull ain't pull out since\nI let them pull out rent, Spent on they whole outfit\nBut I got mouths to feed, I got mouths to feed/\nI got the I got the I got the\n\n\n[Verse]\nSo many things on the table I need to relax \u2014 My niggas eating though/\nSo many shooters in that booth be boomin on tracks \u2014 Not when we linking though/\nUber on E, Gas Lamp Zone/\nIn The Mall Deep, Half Them Broke/\nFreak that came across the map bent over/\nScream my name until her accent gone/\nI got it in right, riot incite when i'm in sight/\nBeen tight, got the pen striped before the pin stripes/\nDon't get in your feelings when you hear me yelling \"Fuck You\"\nIt's not an insult it's an invite/\nCall ya bluff, Shawty puff, random niggas love to call me \"Bruh\"/\nLA women love the way I talk, I just think these bitches talk too much/\nI\u2019m 30,000 Up! (Goddamn!) heard we popping now her shirt keep popping up/\n30 bodies in, they out of it. Hit 30 county's they been wilding since/\nMy compressed complexion on complexes, and got a compilation list of more accomplishments/\nIf XXL don't get me on their scholar list then columbine, them niggas get their column bent/\nShit, ask Lil Debbie where the downers went, it's still a couple stuffed in plain bags on the low though/\nSmuggled smuts from TeCate on the road that could suck a fucking name tag off of Joe Blow/\nOHHH SHITTT!\nStuff the rubber pack, bust another lap, bust a nut and nap/\nHustled up from packs. Shuffled up to tracks, fuck it run it back/\n\n\n[Hook]\nShe saw me pull out prints, Ain't tell me pull out since\nMy OG pulled out Benz, Youngbull ain't pull out since\nI let them pull out rent, Spent on they whole outfit\nBut I got mouths to feed, I got mouths to feed/\nSHUT THE FUCK UP!\n\n\n[Verse]\nI came up. trapping drugs & tools front your public school/\nThe game done changed, I been a humble dude, I just don't fuck with you/\nI rush that cuz that hit the club in boost, they're like my running shoes/\nI cut through cuz in lines that's dumb confused, Like \"Who The Fuck Are You?/\nTHAT\u2019S BLANCO, take a picture 'fore them niggas rob you for your phone and wallet/\nIN A HOT ZONE, froze account and while my mom convinced that i'm enrolled in college/\nI got colleges bumping, balances jumping\nThousands of dollars in Cali on nothing/\nModel chick ripping my clothes to pieces\nBio still say she my stylists or something/\nI don't even fucking ask no more. Buncha bitches out the Oddysey, trynna see/\nWhich one to claim when they asking bull & which one i'ma claim on my tax report/\nIt's a hella pool to pick, I been mailing you the Brick/\nTell em every verse dope, You can smell it through the zip/\nPlaying felon with the talents, Ain't available for shit/\nWhat the tenement and internet ain't tell em who it is/\nI'm the future baby, Deuce a raised me, They don't make em like they used to baby/\nMore clumsy than them dudes she used to dating, drop her dumb ass at the blue street station/\nOops Se Daisy\n2-3 balling, 2 seats off with 2,3 yawning/\nGroupies who \"don't usually party\" changed her mind as soon/\n\n\n[Hook] (2x)\nShe saw me pull out prints, Ain't tell me pull out since/\nMy OG pulled out Benz, Youngbull ain't pull out since/\nI let them pull out rent, Spent on they whole outfit/\nBut I got mouths to feed, I got mouths to feed/\nI got mouths to feed, I got mouths to feed/", "image": "https://images.genius.com/51eb8e406249044bb91810b9c619017a.1000x1000x1.jpg"}], "artist": "Armani White"}