{"songs": [{"title": "Bad Directions", "album": null, "year": "2018-07-20", "lyrics": "[Intro]\nI'm on an Island right now\nYeah Yeah Yeah\nYeah Yeah Aye Aye Aye\n\n[Chorus: Thank Jordan]\nWhere do we go from here\nYou shit on all my love\nWhere do we go from here\nI tried all the drugs\nWhere do we go from here (yeah yeah)\nWhere do we go from here (yeah yeah)\n\n[Verse 1: Thank Jordan]\nI tried xanny, I tried roxy, I tried perky\nI swear that none of this shit is working\nI wake up up in the morning hurting\nI be in the car I be lurking\nTrying to find him\nEvery since he caught my rebound\nI'm trying to line him\nI be thinking violent, I'm all out my character\nLoosing my religion, plus he trying to marry her (whoa)\nHow this shit move so fast\nDamn I fucked up (yeah)\nKnow your blessings when you get em if you luck up (yeah)\nI was tweaking played the goofy\nShould of cuffed her\nI put lust above her\nNow I got to suffer\n\n\n[Chorus: Thank Jordan]\nWhere do we go from here\nYou shit on all my love\nWhere do we go from here\nI tried all the drugs\nWhere do we go from here (yeah yeah)\nWhere do we go from here (yeah yeah)\n\n[Verse 2: Thank Jordan]\nI'm living life like Hugh Hefner\nCan't love these hoes, cus I ain't got none left (now_\nThe pain run deep like a well (yeah)\nHow ironic life's good but I ain't well (yeah)\nI met a couple beckys tonight (aye)\nThey know me they just trying to have a good night (aye)\nAnd I'm just trying to have a good time\nLiving in the lime, Living in the lime light (aye)\nWhatever that mean\nEvery time I pop out they be at me\nI take them down in hopes that that make me happy\nCheap love, Cheap Liquor wake up feeling crappy\n\n\n[Chorus: Thank Jordan]\nWhere do we go from here\nYou shit on all my love\nWhere do we go from here\nI tried all the drugs\nWhere do we go from here (yeah yeah)\nWhere do we go from here (yeah yeah)", "image": "https://images.genius.com/00c11e2a85d778a2ce6bb83f7306125d.1000x750x1.jpg"}], "artist": "Thank Jordan"}