{"songs": [{"title": "Step to Me", "album": "80% ", "year": "2019-07-11", "lyrics": "Aw man imagine if I was actually trying I\u2019d actually be such a legend\n\nWoah\n\nEverybody gonna talk\nEverybody gonna say shit (say shit)\nYou ain\u2019t gotta listen\nAin\u2019t nobody gonna talk\nAin\u2019t nobody gonna step to me unless\nThey got a reason\n\nEverybody gonna talk\nEverybody gonna say shit (say shit)\nYou ain\u2019t gotta listen\nAin\u2019t nobody gonna talk\nAin\u2019t nobody gonna step to me unless\nThey got a reason\n\nEverybody gonna talk\nEverybody gonna say shit (say shit)\nYou ain\u2019t gotta listen\nAin\u2019t nobody gonna talk\nAin\u2019t nobody gonna step to me unless\nThey got a reason\n\nEverybody gonna talk\nEverybody gonna say shit (say shit)\nYou ain\u2019t gotta listen\nAin\u2019t nobody gonna talk\nAin\u2019t nobody gonna step to me unless\nThey got a reason\n\nOkay\nCapture the moment\nFlash take a pic yeah\nYou don\u2019t gotta hold it\nTalking bout your breath, yeah you look fine\nYeah show us your teeth come on give us smile\nWoah\nDon\u2019t worry bout the he said, she said\nJust bout yourself and just bout your own health\nTake your own advice every once in a while\nJust listen to your mind and you\u2019ll be fine\nYeah your one to talk yeah\nClaimin that you don\u2019t care don\u2019t give a\nWe all know that your mind is lacking\nCause you\u2019re attacking me for some practice (practice)\nI don\u2019t mean to be rude\nWhat do you get does it make you feel good (feel good!)\nDon\u2019t listen to them\nAnd just focus on yourself\nYeah keep your mouth shut\nTry be your own man (maaan!)\n\nEverybody gonna talk\nEverybody gonna say shit (say shit)\nYou ain\u2019t gotta listen\nAin\u2019t nobody gonna talk\nAin\u2019t nobody gonna step to me unless\nThey got a reason\n\nEverybody gonna talk\nEverybody gonna say shit (say shit)\nYou ain\u2019t gotta listen\nAin\u2019t nobody gonna talk\nAin\u2019t nobody gonna step to me unless\nThey got a reason\n\nEverybody gonna talk\nEverybody gonna say shit (say shit)\nYou ain\u2019t gotta listen\nAin\u2019t nobody gonna talk\nAin\u2019t nobody gonna step to me unless\nThey got a reason\n\nEverybody gonna talk\nEverybody gonna say shit (say shit)\nYou ain\u2019t gotta listen\nAin\u2019t nobody gonna talk\nAin\u2019t nobody gonna step to me unless\nThey got a reason\n\nI hope you don\u2019t have one\nI try my best to be nice and even\nEverybody should be equal\nThat\u2019s fair\nTreat people nice or mean if you dare\nYou can deal with the outcome\nAct sequential got consequences yes I could tell ya\nI can see behind the light through my eyes\nI\u2019m burned alive by words from time to time\nPeople look back but always act forward\nI don\u2019t know why but thought I should warn you\nKeep your eyes peeled and keep your eyes wide shut\nWatch your back and keep all your friends close\nCause that\u2019s the way it should be\nAnd I think you agree\nYeah this for instance is the politics of the world we live in\nSo mind your own business\n\nEverybody gonna talk\nEverybody gonna say shit (say shit)\nYou don\u2019t gotta listen\nAin\u2019t nobody gonna talk\nAin\u2019t nobody gonna step to me unless\nThey got a reason\n\nEverybody gonna talk\nEverybody gonna say shit (say shit)\nYou don\u2019t gotta listen\nAin\u2019t nobody gonna talk\nAin\u2019t nobody gonna step to me unless\nThey got a reason\n\nEverybody gonna talk\nEverybody gonna say shit (say shit)\nYou don\u2019t gotta listen\nAin\u2019t nobody gonna talk\nAin\u2019t nobody gonna step to me unless\nThey got a reason\n\nEverybody gonna talk\nEverybody gonna say shit (say shit)\nYou don\u2019t gotta listen\nAin\u2019t nobody gonna talk\nAin\u2019t nobody gonna step to me unless\nThey got a reason\n\nEverybody gonna talk\nEverybody gonna say shit (say shit)\nYou ain\u2019t gotta listen (yeeaaah)\nAin\u2019t nobody gonna talk\nAin\u2019t nobody gonna step to me unless\nThey got a reason (reason?)\n\nEverybody gonna talk (hey)\nEverybody gonna say shit (say shit)\nYou ain\u2019t gotta listen (listen)\nAin\u2019t nobody gonna talk\nAin\u2019t nobody gonna step to me unless (everybody 1,2)\nThey got a reason", "image": "https://images.genius.com/de63e50f19f50020971cf8b1e818c448.1000x1000x1.jpg"}], "artist": "Alex Gough"}