{"songs": [{"title": "Poison", "album": "Poison", "year": "1990-02-24", "lyrics": "[Intro]\n[Michael Bivins]\nYeah, Spyderman and Freeze in full effect\n[Ronnie DeVoe]\nUh-huh\n[Ricky Bell]\nYou ready, Ron?\n[DeVoe]\nI'm ready\n[Bell]\nYou ready, Biv?\n[Bivins]\nI'm ready, Slick, are you?\n[Bell]\nOh, yeah, break it down\n\n[Verse One]\n[Bivins]\nGirl, I, must (warn you)\nI sense something strange in my mind\n\n[Devoe]\nSituation is (serious)\nLet's cure it cause we're running out of time\n\n[Bell]\nIt's oh, so (beautiful)\nRelationships they seem from the start\nIt's all so (deadly)\nWhen love is not together from the heart\n\n[Hook - Ricky Bell]\nIt's drivin' me out of my mind!\nThat's why it's HARD for me to find\nCan't get it out of my head!\nMiss her, kiss her, love her\n(Wrong move you're dead!)\n\n[Hook]\nThat girl is (poison)...\nNever trust a big butt and smile\nThat girl is (poison)..\n(\"POISON!!\")\n\n[Verse Two]\n[Bivins]\n[If I were you I'd take pre-]\n(-caution)\nBefore I start to meet a fly girl, you know?\n\n[Devoe]\nCause in some (portions)\nYou'll think she's the best thing in the world\n\n[Bell]\nShe's so - (fly)\nShe'll drive you right out of your mind\nAnd steal your heart when you're blind\nBeware she's schemin', she'll make you think you're dreamin'\nYOU'LL fall in love and you'll be screamin', demon, HOO..\n\n[Ronnie Devoe - Rap Verse 1]\nPoison, deadly, movin' in slow\nLookin for a mellow fellow like DeVoe\nGettin paid, laid, so better lay low\nSchemin on house, money, and the whole show\nThe low pro ho she'll be cut like an aaa-FRO\nSee what you're sayin', huh, she's a winner to you\nBut I know she's a loser (How do you know?)\nMe and the crew used to do her!\n\n[Bridge: all]\n\n\"POISON!\"\n\"POISON!\"\n\"POISON!\"\n\"POISON!\"\n\"POISON!\"\n\"POISON!\"\n\"POISON!\"\n\"POISON!\n\"POISON!\"\n\"POISON!\"\n\"POISON!\"\n\"POISON!\n\"POISON!\"\n\"POISON!\"\n\"POISON!\"\n\"POISON!\n\n\n[Michael Bivins]\nI was at the park, shake, breakin and takin 'em all\nAnd that night, I played the wall\nCheckin' out the fellas, the highs and lows\nKeepin' one eye open, still clockin' the hoes\nThere was one particular girl that stood out from the rest\nPoison as can be, the high power chest\nMichael Biv here and I'm runnin' the show\nBell, Biv DeVoe [Ronnie laughs]\n..now you know!\nYo, Slick, blow..\n\n[Hook]\nIt's drivin' me out of my mind!\nThat's why it's HARD for me to find\nCan't get it out of my head!\nMiss her, kiss her, love her\n(Wrong move you're dead!)\n\n[Hook]\nThat girl is (poison)...\nNever trust a big butt and smile\nThat girl is (poison)..\n(\"POISON!!\")\n\n\n[B.B.D. adlibs]\nYo' fellas, that was my end of..\nYou know what I'm sayin', Mike?\nYeah, B.B.D. in full effect\nYo', wassup to Ralph T and Johnny G\nAnd I can't forget about my boy, B. Brown\nAnd the whole NE crew\n\nPoison..\n[Bell harmonies]", "image": "https://images.genius.com/1c4b7079dcf62b5a837177eb112f6d71.600x600x1.jpg"}], "artist": "Bell Biv DeVoe"}