{"songs": [{"title": "Good to Be Home", "album": null, "year": "2018-10-03", "lyrics": "[Hook: Barney Artist]\nI\u2019ve been seeing where these peeps are really from\nWe keeping the vibe alive we shining just till we hear the song\nAnd hands up if you rep your home\nAnd hands up if you rep your home\nHands up if you rep your home\nAnd hands up if you rep your home\n\n[Verse 1: Barney Artist]\nI\u2019m from the Eastside of the city\nWhere things are known to go down\nSpit a round with my lyrics\nI\u2019m hitting it from the ground\nLet me pound\nBarney Artist rep that Eastside B\nForest Gate is the ends and it\u2019s inside me\nStreet by street\nLet the bars invigorate your flow\nWhen I spit it from the road\nThey\u2019re yelling \u201cBarney let\u2019s go\u201d\nLet me flow\nSpitting my zone\nBarney repping my home\nNever lone\nI\u2019m keeping the fire pass me the coal\nLife's a journey so making friends is the best vibe\nHome is somewhere where you\u2019re spending the best time, oh\nAlways chilling with my G's\nIn the East\nGrab a falafel try eating peace\nLet me speak what I see, uh\nSee what I speak\nWhen I'm breathing on beats\nKeep my cypher complete, uh\nEastside is where I call home\nCome to ends fam I\u2019ll show you where I roam\n\n[Chorus: Tom Misch]\nI kinda miss the days when we would roam\nParkside caf\u00e9 stores, then back to mine\nAlmost every time\nWhat a sweet, sweet day to roam\nGolden undertones\nOh, it\u2019s good to be home\nOh, it\u2019s good to be home\nMmm\n\n\n\n[Hook: Barney Artist]\nI\u2019ve been seeing where these peeps are really from\nWe keeping the vibe alive we shining just till we hear the song\nAnd hands up if you rep your home\nAnd hands up if you rep your home\nHands up if you rep your home\nAnd hands up if you rep your home\n\n[Verse 2: Loyle Carner]\nUh, yeah\nYo, I would show you how I live\nUh, if I wasn't sat outside the crib (for fuck\u2019s sake)\nI left my keys and my misses by the fridge\nBut no joke I be penning this lyric by the bridge\nUh, that's how it is\nYo, It's like I live a double life\nI'm feeling like I'm 40\nKids and a troubled wife\nThey wake up by the side\nWonder what the day becomes\nI dance between my big mothers and my baby ones\nI used to play in slums\nNow I gotta pay the sums\nThree different cribs and ain't got time just to stay in one\nI hope this payment comes\nSo I can change the radiator for the neighbor's one\nAnd maybe get the glazing done\nI'm young\nBut you can see what I'm becoming\nBeen the mouth of the south ever since I was a youngin'\nUh I need a place to call my own\nFor the days that I'm alone\nBut like the beat yo\nI just keep running\n\n[Chorus: Tom Misch]\nI kinda miss the days when we would roll\nParkside caf\u00e9 stores, then back to mine\nAlmost every time\nWhat a sweet, sweet day to roam\nGolden undertones\nOh, it\u2019s good to be home\nOh, it\u2019s good to be home\nMmm\n\n[Hook: Barney Artist]\nI\u2019ve been seeing where these peeps are really from\nWe keeping the vibe alive we shining just till we hear the song\nAnd hands up if you rep your home\nAnd hands up if you rep your home\nHands up if you rep your home\nAnd hands up if you rep your home\n\n[Verse 3: Rebel Kleff]\nCheck\nFor me home is just a place where all the traveling stops\nA place to rest, lay in my nest before I\u2019m hatching the plot\nSeems easy but it\u2019s actually not\nIt\u2019s hard to function when the time zone\u2019s dropping like a Jack-in-the-box\nNot the trials and tribulations of an average job\nBut more rewarding\nTour\u2019s exhausting but it\u2019s important\nSo I\u2019m all in\nAnd if home is truly where the heart is\nThen my heart\u2019s a moving target\n\u2018Cause I be daily departing\nAnd I could write a book about the cities I\u2019m seeing\nBut I\u2019ll be forever keeping London city supreme\nThough I never pay attention to the postcode walls\nBarely at home to check the post no more\nAlways on the move\nI\u2019m on the mission to deliver what they ask for\nLooking at the past through the stickers on my passport\nCircle the Earth for whatever it\u2019s worth\nBy representing to the death of me the place I was birthed forever\n\n[Chorus: Tom Misch]\nI kinda miss the days when we would roll\nParkside caf\u00e9 stores, then back to mine\nAlmost every time\nWhat a sweet, sweet day to roam\nGolden undertones\nOh, it\u2019s good to be home", "image": "https://images.genius.com/0b75e69efb197f5c8f05e8d822edeada.1000x1000x1.jpg"}], "artist": "Barney Artist"}