{"songs": [{"title": "Ride Or Die", "album": null, "year": null, "lyrics": "[Hook: Deno]\nYou look fly to me\nWould you ride for me?\nWould you die for me?\nI just wanna know, I just wanna know\nBaby girl, I got you like that\nIf you got me, I got you right back\nMy ride or die, die, die, die\nMy ride or die, die, die\n\n[Verse 1: AJ]\nUh, step through the scene looking A1\nRemove a couple layers looking Trey Songz\nNo Netflix and chill, she just wanna play songs\nWhile I'm tryna make her kneel like Armstrong\nShe had a better liquor, but she don't wine\nShe independent like she unsigned\nLost for word, but she taking control and\nShe ain't gotta explain 'cause she too fly\nShe in her exes, something that I'm missing\nParanoid, thinking she got competition\nShe got parental moves, she explicit\nPhotogenic 'cause she's always taking pictures\nNow she's always on my case, now its bugging me\nAnd she a freak, so she always making love to me\nAnd she can never go a day without text\nSo I gotta invest some time to give her company\n\n[Hook: Deno]\nYou look fly to me\nWould you ride for me?\nWould you die for me?\nI just wanna know, I just wanna know\nBaby girl, I got you like that\nIf you got me, I got you right back\nMy ride or die, die, die, die\nMy ride or die, die, die\n\n[Verse 2: AJ]\nAre you the type of girl to ride or die for me?\nNot die for a ride from me\nAre you the type of girl to take my life from me?\nNo flat-line line from me\nBecause I need her more than saint\nBut a night time sinner\nJealousy's a sin, so I sin when I'm in her\nRead between the lines because her lines are getting thicker\nShe can be my queen B, every thing here is jigga\n\n[Bridge: Deno]\nI just wanna know, yeah\nHow you think that this is gonna be?\nI just wanna know, yeah\nIs this really where you wanna be?\nYou're my girl and I wanna know why\nI can't trust you?\nYou once resigned from me\nOn me\n\n[Hook: Deno]\nYou look fly to me\nWould you ride for me?\nWould you die for me?\nI just wanna know, I just wanna know\nBaby girl, I got you like that\nIf you got me, I got you right back\nMy ride or die, die, die, die\nMy ride or die, die, die\nYou look fly to me\nWould you ride for me?\nWould you die for me?\nI just wanna know, I just wanna know\nBaby girl, I got you like that\nIf you got me, I got you right back\nMy ride or die, die, die, die\nMy ride or die, die, die\n\n[Outro: Deno & AJ]\nOh, ooh-oh, oh-oh-oh, oh, ooh-oh, oh-oh-oh\nOh, ooh-oh, ride or die, die, die\nUh, step through the scene looking A1\nRemove a couple layers looking Trey Songz\nNo Netflix and chill, she just\nRide or die, die, die", "image": "https://images.genius.com/07962f10ee54b97eee56fff7a4d9e409.500x500x1.jpg"}], "artist": "AJ x Deno"}