{"songs": [{"title": "Perry Aye", "album": "Cozy Tapes, Vol. 2: Too Cozy", "year": "2017-08-25", "lyrics": "[Intro: Jaden Smith]\nPyroman\nHey, wait, come again\nWait, hey, uh\n\n[Chorus: Jaden Smith]\nMe and Rocky sippin' sake up in Paris\nEating calamari\nMe and Carti at a party with some shawties\nSay what's up to Bari, ayy\nVandalizing your Ferrari, am I hating?\nNo, I roll with Cartier\nSippin' Dom P\u00e9rignon\nWhole squad's on Perrier\n\n[Verse 1: ASAP Rocky]\nOut in Paris like I'm Perry Ellis\nParisian people love parasailing\nParallel park the 911\nParisian stones, fuck yo VVSes\nUnited Kingdom with the French connection\nFrench kissin' and Parisian sexin'\nFrench girls, French fries\nFrench toast, French Goyard er'ry day\n\n[Chorus: Jaden Smith]\nMe and Rocky sippin' sake up in Paris\nEating calamari\nMe and Carti at a party with some shawties\nSay what's up to Bari, ayy\nVandalizing your Ferrari, am I hating?\nNo, I roll with Cartier\nSippin' Dom Perignon\nWhole squad's on Perrier\n\n[Verse 2: Playboi Carti]\nYeah, yeah, yeah, ooh\nRocking that tee with a V\nFucking that bitch out the T and the V, ooh\nDucking the T-M the Z, ooh\nFashion week bitch overseas, ooh\nFucking my team for the week, ya\nFucking my team with no fee, ya\nFucking my team for the free, ya\nAyy, ayy, yeah\n\n[Verse 3: A$AP Nast]\nFuck bein' humble\nLittle bitch, I'm from the jungle, ayy (Word)\nHaters talk down but every time they do\nThey always fucking mumble (Word, word)\nLil nigga, when you talkin' to a boss\nWatch how you're talkin' (Word)\nCause I got some niggas that pull up right now\nAnd put you in a coffin (Blrrt buck bow!)\nYeah, put 'em in a coffin\nI ain't playin' with these niggas, uh\nNasty back and I'm bossin' (boss)\n\n[Chorus: Jaden Smith]\nMe and Rocky sippin' sake up in Paris\nEating calamari\nMe and Carti at a party with some shawties\nSay what's up to Bari, ayy\nVandalizing your Ferrari, am I hating?\nNo, I roll with Cartier\nSippin' Dom P\u00e9rignon\nWhole squad's on Perrier", "image": "https://images.genius.com/2495230df7bb9f606633eb839e1dfa73.1000x1000x1.jpg"}], "artist": "A$AP Mob"}