{"songs": [{"title": "Money in the Bank", "album": "4Milli", "year": "2017-10-11", "lyrics": "[Intro]\nMoney in the bank now\nMoney in the bank now\nDo doo do do do do\nDo do do doo do do do\n\n[Chorus]\nYea\nMoney in the bank now (hah) *cha ching*\nMoney in the bank now\nDo doo do do do do\nDo do do doo do do do\n\n[Verse 1]\nLocked up 'cause a nigga didn't tell\nReal niggas never took the deal like Chappelle\nWarden tripping 'cause I treat the jail like a hotel\nMy celly tripping 'cause I got a cellie in my cell (cellie)\nRinging like a telethon\nLike a marathon\nFirst single got me banned from America\nI need to call up Farrakhan\nWhen they let me through I swear it's on (ya, ya)\n\n[Pre-Hook]\nThis ain't old money this that new new (moneyyy)\nImma catch you niggas when I choose to\nSliding down your block just to shoot you\nLike do doo do do do do\n\n[Chorus]\nYea\nMoney in the bank now (hah) *cha ching*\nMoney in the bank now\nDo doo do do do do\nDo do do doo do do do\n\n[Verse 2]\nBah, bah, woo, yea\nGive me the pack (yea)\nYou know I'm moving dat\nNever turn my back I ain't with all of that\nI go do a hit and then start walking back (bow, bow)\nDon't live far away from where I dropped him at\nBut I got a zipper where my 9 goes\nMy lawyer and the judge are playing 9 holes (woo, woo)\nGot some new chains just to stun you haters\nBakaveli, I want all the paper (woo, woo)\n\n[Pre-Hook]\nThis ain't old money this that new new (moneyyy)\nImma catch you niggas when I choose to\nSliding down your block just to shoot youuu (bow, bow)\nLike do doo do do do do (woo)\n\n[Chorus]\nYea\nMoney in the bank now (hah) *cha ching*\nMoney in the bank now\nDo doo do do do do\nDo do do doo do do do\nYea\nYea\nMoney in the bank now (hah)\nMoney in the bank now\nDo doo do do do do\nDo do do doo do do do\n\n[Outro]\nWoo\n\n*Beat continues*", "image": "https://images.genius.com/f41ab84517590718c9ed550d5f0ed879.1000x1000x1.jpg"}], "artist": "Baka Not Nice"}