{"songs": [{"title": "No One", "album": "As I Am", "year": "2007-09-11", "lyrics": "[Verse 1]\nI just want you close\nWhere you can stay forever\nYou can be sure\nThat it will only get better\n\n[Pre-Chorus]\nYou and me together\nThrough the days and nights\nI don't worry 'cause\nEverything's going to be alright\nPeople keep talking, they can say what they like\nBut all I know is everything's gonna be alright\n\n[Chorus]\nNo one, no one, no one\nCan get in the way of what I'm feelin'\nNo one, no one, no one\nCan get in the way of what I feel for you, you, you\nCan get in the way of what I feel for you\n\n[Verse 2]\nWhen the rain is pouring down\nAnd my heart is hurting\nYou will always be around\nThis I know for certain\n\n[Pre-Chorus]\nYou and me together\nThrough the days and nights\nI don't worry 'cause\nEverything's going to be alright\nPeople keep talking, they can say what they like\nBut all I know is everything's gonna be alright\n\n[Chorus]\nNo one, no one, no one\nCan get in the way of what I'm feelin'\nNo one, no one, no one\nCan get in the way of what I feel for you, you, you\nCan get in the way of what I feel\n\n[Bridge]\nI know some people search the world\nTo find something like what we have\nI know people will try, try to divide, something so real\nSo till the end of time, I'm telling you there ain't no one\n\n[Chorus]\nNo one, no one\nCan get in the way of what I'm feelin'\nNo one, no one, no one\nCan get in the way of what I feel for you\n\n[Outro]\nOh, oh oh oh, oh oh oh, oh oh oh oh oh oh oh oh oh oh\nOh, oh oh oh, oh oh oh, oh oh oh oh oh oh oh oh oh oh", "image": "https://images.genius.com/0cc22e90ce61284431143af2b4886cfa.1000x1000x1.png"}], "artist": "Alicia Keys"}