{"songs": [{"title": "Deep", "album": "Level II", "year": null, "lyrics": "Let me go deep, deep, deep, deep (Yeah, yeah, yeah\nYeah, yeah)\nWanna go deep, deep, deep, deep (Let me go deep, girl, oh)\nLet me go deep (Deep), deep (Oh), deep (Yeah), deep\n(Oh, yeah, baby, feels so good)\n'Cause I'm goin' deep (Deep), deep, deep (Oh), deep\n(Wanna go deep, Teddy sing)\n\nDon't you know sky is the limit\nI'mma keep on reachin'\nSo much love to give\nSo won't you come and get it\nBring your body, undressed and yearnin'\nGot the candles burnin', baby I'm determined\nLet me go downtown, damn I wanna have it\nLick around and pat it, your kidney sayin' stab it\nYou know I'm gonna answer your request\nI'ma work it with finesse till the mornin'\n\nLet me go deep, deep (Deep), deep, deep\nI wanna break you down all night (Break it down, go)\nWanna go deep (Deep), deep (Deep), deep (Oh, yeah)\nDeep\nLet me make your body quiver just right (Just right)\n\nLet me go deep, deep (Oh), deep (Yeah), deep\nJust tell me how you like this time (Tell me how you\nLike it)\n'Cause I'm goin' deep (Deep), deep (Deep), deep (Deep\nDeep, deep, deep, yeah)\nInside your body, your body (Oh)\n\nWe'll do it in the shower (Yeah) for about an hour\n(Oh)\nMove over to the counter and bang you out (Scream my\nName)\nWe're not close to endingg (No), it is just beginning\n(Oh, yeah)\nWe're stretchin' out the episode (Oh), let me do it\nOne more time\n\nDown, down, even lower, pick you up over my shoulders\nRide you like a roller coaster, ooh, you're so wet\nThat just made me more excited, girl, you got my fire lighted\nSince you tried it, I'm gonna shock you, go\n\nLet me go deep, deep, deep, deep\nI'm gonna break you down all night\nWanna go deep (Deep), deep (So deep), deep (Oh), deep\nMake your body quiver just right (Just right)\n\nLet me go deep, deep (Deep), deep (Deep), deep (Yeah, yeah)\nTell me how you it done (Tell me how you like it)\n'Cause I'm goin' deep (Deep), deep (Deep), deep (Ooh), deep\nTell me how you like it\n\nSky is the limit (Oh), I don't wanna end it (No)\nI just wanna go on (On and on and on, yeah)\nYou got my head spinnin' (Spinnin'), the way my body's\nTwistin' (Twistin')\nGive it to me, baby boy, oh...\n\nLet me go deep, deep {Deep}, deep {Oh...}, deep\nJust give it to me, girl, give it to me, girl\nWanna go deep, deep, deep, deep\nI'm gonna make your body quiver just right\n\nLet me go deep, deep, deep {So deep}, deep (So deep, oh...)\nTell me how you like, tell me how you like\n'Cause I'm goin' deep, deep, deep (Oh...oh...), deep\n(Oh)\nSo baby, baby, baby, come on\n\nLet me go deep (Come on), deep {Come on}, deep (Come\nOn), deep {Come on}\n(Come on) {Come on} (Oh...ho....ho...ho...)\n'Cause I'm goin' deep, deep, deep, deep\nOh, baby, baby {Oh, baby, baby} (I like that)", "image": "https://images.genius.com/369f747ee53429905bcd81fa13925f0b.640x635x1.jpg"}], "artist": "Blackstreet"}