{"songs": [{"title": "No Hook", "album": null, "year": "2017-04-27", "lyrics": "[Intro: Bis & Producer Tag]\nSparta', HS\nMKThePlug\nFuckery\nAy, Mobz, that sounds wavy\nDonny, sweets gon\u2019 fly out the shotty\nFam I gotta smash this dotty\nFuckery\nOpposition come like Wally\nFam, I gotta find this donny\nSmarkz and Miz, my donnies\nSweets gon\u2019 fly out the shotty\nParty in the trap and I'm vexed\nFam (Fam), I gotta smash this thotty\n\n[Verse 1: MizOrMac & Bis]\nListen (Ay, what?)\nLove ding dong whip with King Kong in\nNo ping pong shit, man finish (Finish)\nYou don't know how MizMac living\nBackroad, kidnaps and dippings (Dippings)\nAll of my Gs are missing;\nSome on the run and some are in prison\nI\u2019m trapped in the system\nGuns and kitchens\nMan get round for my siblings\nHe was my friend from years\nBut he's from there, soon he a victim (Soon)\nWhat you know about skengs on missions? (What you know?)\nLeft hand on the back of the ped\nRight hand on the skeng, big man, I ain\u2019t kidding\nAnd jump out gang man did that\nSee a best man, leave you like pigeons\nAmm come fatter than Griffin (Griffin)\nOne love to my cousin siblings (Love)\nI\u2019m trapped in the trap with kittens\nGwop, the poor condition of women (It's mad)\nI\u2019m peddling packs, some popular Mac\nUna I gotta trap with the kitchen\nIn Kenny with Bis, anyone slip\nI\u2019ll show why his face is hidden (Come on)\nForget opps, fuck cops\nThey\u2019re the ones got me pissing\nRaindrops, gunshots\nOn tops where I\u2019m living (Living on tops)\nBodies drop, lights off\nReal life got him snitching (Pricks)\nRaindrops, gunshots\nOn tops where I\u2019m living (Gang)\n\n[Verse 2: Blanco]\nMitsubishi (Skrr, skrr, skrr)\nFive double-O CC\nEyes everywhere like Kai Supreme\nDark Africano thing\nChocolate skin, she was Tanzanese (Peng)\nShe got a little white on her face\nNo foreplay and it weren't whipped cream (No)\nThem man take my style and words\nHow the flow came with the receipt\nI was in the wagon with GG\nPlaying out rave CDs\nPolice stopped like LAPD\nThings on me be a meth and T\nRamsey only paid thirty\nYou can have it all cah the shankings free\nCrash each yute, repeat\nThen link bro by borough high street\nI was in the trap with T\nHungry thief, I\u2019ll take man\u2019s Ps (Tek' it)\nSpartans taking man\u2019s beanie\nShe said she never liked that neek (Don't)\nIn the lab like Dexter, too\nYou ain\u2019t ever knew that I was with D (Aydee)\nTwo with the K for BP\nMoney on the road, free TG (Free 'em)\nTY ST and DT (Free 'em)\nSplashed got phone and 3 Gs\nTold \u2018em M Slop it\u2019s freaky\nWe put the M in meanies\nDouble M, misch-mash\nWe need these\nDouble M, misch-mash\nIt\u2019s easy\nAll friends like Joey and Phoebe\n\n[Verse 3: Bis]\nFuckery (Fucking hell)\nOpposition come like Wally\nFam I gotta find this donny (Where's he at?)\nSmarkz and Meegz my donnies\nSweets gon\u2019 fly out the shotty (Shotty, shotty)\nParty in the trap and I\u2019m vex\nFam, fam I gotta smash this dotty\nWheels on the pedal going round and round\nPaigons pricks get found and drowned\nRude and dead\nMust\u2019ve been drunk and vex\nK Trap, whip out the peng\nWhen I\u2019m in the trap with friends\nShe thinks I\u2019m doing up sex (GG)\nI was in the trap with Gary (Gary)\nHe was tryna tell a gyal about me (Why?)\nBagged on my bro for free (Uh)\nDo it for my bro on me (On me, come on)\nI don\u2019t wanna trap about lean\nI\u2019m tryna put the trap on fleek\nTrue, it\u2019s tricks or cheese\nThey say we treat beef like wars\nStepped to your block in 3s\nAydee Mizzy and more\nRound there\u2019s Bellz and Zeeks\nKennington bop their piece\nFour door come, no skeet\nBack that one then beat\nAre you taking the piss it\u2019s Bis\nEat cunch like Chris\nNow your G splashed\nMight wing and back\nMy guys baking the Arkham lan\nLoski coming like Tommy Devito\nThat guy was rude and bad\nHad man looking confused\nThat\u2019s six man hop out a four-door wag (Wagon)", "image": "https://images.genius.com/e188b2e7a619aa57ad7a3efa3eb012e1.640x640x1.jpg"}], "artist": "Harlem Spartans"}