{"songs": [{"title": "Pancakes & Syrup", "album": "Yo Gabba Gabba! Music Is... Awesome! Vol. 4", "year": "2012-12-11", "lyrics": "It's breakfast time!\nPancakes and syrup, pancakes and syrup, pancakes and syrup, it's breakfast time! (x2)\nY'all know me, I biz with the beat guaranteed to rock out just like the E. Leave the M-A-R-K-I-E ain't know why there's a ZAY-Y-P. Every time I rock from here to Europe, you know I be makin' pancakes an syrup. Yup, uh-huh, I rub my tummy, yum-yum-yum -yum-yum-yum-yummy!\nRefrain\nEat 'em up, eat 'em up, eat 'em up, yum yum yum yum yum yum yum, eat 'em up . Eat 'em up, eat 'em up eat 'em up, yum, yum eat 'em up eat 'em up\nYum, pancakes, pancakes syrup! Yum yum eat 'em up eat 'em up eat 'em up. Yum pancakes, pancakes syrup, eeeeeeeat 'em up\nRefrain\nHey, what's that y'all doin'?! That's it right there, I ain't wanna hear nothin'!", "image": "https://images.genius.com/a63feb7c7284cbb89a77efea118d52aa.599x600x1.jpg"}], "artist": "Biz Markie"}