{"songs": [{"title": "Up Late", "album": "Shea Butter Baby", "year": "2019-04-30", "lyrics": "[Intro]\nOh, ooh, oh\nMmm\nAyy, yeah\n\n[Verse 1]\nOn all night\nQuarter five\nI be insane if I let you hit\nI need you\nShould be here\nFor my regretful morning\n\n[Chorus]\nUp late again\nHead on my chest, hand on my ass\nUp late again\nBack it up on you, breathing fast\nOh, up late again, yeah\nTell me, how is it when I back it up there, it up there?\n\n[Verse 2]\nMake your way to North Hollywood\nTarget lingerie\nKissing your lips dipped in Backwood tips\nI been crushing on you\nWe can fake watch the news, if you like it\n\n[Chorus]\nUp late again\nHead on my chest, hand on my ass\nUp late again\nBack it up on you, breathing fast\nUp late again\nTell me, how is it when I back it up there, it up there?\n\n[Verse 3]\nHow you gon' act?\nOoh you fuckin' snack\nFifth floor, give your ass a duplicate fob, nigga\nFifth floor, devour that body like corn on a cob, nigga\nFifth floor, neighbors must be questionin' my job, nigga\nI see that you torn, I see you adorn me\nYou know what I want\nI see that you're torn\nI see you adorn me\nI see you adorn (Oh, adorn)\n\n[Chorus]\nUp late again\nHead on my chest, hand on my ass\nUp late again\nBack it up on you, breathing fast\nOh, up late\nHow is it when I back it there, it there?\n\n[Outro]\nFifth floor, give your ass a duplicate fob, nigga\nFifth floor, devour that body like corn on a cob, nigga\nFifth floor, neighbors must be questionin' my job, nigga\nFive a.m., could you stay a little longer?", "image": "https://images.genius.com/4c67972b02240d56b034487551b66ac0.1000x1000x1.jpg"}], "artist": "Ari Lennox"}