{"songs": [{"title": "Only One", "album": null, "year": "2017-10-30", "lyrics": "[Chorus]\nYou the only one I give my drugs to (yeah)\nYou the only one I give my love to (yeah)\nYou the one I kiss and I give hugs to (wha)\nYou the one I fuck and I make love to (yeah)\nYou the only one I give my drugs to (yeah)\nYou the only one I give my love to (yeah)\nYou the one I kiss and I give hugs to (wha)\nYou the one I fuck and I make love to (yeah)\n\n[Verse 1]\nShe don\u2019t fuck around with the fuck arounds\nShe gon' lose her mind when I come in town\nThat\u2019s my lil baby. I don\u2019t play around\nIf it's 'bout shorty, yeah, it's goin' down\n\n[Pre-Chorus]\nShe don\u2019t even know what it cost, yeah (yeah)\nTo be with me and kick it with boss, yeah (yeah)\nBad lil bitch she a star, yeah (yeah)\nAll these other hoes ain't up to par, yeah (yeah)\n\n[Chorus]\nYou the only one I give my drugs to (yeah)\nYou the only one I give my love to (yeah)\nYou the one I kiss and I give hugs to (wha)\nYou the one I fuck and I make love to (yeah)\nYou the only one I give my drugs to (yeah)\nYou the only one I give my love to (yeah)\nYou the one I kiss and I give hugs to (wha)\nYou the one I fuck and I make love to (yeah)\n\n[Verse 2]\nShe don\u2019t fuck around with the fuck arounds\nCops come around, she hold the gun down\nIf they ask about me, she don\u2019t make a sound\nShe the one I call when it something down\n\n[Pre-Chorus]\nShe don\u2019t even know what it cost, yeah (yeah)\nTo be with me and kick it with boss, yeah (yeah)\nBad lil bitch she a star, yeah (yeah)\nAll these other hoes ain't up to par, yeah (yeah)\n\n[Chorus]\nYou the only one I give my drugs to (yeah)\nYou the only one I give my love to (yeah)\nYou the one I kiss and I give hugs to (wha)\nYou the one I fuck and I make love to (yeah)\nYou the only one I give my drugs to (yeah)\nYou the only one I give my love to (yeah)\nYou the one I kiss and I give hugs to (wha)\nYou the one I fuck and I make love to (yeah)", "image": "https://images.genius.com/896b78ad700bae5cc1093e77a47e1e0e.400x400x1.jpg"}], "artist": "5AM"}