{"songs": [{"title": "Chicken Fried Rice", "album": "Wasted Talent", "year": "2018-03-30", "lyrics": "[Intro: 5AM]\nHit me on the FaceTime, you know I don't waste time\nGood for you, you know I make time\nHit me on the FaceTime, you know I don't waste time\nGood for you, you know I make time\nHit me on the FaceTime\n\n[Verse 1: Jim Jones]\nToo much Chanel in the closet\nTripped on a red bottom, damn near fell in the closet, I make hella deposits\nShe got it all, just bought the new Bentley truck\nBut the one she want was at the west coast lab so I had the dealer go and send it up, I'm a\nReal nigga, that's my bitch, I'ma deal with her\nPark up then spark up and do nasty shit behind the wheel with her\nWe like two and the same, so we can do a few things\nHop on a jet, me you and your crew on a plane\nOr hit the block at the Chinese store, get you lo mein\nGet the iced tea, and I promise girl, drive you insane\nWhat you know about chopped cheeses?\nDouble park with my top off, with the hot sauce in my drop V like\n\n[Chorus: Trav & 5AM]\nShe come from a city where it's full of bright lights\nNever been to the trenches where it's chicken fried rice\nNever been with a hitter that just live a hard life\nShe come from a city where it's full of bright lights\n(Hit me on the FaceTime)\nNever been in the trenches eatin' chicken fried rice\n(Hit me on the FaceTime)\nShe come from a city where she livin' hard\n\n[Verse 2: Yo Gotti]\nShe fell in love with a trapper (Gotti), then I turned rapper (okay)\nShawty give me handful of heart, ain't gotta ask her (love)\nPut pistols in her name for me\nStart actin' different, she like you changed homie\nShawty keep a nigga on his game homie (facts)\nShe said fuck a ring, she just want my word\nOnly animal she care for me is birds (brrrt)\nOnly secrets that I kept from her was quiet (shh)\nIf them people come I know she down to ride\nHood nigga with a hood bitch plus we hood rich (I am)\nGo and wrap the Ghost pink and purple for my hood bitch\nYou and your bitch rock matching outfits, we got matching forties\nYeah I be with a lot of bitches but I fuck with shawty\n\n[Chorus: Trav & 5AM]\nShe come from a city where it's full of bright lights\nNever been to the trenches where it's chicken fried rice\nNever been with a hitter that just live a hard life\nShe come from a city where it's full of bright lights\n(Hit me on the FaceTime)\nNever been in the trenches eatin' chicken fried rice\n(Hit me on the FaceTime)\nShe come from a city where she livin' hard, yeah\n\n[Outro]\nSonny: So you must be pretty upset after the Yankees lost\nYoung Calogero: Bill Mazeroski, I hate him. He made Mickey Mantle cry. The paper said the Mick cried\nSonny: Mickey Mantle? That's what you're upset about? Mantle makes a hundred thousand dollars a year. How much does your father make?\nYoung Calogero: I don't know\nSonny: You don't know? Well see if your father can't pay the rent, go ask Mickey Mantle and see what what he tells you. Mickey Mantle don't care about you, so why should you care about him? Nobody cares!", "image": "https://images.genius.com/0835c2707ebf3bf10b79f5a8c836cf0a.607x607x1.jpg"}], "artist": "Jim Jones"}